$date
	Sun Jun 28 17:49:22 2026
$end
$version
	Icarus Verilog
$end
$timescale
	1ps
$end
$scope module tb_quadratureDecoder $end
$var wire 6 ! led [5:0] $end
$var reg 1 " quad_a $end
$var reg 1 # quad_b $end
$var reg 1 $ sys_clk $end
$var reg 1 % sys_rst_n $end
$scope module dut $end
$var wire 5 & led [4:0] $end
$var wire 1 " quad_a $end
$var wire 1 # quad_b $end
$var wire 1 $ sys_clk $end
$var wire 1 % sys_rst_n $end
$var reg 5 ' positionCounter [4:0] $end
$var reg 1 ( quadA_sync0 $end
$var reg 1 ) quadA_sync1 $end
$var reg 1 * quadB_sync0 $end
$var reg 1 + quadB_sync1 $end
$var reg 2 , quadState [1:0] $end
$var reg 2 - quadStatePrev [1:0] $end
$upscope $end
$scope task stepQuadrature $end
$var reg 1 . a $end
$var reg 1 / b $end
$upscope $end
$upscope $end
$enddefinitions $end
$comment Show the parameter values. $end
$dumpall
$end
#0
$dumpvars
x/
x.
b0 -
b0 ,
0+
0*
0)
0(
b0 '
b11111 &
0%
0$
0#
0"
b11111 !
$end
#18518
1$
#37036
0$
#55554
1$
#74072
0$
#92590
1$
#111108
0$
#129626
1$
#148144
0$
#166662
1$
#185180
0$
#200000
1#
1/
0.
1%
#203698
1*
1$
#222216
0$
#240734
1+
1$
#259252
0$
#277770
b1 ,
1$
#296288
0$
#314806
b11110 !
b11110 &
b1 '
b1 -
1$
#333324
0$
#351842
1$
#370360
0$
#388878
1$
#407396
0$
#425914
1$
#444432
0$
#462950
1$
#481468
0$
#499986
1$
#518504
0$
#537022
1$
#555540
0$
#574058
1$
#592576
0$
#611094
1$
#629612
0$
#648130
1$
#666648
0$
#685166
1$
#703684
0$
#722202
1$
#740720
0$
#759238
1$
#777756
0$
#796274
1$
#814792
0$
#833310
1$
#851828
0$
#870346
1$
#888864
0$
#907382
1$
#925900
0$
#944418
1$
#962936
0$
#981454
1$
#999972
0$
#1018490
1$
#1037008
0$
#1055526
1$
#1074044
0$
#1092562
1$
#1111080
0$
#1129598
1$
#1148116
0$
#1166634
1$
#1185152
0$
#1203670
1$
#1222188
0$
#1240706
1$
#1259224
0$
#1277742
1$
#1296260
0$
#1314778
1$
#1333296
0$
#1351814
1$
#1370332
0$
#1388850
1$
#1407368
0$
#1425886
1$
#1444404
0$
#1462922
1$
#1481440
0$
#1499958
1$
#1518476
0$
#1536994
1$
#1555512
0$
#1574030
1$
#1592548
0$
#1611066
1$
#1629584
0$
#1648102
1$
#1666620
0$
#1685138
1$
#1703656
0$
#1722174
1$
#1740692
0$
#1759210
1$
#1777728
0$
#1796246
1$
#1814764
0$
#1833282
1$
#1851800
0$
#1870318
1$
#1888836
0$
#1907354
1$
#1925872
0$
#1944390
1$
#1962908
0$
#1981426
1$
#1999944
0$
#2018462
1$
#2036980
0$
#2055498
1$
#2074016
0$
#2092534
1$
#2111052
0$
#2129570
1$
#2148088
0$
#2166606
1$
#2185124
0$
#2203642
1$
#2222160
0$
#2240678
1$
#2259196
0$
#2277714
1$
#2296232
0$
#2314750
1$
#2333268
0$
#2351786
1$
#2370304
0$
#2388822
1$
#2407340
0$
#2425858
1$
#2444376
0$
#2462894
1$
#2481412
0$
#2499930
1$
#2518448
0$
#2536966
1$
#2555484
0$
#2574002
1$
#2592520
0$
#2611038
1$
#2629556
0$
#2648074
1$
#2666592
0$
#2685110
1$
#2703628
0$
#2722146
1$
#2740664
0$
#2759182
1$
#2777700
0$
#2796218
1$
#2814736
0$
#2833254
1$
#2851772
0$
#2870290
1$
#2888808
0$
#2907326
1$
#2925844
0$
#2944362
1$
#2962880
0$
#2981398
1$
#2999916
0$
#3018434
1$
#3036952
0$
#3055470
1$
#3073988
0$
#3092506
1$
#3111024
0$
#3129542
1$
#3148060
0$
#3166578
1$
#3185096
0$
#3203614
1$
#3222132
0$
#3240650
1$
#3259168
0$
#3277686
1$
#3296204
0$
#3314722
1$
#3333240
0$
#3351758
1$
#3370276
0$
#3388794
1$
#3407312
0$
#3425830
1$
#3444348
0$
#3462866
1$
#3481384
0$
#3499902
1$
#3518420
0$
#3536938
1$
#3555456
0$
#3573974
1$
#3592492
0$
#3611010
1$
#3629528
0$
#3648046
1$
#3666564
0$
#3685082
1$
#3703600
0$
#3722118
1$
#3740636
0$
#3759154
1$
#3777672
0$
#3796190
1$
#3814708
0$
#3833226
1$
#3851744
0$
#3870262
1$
#3888780
0$
#3907298
1$
#3925816
0$
#3944334
1$
#3962852
0$
#3981370
1$
#3999888
0$
#4018406
1$
#4036924
0$
#4055442
1$
#4073960
0$
#4092478
1$
#4110996
0$
#4129514
1$
#4148032
0$
#4166550
1$
#4185068
0$
#4203586
1$
#4222104
0$
#4240622
1$
#4259140
0$
#4277658
1$
#4296176
0$
#4314694
1$
#4333212
0$
#4351730
1$
#4370248
0$
#4388766
1$
#4407284
0$
#4425802
1$
#4444320
0$
#4462838
1$
#4481356
0$
#4499874
1$
#4518392
0$
#4536910
1$
#4555428
0$
#4573946
1$
#4592464
0$
#4610982
1$
#4629500
0$
#4648018
1$
#4666536
0$
#4685054
1$
#4703572
0$
#4722090
1$
#4740608
0$
#4759126
1$
#4777644
0$
#4796162
1$
#4814680
0$
#4833198
1$
#4851716
0$
#4870234
1$
#4888752
0$
#4907270
1$
#4925788
0$
#4944306
1$
#4962824
0$
#4981342
1$
#4999860
0$
#5018378
1$
#5036896
0$
#5055414
1$
#5073932
0$
#5092450
1$
#5110968
0$
#5129486
1$
#5148004
0$
#5166522
1$
#5185040
0$
#5203558
1$
#5222076
0$
#5240594
1$
#5259112
0$
#5277630
1$
#5296148
0$
#5314666
1$
#5333184
0$
#5351702
1$
#5370220
0$
#5388738
1$
#5407256
0$
#5425774
1$
#5444292
0$
#5462810
1$
#5481328
0$
#5499846
1$
#5518364
0$
#5536882
1$
#5555400
0$
#5573918
1$
#5592436
0$
#5610954
1$
#5629472
0$
#5647990
1$
#5666508
0$
#5685026
1$
#5703544
0$
#5722062
1$
#5740580
0$
#5759098
1$
#5777616
0$
#5796134
1$
#5814652
0$
#5833170
1$
#5851688
0$
#5870206
1$
#5888724
0$
#5907242
1$
#5925760
0$
#5944278
1$
#5962796
0$
#5981314
1$
#5999832
0$
#6018350
1$
#6036868
0$
#6055386
1$
#6073904
0$
#6092422
1$
#6110940
0$
#6129458
1$
#6147976
0$
#6166494
1$
#6185012
0$
#6203530
1$
#6222048
0$
#6240566
1$
#6259084
0$
#6277602
1$
#6296120
0$
#6314638
1$
#6333156
0$
#6351674
1$
#6370192
0$
#6388710
1$
#6407228
0$
#6425746
1$
#6444264
0$
#6462782
1$
#6481300
0$
#6499818
1$
#6518336
0$
#6536854
1$
#6555372
0$
#6573890
1$
#6592408
0$
#6610926
1$
#6629444
0$
#6647962
1$
#6666480
0$
#6684998
1$
#6703516
0$
#6722034
1$
#6740552
0$
#6759070
1$
#6777588
0$
#6796106
1$
#6814624
0$
#6833142
1$
#6851660
0$
#6870178
1$
#6888696
0$
#6907214
1$
#6925732
0$
#6944250
1$
#6962768
0$
#6981286
1$
#6999804
0$
#7018322
1$
#7036840
0$
#7055358
1$
#7073876
0$
#7092394
1$
#7110912
0$
#7129430
1$
#7147948
0$
#7166466
1$
#7184984
0$
#7203502
1$
#7222020
0$
#7240538
1$
#7259056
0$
#7277574
1$
#7296092
0$
#7314610
1$
#7333128
0$
#7351646
1$
#7370164
0$
#7388682
1$
#7407200
0$
#7425718
1$
#7444236
0$
#7462754
1$
#7481272
0$
#7499790
1$
#7518308
0$
#7536826
1$
#7555344
0$
#7573862
1$
#7592380
0$
#7610898
1$
#7629416
0$
#7647934
1$
#7666452
0$
#7684970
1$
#7703488
0$
#7722006
1$
#7740524
0$
#7759042
1$
#7777560
0$
#7796078
1$
#7814596
0$
#7833114
1$
#7851632
0$
#7870150
1$
#7888668
0$
#7907186
1$
#7925704
0$
#7944222
1$
#7962740
0$
#7981258
1$
#7999776
0$
#8018294
1$
#8036812
0$
#8055330
1$
#8073848
0$
#8092366
1$
#8110884
0$
#8129402
1$
#8147920
0$
#8166438
1$
#8184956
0$
#8203474
1$
#8221992
0$
#8240510
1$
#8259028
0$
#8277546
1$
#8296064
0$
#8314582
1$
#8333100
0$
#8351618
1$
#8370136
0$
#8388654
1$
#8407172
0$
#8425690
1$
#8444208
0$
#8462726
1$
#8481244
0$
#8499762
1$
#8518280
0$
#8536798
1$
#8555316
0$
#8573834
1$
#8592352
0$
#8610870
1$
#8629388
0$
#8647906
1$
#8666424
0$
#8684942
1$
#8703460
0$
#8721978
1$
#8740496
0$
#8759014
1$
#8777532
0$
#8796050
1$
#8814568
0$
#8833086
1$
#8851604
0$
#8870122
1$
#8888640
0$
#8907158
1$
#8925676
0$
#8944194
1$
#8962712
0$
#8981230
1$
#8999748
0$
#9018266
1$
#9036784
0$
#9055302
1$
#9073820
0$
#9092338
1$
#9110856
0$
#9129374
1$
#9147892
0$
#9166410
1$
#9184928
0$
#9203446
1$
#9221964
0$
#9240482
1$
#9259000
0$
#9277518
1$
#9296036
0$
#9314554
1$
#9333072
0$
#9351590
1$
#9370108
0$
#9388626
1$
#9407144
0$
#9425662
1$
#9444180
0$
#9462698
1$
#9481216
0$
#9499734
1$
#9518252
0$
#9536770
1$
#9555288
0$
#9573806
1$
#9592324
0$
#9610842
1$
#9629360
0$
#9647878
1$
#9666396
0$
#9684914
1$
#9703432
0$
#9721950
1$
#9740468
0$
#9758986
1$
#9777504
0$
#9796022
1$
#9814540
0$
#9833058
1$
#9851576
0$
#9870094
1$
#9888612
0$
#9907130
1$
#9925648
0$
#9944166
1$
#9962684
0$
#9981202
1$
#9999720
0$
#10018238
1$
#10036756
0$
#10055274
1$
#10073792
0$
#10092310
1$
#10110828
0$
#10129346
1$
#10147864
0$
#10166382
1$
#10184900
0$
#10200000
1"
1.
#10203418
1(
1$
#10221936
0$
#10240454
1)
1$
#10258972
0$
#10277490
b11 ,
1$
#10296008
0$
#10314526
b11101 !
b11101 &
b10 '
b11 -
1$
#10333044
0$
#10351562
1$
#10370080
0$
#10388598
1$
#10407116
0$
#10425634
1$
#10444152
0$
#10462670
1$
#10481188
0$
#10499706
1$
#10518224
0$
#10536742
1$
#10555260
0$
#10573778
1$
#10592296
0$
#10610814
1$
#10629332
0$
#10647850
1$
#10666368
0$
#10684886
1$
#10703404
0$
#10721922
1$
#10740440
0$
#10758958
1$
#10777476
0$
#10795994
1$
#10814512
0$
#10833030
1$
#10851548
0$
#10870066
1$
#10888584
0$
#10907102
1$
#10925620
0$
#10944138
1$
#10962656
0$
#10981174
1$
#10999692
0$
#11018210
1$
#11036728
0$
#11055246
1$
#11073764
0$
#11092282
1$
#11110800
0$
#11129318
1$
#11147836
0$
#11166354
1$
#11184872
0$
#11203390
1$
#11221908
0$
#11240426
1$
#11258944
0$
#11277462
1$
#11295980
0$
#11314498
1$
#11333016
0$
#11351534
1$
#11370052
0$
#11388570
1$
#11407088
0$
#11425606
1$
#11444124
0$
#11462642
1$
#11481160
0$
#11499678
1$
#11518196
0$
#11536714
1$
#11555232
0$
#11573750
1$
#11592268
0$
#11610786
1$
#11629304
0$
#11647822
1$
#11666340
0$
#11684858
1$
#11703376
0$
#11721894
1$
#11740412
0$
#11758930
1$
#11777448
0$
#11795966
1$
#11814484
0$
#11833002
1$
#11851520
0$
#11870038
1$
#11888556
0$
#11907074
1$
#11925592
0$
#11944110
1$
#11962628
0$
#11981146
1$
#11999664
0$
#12018182
1$
#12036700
0$
#12055218
1$
#12073736
0$
#12092254
1$
#12110772
0$
#12129290
1$
#12147808
0$
#12166326
1$
#12184844
0$
#12203362
1$
#12221880
0$
#12240398
1$
#12258916
0$
#12277434
1$
#12295952
0$
#12314470
1$
#12332988
0$
#12351506
1$
#12370024
0$
#12388542
1$
#12407060
0$
#12425578
1$
#12444096
0$
#12462614
1$
#12481132
0$
#12499650
1$
#12518168
0$
#12536686
1$
#12555204
0$
#12573722
1$
#12592240
0$
#12610758
1$
#12629276
0$
#12647794
1$
#12666312
0$
#12684830
1$
#12703348
0$
#12721866
1$
#12740384
0$
#12758902
1$
#12777420
0$
#12795938
1$
#12814456
0$
#12832974
1$
#12851492
0$
#12870010
1$
#12888528
0$
#12907046
1$
#12925564
0$
#12944082
1$
#12962600
0$
#12981118
1$
#12999636
0$
#13018154
1$
#13036672
0$
#13055190
1$
#13073708
0$
#13092226
1$
#13110744
0$
#13129262
1$
#13147780
0$
#13166298
1$
#13184816
0$
#13203334
1$
#13221852
0$
#13240370
1$
#13258888
0$
#13277406
1$
#13295924
0$
#13314442
1$
#13332960
0$
#13351478
1$
#13369996
0$
#13388514
1$
#13407032
0$
#13425550
1$
#13444068
0$
#13462586
1$
#13481104
0$
#13499622
1$
#13518140
0$
#13536658
1$
#13555176
0$
#13573694
1$
#13592212
0$
#13610730
1$
#13629248
0$
#13647766
1$
#13666284
0$
#13684802
1$
#13703320
0$
#13721838
1$
#13740356
0$
#13758874
1$
#13777392
0$
#13795910
1$
#13814428
0$
#13832946
1$
#13851464
0$
#13869982
1$
#13888500
0$
#13907018
1$
#13925536
0$
#13944054
1$
#13962572
0$
#13981090
1$
#13999608
0$
#14018126
1$
#14036644
0$
#14055162
1$
#14073680
0$
#14092198
1$
#14110716
0$
#14129234
1$
#14147752
0$
#14166270
1$
#14184788
0$
#14203306
1$
#14221824
0$
#14240342
1$
#14258860
0$
#14277378
1$
#14295896
0$
#14314414
1$
#14332932
0$
#14351450
1$
#14369968
0$
#14388486
1$
#14407004
0$
#14425522
1$
#14444040
0$
#14462558
1$
#14481076
0$
#14499594
1$
#14518112
0$
#14536630
1$
#14555148
0$
#14573666
1$
#14592184
0$
#14610702
1$
#14629220
0$
#14647738
1$
#14666256
0$
#14684774
1$
#14703292
0$
#14721810
1$
#14740328
0$
#14758846
1$
#14777364
0$
#14795882
1$
#14814400
0$
#14832918
1$
#14851436
0$
#14869954
1$
#14888472
0$
#14906990
1$
#14925508
0$
#14944026
1$
#14962544
0$
#14981062
1$
#14999580
0$
#15018098
1$
#15036616
0$
#15055134
1$
#15073652
0$
#15092170
1$
#15110688
0$
#15129206
1$
#15147724
0$
#15166242
1$
#15184760
0$
#15203278
1$
#15221796
0$
#15240314
1$
#15258832
0$
#15277350
1$
#15295868
0$
#15314386
1$
#15332904
0$
#15351422
1$
#15369940
0$
#15388458
1$
#15406976
0$
#15425494
1$
#15444012
0$
#15462530
1$
#15481048
0$
#15499566
1$
#15518084
0$
#15536602
1$
#15555120
0$
#15573638
1$
#15592156
0$
#15610674
1$
#15629192
0$
#15647710
1$
#15666228
0$
#15684746
1$
#15703264
0$
#15721782
1$
#15740300
0$
#15758818
1$
#15777336
0$
#15795854
1$
#15814372
0$
#15832890
1$
#15851408
0$
#15869926
1$
#15888444
0$
#15906962
1$
#15925480
0$
#15943998
1$
#15962516
0$
#15981034
1$
#15999552
0$
#16018070
1$
#16036588
0$
#16055106
1$
#16073624
0$
#16092142
1$
#16110660
0$
#16129178
1$
#16147696
0$
#16166214
1$
#16184732
0$
#16203250
1$
#16221768
0$
#16240286
1$
#16258804
0$
#16277322
1$
#16295840
0$
#16314358
1$
#16332876
0$
#16351394
1$
#16369912
0$
#16388430
1$
#16406948
0$
#16425466
1$
#16443984
0$
#16462502
1$
#16481020
0$
#16499538
1$
#16518056
0$
#16536574
1$
#16555092
0$
#16573610
1$
#16592128
0$
#16610646
1$
#16629164
0$
#16647682
1$
#16666200
0$
#16684718
1$
#16703236
0$
#16721754
1$
#16740272
0$
#16758790
1$
#16777308
0$
#16795826
1$
#16814344
0$
#16832862
1$
#16851380
0$
#16869898
1$
#16888416
0$
#16906934
1$
#16925452
0$
#16943970
1$
#16962488
0$
#16981006
1$
#16999524
0$
#17018042
1$
#17036560
0$
#17055078
1$
#17073596
0$
#17092114
1$
#17110632
0$
#17129150
1$
#17147668
0$
#17166186
1$
#17184704
0$
#17203222
1$
#17221740
0$
#17240258
1$
#17258776
0$
#17277294
1$
#17295812
0$
#17314330
1$
#17332848
0$
#17351366
1$
#17369884
0$
#17388402
1$
#17406920
0$
#17425438
1$
#17443956
0$
#17462474
1$
#17480992
0$
#17499510
1$
#17518028
0$
#17536546
1$
#17555064
0$
#17573582
1$
#17592100
0$
#17610618
1$
#17629136
0$
#17647654
1$
#17666172
0$
#17684690
1$
#17703208
0$
#17721726
1$
#17740244
0$
#17758762
1$
#17777280
0$
#17795798
1$
#17814316
0$
#17832834
1$
#17851352
0$
#17869870
1$
#17888388
0$
#17906906
1$
#17925424
0$
#17943942
1$
#17962460
0$
#17980978
1$
#17999496
0$
#18018014
1$
#18036532
0$
#18055050
1$
#18073568
0$
#18092086
1$
#18110604
0$
#18129122
1$
#18147640
0$
#18166158
1$
#18184676
0$
#18203194
1$
#18221712
0$
#18240230
1$
#18258748
0$
#18277266
1$
#18295784
0$
#18314302
1$
#18332820
0$
#18351338
1$
#18369856
0$
#18388374
1$
#18406892
0$
#18425410
1$
#18443928
0$
#18462446
1$
#18480964
0$
#18499482
1$
#18518000
0$
#18536518
1$
#18555036
0$
#18573554
1$
#18592072
0$
#18610590
1$
#18629108
0$
#18647626
1$
#18666144
0$
#18684662
1$
#18703180
0$
#18721698
1$
#18740216
0$
#18758734
1$
#18777252
0$
#18795770
1$
#18814288
0$
#18832806
1$
#18851324
0$
#18869842
1$
#18888360
0$
#18906878
1$
#18925396
0$
#18943914
1$
#18962432
0$
#18980950
1$
#18999468
0$
#19017986
1$
#19036504
0$
#19055022
1$
#19073540
0$
#19092058
1$
#19110576
0$
#19129094
1$
#19147612
0$
#19166130
1$
#19184648
0$
#19203166
1$
#19221684
0$
#19240202
1$
#19258720
0$
#19277238
1$
#19295756
0$
#19314274
1$
#19332792
0$
#19351310
1$
#19369828
0$
#19388346
1$
#19406864
0$
#19425382
1$
#19443900
0$
#19462418
1$
#19480936
0$
#19499454
1$
#19517972
0$
#19536490
1$
#19555008
0$
#19573526
1$
#19592044
0$
#19610562
1$
#19629080
0$
#19647598
1$
#19666116
0$
#19684634
1$
#19703152
0$
#19721670
1$
#19740188
0$
#19758706
1$
#19777224
0$
#19795742
1$
#19814260
0$
#19832778
1$
#19851296
0$
#19869814
1$
#19888332
0$
#19906850
1$
#19925368
0$
#19943886
1$
#19962404
0$
#19980922
1$
#19999440
0$
#20017958
1$
#20036476
0$
#20054994
1$
#20073512
0$
#20092030
1$
#20110548
0$
#20129066
1$
#20147584
0$
#20166102
1$
#20184620
0$
#20200000
0#
0/
#20203138
0*
1$
#20221656
0$
#20240174
0+
1$
#20258692
0$
#20277210
b10 ,
1$
#20295728
0$
#20314246
b11100 !
b11100 &
b11 '
b10 -
1$
#20332764
0$
#20351282
1$
#20369800
0$
#20388318
1$
#20406836
0$
#20425354
1$
#20443872
0$
#20462390
1$
#20480908
0$
#20499426
1$
#20517944
0$
#20536462
1$
#20554980
0$
#20573498
1$
#20592016
0$
#20610534
1$
#20629052
0$
#20647570
1$
#20666088
0$
#20684606
1$
#20703124
0$
#20721642
1$
#20740160
0$
#20758678
1$
#20777196
0$
#20795714
1$
#20814232
0$
#20832750
1$
#20851268
0$
#20869786
1$
#20888304
0$
#20906822
1$
#20925340
0$
#20943858
1$
#20962376
0$
#20980894
1$
#20999412
0$
#21017930
1$
#21036448
0$
#21054966
1$
#21073484
0$
#21092002
1$
#21110520
0$
#21129038
1$
#21147556
0$
#21166074
1$
#21184592
0$
#21203110
1$
#21221628
0$
#21240146
1$
#21258664
0$
#21277182
1$
#21295700
0$
#21314218
1$
#21332736
0$
#21351254
1$
#21369772
0$
#21388290
1$
#21406808
0$
#21425326
1$
#21443844
0$
#21462362
1$
#21480880
0$
#21499398
1$
#21517916
0$
#21536434
1$
#21554952
0$
#21573470
1$
#21591988
0$
#21610506
1$
#21629024
0$
#21647542
1$
#21666060
0$
#21684578
1$
#21703096
0$
#21721614
1$
#21740132
0$
#21758650
1$
#21777168
0$
#21795686
1$
#21814204
0$
#21832722
1$
#21851240
0$
#21869758
1$
#21888276
0$
#21906794
1$
#21925312
0$
#21943830
1$
#21962348
0$
#21980866
1$
#21999384
0$
#22017902
1$
#22036420
0$
#22054938
1$
#22073456
0$
#22091974
1$
#22110492
0$
#22129010
1$
#22147528
0$
#22166046
1$
#22184564
0$
#22203082
1$
#22221600
0$
#22240118
1$
#22258636
0$
#22277154
1$
#22295672
0$
#22314190
1$
#22332708
0$
#22351226
1$
#22369744
0$
#22388262
1$
#22406780
0$
#22425298
1$
#22443816
0$
#22462334
1$
#22480852
0$
#22499370
1$
#22517888
0$
#22536406
1$
#22554924
0$
#22573442
1$
#22591960
0$
#22610478
1$
#22628996
0$
#22647514
1$
#22666032
0$
#22684550
1$
#22703068
0$
#22721586
1$
#22740104
0$
#22758622
1$
#22777140
0$
#22795658
1$
#22814176
0$
#22832694
1$
#22851212
0$
#22869730
1$
#22888248
0$
#22906766
1$
#22925284
0$
#22943802
1$
#22962320
0$
#22980838
1$
#22999356
0$
#23017874
1$
#23036392
0$
#23054910
1$
#23073428
0$
#23091946
1$
#23110464
0$
#23128982
1$
#23147500
0$
#23166018
1$
#23184536
0$
#23203054
1$
#23221572
0$
#23240090
1$
#23258608
0$
#23277126
1$
#23295644
0$
#23314162
1$
#23332680
0$
#23351198
1$
#23369716
0$
#23388234
1$
#23406752
0$
#23425270
1$
#23443788
0$
#23462306
1$
#23480824
0$
#23499342
1$
#23517860
0$
#23536378
1$
#23554896
0$
#23573414
1$
#23591932
0$
#23610450
1$
#23628968
0$
#23647486
1$
#23666004
0$
#23684522
1$
#23703040
0$
#23721558
1$
#23740076
0$
#23758594
1$
#23777112
0$
#23795630
1$
#23814148
0$
#23832666
1$
#23851184
0$
#23869702
1$
#23888220
0$
#23906738
1$
#23925256
0$
#23943774
1$
#23962292
0$
#23980810
1$
#23999328
0$
#24017846
1$
#24036364
0$
#24054882
1$
#24073400
0$
#24091918
1$
#24110436
0$
#24128954
1$
#24147472
0$
#24165990
1$
#24184508
0$
#24203026
1$
#24221544
0$
#24240062
1$
#24258580
0$
#24277098
1$
#24295616
0$
#24314134
1$
#24332652
0$
#24351170
1$
#24369688
0$
#24388206
1$
#24406724
0$
#24425242
1$
#24443760
0$
#24462278
1$
#24480796
0$
#24499314
1$
#24517832
0$
#24536350
1$
#24554868
0$
#24573386
1$
#24591904
0$
#24610422
1$
#24628940
0$
#24647458
1$
#24665976
0$
#24684494
1$
#24703012
0$
#24721530
1$
#24740048
0$
#24758566
1$
#24777084
0$
#24795602
1$
#24814120
0$
#24832638
1$
#24851156
0$
#24869674
1$
#24888192
0$
#24906710
1$
#24925228
0$
#24943746
1$
#24962264
0$
#24980782
1$
#24999300
0$
#25017818
1$
#25036336
0$
#25054854
1$
#25073372
0$
#25091890
1$
#25110408
0$
#25128926
1$
#25147444
0$
#25165962
1$
#25184480
0$
#25202998
1$
#25221516
0$
#25240034
1$
#25258552
0$
#25277070
1$
#25295588
0$
#25314106
1$
#25332624
0$
#25351142
1$
#25369660
0$
#25388178
1$
#25406696
0$
#25425214
1$
#25443732
0$
#25462250
1$
#25480768
0$
#25499286
1$
#25517804
0$
#25536322
1$
#25554840
0$
#25573358
1$
#25591876
0$
#25610394
1$
#25628912
0$
#25647430
1$
#25665948
0$
#25684466
1$
#25702984
0$
#25721502
1$
#25740020
0$
#25758538
1$
#25777056
0$
#25795574
1$
#25814092
0$
#25832610
1$
#25851128
0$
#25869646
1$
#25888164
0$
#25906682
1$
#25925200
0$
#25943718
1$
#25962236
0$
#25980754
1$
#25999272
0$
#26017790
1$
#26036308
0$
#26054826
1$
#26073344
0$
#26091862
1$
#26110380
0$
#26128898
1$
#26147416
0$
#26165934
1$
#26184452
0$
#26202970
1$
#26221488
0$
#26240006
1$
#26258524
0$
#26277042
1$
#26295560
0$
#26314078
1$
#26332596
0$
#26351114
1$
#26369632
0$
#26388150
1$
#26406668
0$
#26425186
1$
#26443704
0$
#26462222
1$
#26480740
0$
#26499258
1$
#26517776
0$
#26536294
1$
#26554812
0$
#26573330
1$
#26591848
0$
#26610366
1$
#26628884
0$
#26647402
1$
#26665920
0$
#26684438
1$
#26702956
0$
#26721474
1$
#26739992
0$
#26758510
1$
#26777028
0$
#26795546
1$
#26814064
0$
#26832582
1$
#26851100
0$
#26869618
1$
#26888136
0$
#26906654
1$
#26925172
0$
#26943690
1$
#26962208
0$
#26980726
1$
#26999244
0$
#27017762
1$
#27036280
0$
#27054798
1$
#27073316
0$
#27091834
1$
#27110352
0$
#27128870
1$
#27147388
0$
#27165906
1$
#27184424
0$
#27202942
1$
#27221460
0$
#27239978
1$
#27258496
0$
#27277014
1$
#27295532
0$
#27314050
1$
#27332568
0$
#27351086
1$
#27369604
0$
#27388122
1$
#27406640
0$
#27425158
1$
#27443676
0$
#27462194
1$
#27480712
0$
#27499230
1$
#27517748
0$
#27536266
1$
#27554784
0$
#27573302
1$
#27591820
0$
#27610338
1$
#27628856
0$
#27647374
1$
#27665892
0$
#27684410
1$
#27702928
0$
#27721446
1$
#27739964
0$
#27758482
1$
#27777000
0$
#27795518
1$
#27814036
0$
#27832554
1$
#27851072
0$
#27869590
1$
#27888108
0$
#27906626
1$
#27925144
0$
#27943662
1$
#27962180
0$
#27980698
1$
#27999216
0$
#28017734
1$
#28036252
0$
#28054770
1$
#28073288
0$
#28091806
1$
#28110324
0$
#28128842
1$
#28147360
0$
#28165878
1$
#28184396
0$
#28202914
1$
#28221432
0$
#28239950
1$
#28258468
0$
#28276986
1$
#28295504
0$
#28314022
1$
#28332540
0$
#28351058
1$
#28369576
0$
#28388094
1$
#28406612
0$
#28425130
1$
#28443648
0$
#28462166
1$
#28480684
0$
#28499202
1$
#28517720
0$
#28536238
1$
#28554756
0$
#28573274
1$
#28591792
0$
#28610310
1$
#28628828
0$
#28647346
1$
#28665864
0$
#28684382
1$
#28702900
0$
#28721418
1$
#28739936
0$
#28758454
1$
#28776972
0$
#28795490
1$
#28814008
0$
#28832526
1$
#28851044
0$
#28869562
1$
#28888080
0$
#28906598
1$
#28925116
0$
#28943634
1$
#28962152
0$
#28980670
1$
#28999188
0$
#29017706
1$
#29036224
0$
#29054742
1$
#29073260
0$
#29091778
1$
#29110296
0$
#29128814
1$
#29147332
0$
#29165850
1$
#29184368
0$
#29202886
1$
#29221404
0$
#29239922
1$
#29258440
0$
#29276958
1$
#29295476
0$
#29313994
1$
#29332512
0$
#29351030
1$
#29369548
0$
#29388066
1$
#29406584
0$
#29425102
1$
#29443620
0$
#29462138
1$
#29480656
0$
#29499174
1$
#29517692
0$
#29536210
1$
#29554728
0$
#29573246
1$
#29591764
0$
#29610282
1$
#29628800
0$
#29647318
1$
#29665836
0$
#29684354
1$
#29702872
0$
#29721390
1$
#29739908
0$
#29758426
1$
#29776944
0$
#29795462
1$
#29813980
0$
#29832498
1$
#29851016
0$
#29869534
1$
#29888052
0$
#29906570
1$
#29925088
0$
#29943606
1$
#29962124
0$
#29980642
1$
#29999160
0$
#30017678
1$
#30036196
0$
#30054714
1$
#30073232
0$
#30091750
1$
#30110268
0$
#30128786
1$
#30147304
0$
#30165822
1$
#30184340
0$
#30200000
0"
0.
#30202858
0(
1$
#30221376
0$
#30239894
0)
1$
#30258412
0$
#30276930
b0 ,
1$
#30295448
0$
#30313966
b11011 !
b11011 &
b100 '
b0 -
1$
#30332484
0$
#30351002
1$
#30369520
0$
#30388038
1$
#30406556
0$
#30425074
1$
#30443592
0$
#30462110
1$
#30480628
0$
#30499146
1$
#30517664
0$
#30536182
1$
#30554700
0$
#30573218
1$
#30591736
0$
#30610254
1$
#30628772
0$
#30647290
1$
#30665808
0$
#30684326
1$
#30702844
0$
#30721362
1$
#30739880
0$
#30758398
1$
#30776916
0$
#30795434
1$
#30813952
0$
#30832470
1$
#30850988
0$
#30869506
1$
#30888024
0$
#30906542
1$
#30925060
0$
#30943578
1$
#30962096
0$
#30980614
1$
#30999132
0$
#31017650
1$
#31036168
0$
#31054686
1$
#31073204
0$
#31091722
1$
#31110240
0$
#31128758
1$
#31147276
0$
#31165794
1$
#31184312
0$
#31202830
1$
#31221348
0$
#31239866
1$
#31258384
0$
#31276902
1$
#31295420
0$
#31313938
1$
#31332456
0$
#31350974
1$
#31369492
0$
#31388010
1$
#31406528
0$
#31425046
1$
#31443564
0$
#31462082
1$
#31480600
0$
#31499118
1$
#31517636
0$
#31536154
1$
#31554672
0$
#31573190
1$
#31591708
0$
#31610226
1$
#31628744
0$
#31647262
1$
#31665780
0$
#31684298
1$
#31702816
0$
#31721334
1$
#31739852
0$
#31758370
1$
#31776888
0$
#31795406
1$
#31813924
0$
#31832442
1$
#31850960
0$
#31869478
1$
#31887996
0$
#31906514
1$
#31925032
0$
#31943550
1$
#31962068
0$
#31980586
1$
#31999104
0$
#32017622
1$
#32036140
0$
#32054658
1$
#32073176
0$
#32091694
1$
#32110212
0$
#32128730
1$
#32147248
0$
#32165766
1$
#32184284
0$
#32202802
1$
#32221320
0$
#32239838
1$
#32258356
0$
#32276874
1$
#32295392
0$
#32313910
1$
#32332428
0$
#32350946
1$
#32369464
0$
#32387982
1$
#32406500
0$
#32425018
1$
#32443536
0$
#32462054
1$
#32480572
0$
#32499090
1$
#32517608
0$
#32536126
1$
#32554644
0$
#32573162
1$
#32591680
0$
#32610198
1$
#32628716
0$
#32647234
1$
#32665752
0$
#32684270
1$
#32702788
0$
#32721306
1$
#32739824
0$
#32758342
1$
#32776860
0$
#32795378
1$
#32813896
0$
#32832414
1$
#32850932
0$
#32869450
1$
#32887968
0$
#32906486
1$
#32925004
0$
#32943522
1$
#32962040
0$
#32980558
1$
#32999076
0$
#33017594
1$
#33036112
0$
#33054630
1$
#33073148
0$
#33091666
1$
#33110184
0$
#33128702
1$
#33147220
0$
#33165738
1$
#33184256
0$
#33202774
1$
#33221292
0$
#33239810
1$
#33258328
0$
#33276846
1$
#33295364
0$
#33313882
1$
#33332400
0$
#33350918
1$
#33369436
0$
#33387954
1$
#33406472
0$
#33424990
1$
#33443508
0$
#33462026
1$
#33480544
0$
#33499062
1$
#33517580
0$
#33536098
1$
#33554616
0$
#33573134
1$
#33591652
0$
#33610170
1$
#33628688
0$
#33647206
1$
#33665724
0$
#33684242
1$
#33702760
0$
#33721278
1$
#33739796
0$
#33758314
1$
#33776832
0$
#33795350
1$
#33813868
0$
#33832386
1$
#33850904
0$
#33869422
1$
#33887940
0$
#33906458
1$
#33924976
0$
#33943494
1$
#33962012
0$
#33980530
1$
#33999048
0$
#34017566
1$
#34036084
0$
#34054602
1$
#34073120
0$
#34091638
1$
#34110156
0$
#34128674
1$
#34147192
0$
#34165710
1$
#34184228
0$
#34202746
1$
#34221264
0$
#34239782
1$
#34258300
0$
#34276818
1$
#34295336
0$
#34313854
1$
#34332372
0$
#34350890
1$
#34369408
0$
#34387926
1$
#34406444
0$
#34424962
1$
#34443480
0$
#34461998
1$
#34480516
0$
#34499034
1$
#34517552
0$
#34536070
1$
#34554588
0$
#34573106
1$
#34591624
0$
#34610142
1$
#34628660
0$
#34647178
1$
#34665696
0$
#34684214
1$
#34702732
0$
#34721250
1$
#34739768
0$
#34758286
1$
#34776804
0$
#34795322
1$
#34813840
0$
#34832358
1$
#34850876
0$
#34869394
1$
#34887912
0$
#34906430
1$
#34924948
0$
#34943466
1$
#34961984
0$
#34980502
1$
#34999020
0$
#35017538
1$
#35036056
0$
#35054574
1$
#35073092
0$
#35091610
1$
#35110128
0$
#35128646
1$
#35147164
0$
#35165682
1$
#35184200
0$
#35202718
1$
#35221236
0$
#35239754
1$
#35258272
0$
#35276790
1$
#35295308
0$
#35313826
1$
#35332344
0$
#35350862
1$
#35369380
0$
#35387898
1$
#35406416
0$
#35424934
1$
#35443452
0$
#35461970
1$
#35480488
0$
#35499006
1$
#35517524
0$
#35536042
1$
#35554560
0$
#35573078
1$
#35591596
0$
#35610114
1$
#35628632
0$
#35647150
1$
#35665668
0$
#35684186
1$
#35702704
0$
#35721222
1$
#35739740
0$
#35758258
1$
#35776776
0$
#35795294
1$
#35813812
0$
#35832330
1$
#35850848
0$
#35869366
1$
#35887884
0$
#35906402
1$
#35924920
0$
#35943438
1$
#35961956
0$
#35980474
1$
#35998992
0$
#36017510
1$
#36036028
0$
#36054546
1$
#36073064
0$
#36091582
1$
#36110100
0$
#36128618
1$
#36147136
0$
#36165654
1$
#36184172
0$
#36202690
1$
#36221208
0$
#36239726
1$
#36258244
0$
#36276762
1$
#36295280
0$
#36313798
1$
#36332316
0$
#36350834
1$
#36369352
0$
#36387870
1$
#36406388
0$
#36424906
1$
#36443424
0$
#36461942
1$
#36480460
0$
#36498978
1$
#36517496
0$
#36536014
1$
#36554532
0$
#36573050
1$
#36591568
0$
#36610086
1$
#36628604
0$
#36647122
1$
#36665640
0$
#36684158
1$
#36702676
0$
#36721194
1$
#36739712
0$
#36758230
1$
#36776748
0$
#36795266
1$
#36813784
0$
#36832302
1$
#36850820
0$
#36869338
1$
#36887856
0$
#36906374
1$
#36924892
0$
#36943410
1$
#36961928
0$
#36980446
1$
#36998964
0$
#37017482
1$
#37036000
0$
#37054518
1$
#37073036
0$
#37091554
1$
#37110072
0$
#37128590
1$
#37147108
0$
#37165626
1$
#37184144
0$
#37202662
1$
#37221180
0$
#37239698
1$
#37258216
0$
#37276734
1$
#37295252
0$
#37313770
1$
#37332288
0$
#37350806
1$
#37369324
0$
#37387842
1$
#37406360
0$
#37424878
1$
#37443396
0$
#37461914
1$
#37480432
0$
#37498950
1$
#37517468
0$
#37535986
1$
#37554504
0$
#37573022
1$
#37591540
0$
#37610058
1$
#37628576
0$
#37647094
1$
#37665612
0$
#37684130
1$
#37702648
0$
#37721166
1$
#37739684
0$
#37758202
1$
#37776720
0$
#37795238
1$
#37813756
0$
#37832274
1$
#37850792
0$
#37869310
1$
#37887828
0$
#37906346
1$
#37924864
0$
#37943382
1$
#37961900
0$
#37980418
1$
#37998936
0$
#38017454
1$
#38035972
0$
#38054490
1$
#38073008
0$
#38091526
1$
#38110044
0$
#38128562
1$
#38147080
0$
#38165598
1$
#38184116
0$
#38202634
1$
#38221152
0$
#38239670
1$
#38258188
0$
#38276706
1$
#38295224
0$
#38313742
1$
#38332260
0$
#38350778
1$
#38369296
0$
#38387814
1$
#38406332
0$
#38424850
1$
#38443368
0$
#38461886
1$
#38480404
0$
#38498922
1$
#38517440
0$
#38535958
1$
#38554476
0$
#38572994
1$
#38591512
0$
#38610030
1$
#38628548
0$
#38647066
1$
#38665584
0$
#38684102
1$
#38702620
0$
#38721138
1$
#38739656
0$
#38758174
1$
#38776692
0$
#38795210
1$
#38813728
0$
#38832246
1$
#38850764
0$
#38869282
1$
#38887800
0$
#38906318
1$
#38924836
0$
#38943354
1$
#38961872
0$
#38980390
1$
#38998908
0$
#39017426
1$
#39035944
0$
#39054462
1$
#39072980
0$
#39091498
1$
#39110016
0$
#39128534
1$
#39147052
0$
#39165570
1$
#39184088
0$
#39202606
1$
#39221124
0$
#39239642
1$
#39258160
0$
#39276678
1$
#39295196
0$
#39313714
1$
#39332232
0$
#39350750
1$
#39369268
0$
#39387786
1$
#39406304
0$
#39424822
1$
#39443340
0$
#39461858
1$
#39480376
0$
#39498894
1$
#39517412
0$
#39535930
1$
#39554448
0$
#39572966
1$
#39591484
0$
#39610002
1$
#39628520
0$
#39647038
1$
#39665556
0$
#39684074
1$
#39702592
0$
#39721110
1$
#39739628
0$
#39758146
1$
#39776664
0$
#39795182
1$
#39813700
0$
#39832218
1$
#39850736
0$
#39869254
1$
#39887772
0$
#39906290
1$
#39924808
0$
#39943326
1$
#39961844
0$
#39980362
1$
#39998880
0$
#40017398
1$
#40035916
0$
#40054434
1$
#40072952
0$
#40091470
1$
#40109988
0$
#40128506
1$
#40147024
0$
#40165542
1$
#40184060
0$
#40200000
1#
1/
#40202578
1*
1$
#40221096
0$
#40239614
1+
1$
#40258132
0$
#40276650
b1 ,
1$
#40295168
0$
#40313686
b11010 !
b11010 &
b101 '
b1 -
1$
#40332204
0$
#40350722
1$
#40369240
0$
#40387758
1$
#40406276
0$
#40424794
1$
#40443312
0$
#40461830
1$
#40480348
0$
#40498866
1$
#40517384
0$
#40535902
1$
#40554420
0$
#40572938
1$
#40591456
0$
#40609974
1$
#40628492
0$
#40647010
1$
#40665528
0$
#40684046
1$
#40702564
0$
#40721082
1$
#40739600
0$
#40758118
1$
#40776636
0$
#40795154
1$
#40813672
0$
#40832190
1$
#40850708
0$
#40869226
1$
#40887744
0$
#40906262
1$
#40924780
0$
#40943298
1$
#40961816
0$
#40980334
1$
#40998852
0$
#41017370
1$
#41035888
0$
#41054406
1$
#41072924
0$
#41091442
1$
#41109960
0$
#41128478
1$
#41146996
0$
#41165514
1$
#41184032
0$
#41202550
1$
#41221068
0$
#41239586
1$
#41258104
0$
#41276622
1$
#41295140
0$
#41313658
1$
#41332176
0$
#41350694
1$
#41369212
0$
#41387730
1$
#41406248
0$
#41424766
1$
#41443284
0$
#41461802
1$
#41480320
0$
#41498838
1$
#41517356
0$
#41535874
1$
#41554392
0$
#41572910
1$
#41591428
0$
#41609946
1$
#41628464
0$
#41646982
1$
#41665500
0$
#41684018
1$
#41702536
0$
#41721054
1$
#41739572
0$
#41758090
1$
#41776608
0$
#41795126
1$
#41813644
0$
#41832162
1$
#41850680
0$
#41869198
1$
#41887716
0$
#41906234
1$
#41924752
0$
#41943270
1$
#41961788
0$
#41980306
1$
#41998824
0$
#42017342
1$
#42035860
0$
#42054378
1$
#42072896
0$
#42091414
1$
#42109932
0$
#42128450
1$
#42146968
0$
#42165486
1$
#42184004
0$
#42202522
1$
#42221040
0$
#42239558
1$
#42258076
0$
#42276594
1$
#42295112
0$
#42313630
1$
#42332148
0$
#42350666
1$
#42369184
0$
#42387702
1$
#42406220
0$
#42424738
1$
#42443256
0$
#42461774
1$
#42480292
0$
#42498810
1$
#42517328
0$
#42535846
1$
#42554364
0$
#42572882
1$
#42591400
0$
#42609918
1$
#42628436
0$
#42646954
1$
#42665472
0$
#42683990
1$
#42702508
0$
#42721026
1$
#42739544
0$
#42758062
1$
#42776580
0$
#42795098
1$
#42813616
0$
#42832134
1$
#42850652
0$
#42869170
1$
#42887688
0$
#42906206
1$
#42924724
0$
#42943242
1$
#42961760
0$
#42980278
1$
#42998796
0$
#43017314
1$
#43035832
0$
#43054350
1$
#43072868
0$
#43091386
1$
#43109904
0$
#43128422
1$
#43146940
0$
#43165458
1$
#43183976
0$
#43202494
1$
#43221012
0$
#43239530
1$
#43258048
0$
#43276566
1$
#43295084
0$
#43313602
1$
#43332120
0$
#43350638
1$
#43369156
0$
#43387674
1$
#43406192
0$
#43424710
1$
#43443228
0$
#43461746
1$
#43480264
0$
#43498782
1$
#43517300
0$
#43535818
1$
#43554336
0$
#43572854
1$
#43591372
0$
#43609890
1$
#43628408
0$
#43646926
1$
#43665444
0$
#43683962
1$
#43702480
0$
#43720998
1$
#43739516
0$
#43758034
1$
#43776552
0$
#43795070
1$
#43813588
0$
#43832106
1$
#43850624
0$
#43869142
1$
#43887660
0$
#43906178
1$
#43924696
0$
#43943214
1$
#43961732
0$
#43980250
1$
#43998768
0$
#44017286
1$
#44035804
0$
#44054322
1$
#44072840
0$
#44091358
1$
#44109876
0$
#44128394
1$
#44146912
0$
#44165430
1$
#44183948
0$
#44202466
1$
#44220984
0$
#44239502
1$
#44258020
0$
#44276538
1$
#44295056
0$
#44313574
1$
#44332092
0$
#44350610
1$
#44369128
0$
#44387646
1$
#44406164
0$
#44424682
1$
#44443200
0$
#44461718
1$
#44480236
0$
#44498754
1$
#44517272
0$
#44535790
1$
#44554308
0$
#44572826
1$
#44591344
0$
#44609862
1$
#44628380
0$
#44646898
1$
#44665416
0$
#44683934
1$
#44702452
0$
#44720970
1$
#44739488
0$
#44758006
1$
#44776524
0$
#44795042
1$
#44813560
0$
#44832078
1$
#44850596
0$
#44869114
1$
#44887632
0$
#44906150
1$
#44924668
0$
#44943186
1$
#44961704
0$
#44980222
1$
#44998740
0$
#45017258
1$
#45035776
0$
#45054294
1$
#45072812
0$
#45091330
1$
#45109848
0$
#45128366
1$
#45146884
0$
#45165402
1$
#45183920
0$
#45202438
1$
#45220956
0$
#45239474
1$
#45257992
0$
#45276510
1$
#45295028
0$
#45313546
1$
#45332064
0$
#45350582
1$
#45369100
0$
#45387618
1$
#45406136
0$
#45424654
1$
#45443172
0$
#45461690
1$
#45480208
0$
#45498726
1$
#45517244
0$
#45535762
1$
#45554280
0$
#45572798
1$
#45591316
0$
#45609834
1$
#45628352
0$
#45646870
1$
#45665388
0$
#45683906
1$
#45702424
0$
#45720942
1$
#45739460
0$
#45757978
1$
#45776496
0$
#45795014
1$
#45813532
0$
#45832050
1$
#45850568
0$
#45869086
1$
#45887604
0$
#45906122
1$
#45924640
0$
#45943158
1$
#45961676
0$
#45980194
1$
#45998712
0$
#46017230
1$
#46035748
0$
#46054266
1$
#46072784
0$
#46091302
1$
#46109820
0$
#46128338
1$
#46146856
0$
#46165374
1$
#46183892
0$
#46202410
1$
#46220928
0$
#46239446
1$
#46257964
0$
#46276482
1$
#46295000
0$
#46313518
1$
#46332036
0$
#46350554
1$
#46369072
0$
#46387590
1$
#46406108
0$
#46424626
1$
#46443144
0$
#46461662
1$
#46480180
0$
#46498698
1$
#46517216
0$
#46535734
1$
#46554252
0$
#46572770
1$
#46591288
0$
#46609806
1$
#46628324
0$
#46646842
1$
#46665360
0$
#46683878
1$
#46702396
0$
#46720914
1$
#46739432
0$
#46757950
1$
#46776468
0$
#46794986
1$
#46813504
0$
#46832022
1$
#46850540
0$
#46869058
1$
#46887576
0$
#46906094
1$
#46924612
0$
#46943130
1$
#46961648
0$
#46980166
1$
#46998684
0$
#47017202
1$
#47035720
0$
#47054238
1$
#47072756
0$
#47091274
1$
#47109792
0$
#47128310
1$
#47146828
0$
#47165346
1$
#47183864
0$
#47202382
1$
#47220900
0$
#47239418
1$
#47257936
0$
#47276454
1$
#47294972
0$
#47313490
1$
#47332008
0$
#47350526
1$
#47369044
0$
#47387562
1$
#47406080
0$
#47424598
1$
#47443116
0$
#47461634
1$
#47480152
0$
#47498670
1$
#47517188
0$
#47535706
1$
#47554224
0$
#47572742
1$
#47591260
0$
#47609778
1$
#47628296
0$
#47646814
1$
#47665332
0$
#47683850
1$
#47702368
0$
#47720886
1$
#47739404
0$
#47757922
1$
#47776440
0$
#47794958
1$
#47813476
0$
#47831994
1$
#47850512
0$
#47869030
1$
#47887548
0$
#47906066
1$
#47924584
0$
#47943102
1$
#47961620
0$
#47980138
1$
#47998656
0$
#48017174
1$
#48035692
0$
#48054210
1$
#48072728
0$
#48091246
1$
#48109764
0$
#48128282
1$
#48146800
0$
#48165318
1$
#48183836
0$
#48202354
1$
#48220872
0$
#48239390
1$
#48257908
0$
#48276426
1$
#48294944
0$
#48313462
1$
#48331980
0$
#48350498
1$
#48369016
0$
#48387534
1$
#48406052
0$
#48424570
1$
#48443088
0$
#48461606
1$
#48480124
0$
#48498642
1$
#48517160
0$
#48535678
1$
#48554196
0$
#48572714
1$
#48591232
0$
#48609750
1$
#48628268
0$
#48646786
1$
#48665304
0$
#48683822
1$
#48702340
0$
#48720858
1$
#48739376
0$
#48757894
1$
#48776412
0$
#48794930
1$
#48813448
0$
#48831966
1$
#48850484
0$
#48869002
1$
#48887520
0$
#48906038
1$
#48924556
0$
#48943074
1$
#48961592
0$
#48980110
1$
#48998628
0$
#49017146
1$
#49035664
0$
#49054182
1$
#49072700
0$
#49091218
1$
#49109736
0$
#49128254
1$
#49146772
0$
#49165290
1$
#49183808
0$
#49202326
1$
#49220844
0$
#49239362
1$
#49257880
0$
#49276398
1$
#49294916
0$
#49313434
1$
#49331952
0$
#49350470
1$
#49368988
0$
#49387506
1$
#49406024
0$
#49424542
1$
#49443060
0$
#49461578
1$
#49480096
0$
#49498614
1$
#49517132
0$
#49535650
1$
#49554168
0$
#49572686
1$
#49591204
0$
#49609722
1$
#49628240
0$
#49646758
1$
#49665276
0$
#49683794
1$
#49702312
0$
#49720830
1$
#49739348
0$
#49757866
1$
#49776384
0$
#49794902
1$
#49813420
0$
#49831938
1$
#49850456
0$
#49868974
1$
#49887492
0$
#49906010
1$
#49924528
0$
#49943046
1$
#49961564
0$
#49980082
1$
#49998600
0$
#50017118
1$
#50035636
0$
#50054154
1$
#50072672
0$
#50091190
1$
#50109708
0$
#50128226
1$
#50146744
0$
#50165262
1$
#50183780
0$
#50200000
1"
1.
#50202298
1(
1$
#50220816
0$
#50239334
1)
1$
#50257852
0$
#50276370
b11 ,
1$
#50294888
0$
#50313406
b11001 !
b11001 &
b110 '
b11 -
1$
#50331924
0$
#50350442
1$
#50368960
0$
#50387478
1$
#50405996
0$
#50424514
1$
#50443032
0$
#50461550
1$
#50480068
0$
#50498586
1$
#50517104
0$
#50535622
1$
#50554140
0$
#50572658
1$
#50591176
0$
#50609694
1$
#50628212
0$
#50646730
1$
#50665248
0$
#50683766
1$
#50702284
0$
#50720802
1$
#50739320
0$
#50757838
1$
#50776356
0$
#50794874
1$
#50813392
0$
#50831910
1$
#50850428
0$
#50868946
1$
#50887464
0$
#50905982
1$
#50924500
0$
#50943018
1$
#50961536
0$
#50980054
1$
#50998572
0$
#51017090
1$
#51035608
0$
#51054126
1$
#51072644
0$
#51091162
1$
#51109680
0$
#51128198
1$
#51146716
0$
#51165234
1$
#51183752
0$
#51202270
1$
#51220788
0$
#51239306
1$
#51257824
0$
#51276342
1$
#51294860
0$
#51313378
1$
#51331896
0$
#51350414
1$
#51368932
0$
#51387450
1$
#51405968
0$
#51424486
1$
#51443004
0$
#51461522
1$
#51480040
0$
#51498558
1$
#51517076
0$
#51535594
1$
#51554112
0$
#51572630
1$
#51591148
0$
#51609666
1$
#51628184
0$
#51646702
1$
#51665220
0$
#51683738
1$
#51702256
0$
#51720774
1$
#51739292
0$
#51757810
1$
#51776328
0$
#51794846
1$
#51813364
0$
#51831882
1$
#51850400
0$
#51868918
1$
#51887436
0$
#51905954
1$
#51924472
0$
#51942990
1$
#51961508
0$
#51980026
1$
#51998544
0$
#52017062
1$
#52035580
0$
#52054098
1$
#52072616
0$
#52091134
1$
#52109652
0$
#52128170
1$
#52146688
0$
#52165206
1$
#52183724
0$
#52202242
1$
#52220760
0$
#52239278
1$
#52257796
0$
#52276314
1$
#52294832
0$
#52313350
1$
#52331868
0$
#52350386
1$
#52368904
0$
#52387422
1$
#52405940
0$
#52424458
1$
#52442976
0$
#52461494
1$
#52480012
0$
#52498530
1$
#52517048
0$
#52535566
1$
#52554084
0$
#52572602
1$
#52591120
0$
#52609638
1$
#52628156
0$
#52646674
1$
#52665192
0$
#52683710
1$
#52702228
0$
#52720746
1$
#52739264
0$
#52757782
1$
#52776300
0$
#52794818
1$
#52813336
0$
#52831854
1$
#52850372
0$
#52868890
1$
#52887408
0$
#52905926
1$
#52924444
0$
#52942962
1$
#52961480
0$
#52979998
1$
#52998516
0$
#53017034
1$
#53035552
0$
#53054070
1$
#53072588
0$
#53091106
1$
#53109624
0$
#53128142
1$
#53146660
0$
#53165178
1$
#53183696
0$
#53202214
1$
#53220732
0$
#53239250
1$
#53257768
0$
#53276286
1$
#53294804
0$
#53313322
1$
#53331840
0$
#53350358
1$
#53368876
0$
#53387394
1$
#53405912
0$
#53424430
1$
#53442948
0$
#53461466
1$
#53479984
0$
#53498502
1$
#53517020
0$
#53535538
1$
#53554056
0$
#53572574
1$
#53591092
0$
#53609610
1$
#53628128
0$
#53646646
1$
#53665164
0$
#53683682
1$
#53702200
0$
#53720718
1$
#53739236
0$
#53757754
1$
#53776272
0$
#53794790
1$
#53813308
0$
#53831826
1$
#53850344
0$
#53868862
1$
#53887380
0$
#53905898
1$
#53924416
0$
#53942934
1$
#53961452
0$
#53979970
1$
#53998488
0$
#54017006
1$
#54035524
0$
#54054042
1$
#54072560
0$
#54091078
1$
#54109596
0$
#54128114
1$
#54146632
0$
#54165150
1$
#54183668
0$
#54202186
1$
#54220704
0$
#54239222
1$
#54257740
0$
#54276258
1$
#54294776
0$
#54313294
1$
#54331812
0$
#54350330
1$
#54368848
0$
#54387366
1$
#54405884
0$
#54424402
1$
#54442920
0$
#54461438
1$
#54479956
0$
#54498474
1$
#54516992
0$
#54535510
1$
#54554028
0$
#54572546
1$
#54591064
0$
#54609582
1$
#54628100
0$
#54646618
1$
#54665136
0$
#54683654
1$
#54702172
0$
#54720690
1$
#54739208
0$
#54757726
1$
#54776244
0$
#54794762
1$
#54813280
0$
#54831798
1$
#54850316
0$
#54868834
1$
#54887352
0$
#54905870
1$
#54924388
0$
#54942906
1$
#54961424
0$
#54979942
1$
#54998460
0$
#55016978
1$
#55035496
0$
#55054014
1$
#55072532
0$
#55091050
1$
#55109568
0$
#55128086
1$
#55146604
0$
#55165122
1$
#55183640
0$
#55202158
1$
#55220676
0$
#55239194
1$
#55257712
0$
#55276230
1$
#55294748
0$
#55313266
1$
#55331784
0$
#55350302
1$
#55368820
0$
#55387338
1$
#55405856
0$
#55424374
1$
#55442892
0$
#55461410
1$
#55479928
0$
#55498446
1$
#55516964
0$
#55535482
1$
#55554000
0$
#55572518
1$
#55591036
0$
#55609554
1$
#55628072
0$
#55646590
1$
#55665108
0$
#55683626
1$
#55702144
0$
#55720662
1$
#55739180
0$
#55757698
1$
#55776216
0$
#55794734
1$
#55813252
0$
#55831770
1$
#55850288
0$
#55868806
1$
#55887324
0$
#55905842
1$
#55924360
0$
#55942878
1$
#55961396
0$
#55979914
1$
#55998432
0$
#56016950
1$
#56035468
0$
#56053986
1$
#56072504
0$
#56091022
1$
#56109540
0$
#56128058
1$
#56146576
0$
#56165094
1$
#56183612
0$
#56202130
1$
#56220648
0$
#56239166
1$
#56257684
0$
#56276202
1$
#56294720
0$
#56313238
1$
#56331756
0$
#56350274
1$
#56368792
0$
#56387310
1$
#56405828
0$
#56424346
1$
#56442864
0$
#56461382
1$
#56479900
0$
#56498418
1$
#56516936
0$
#56535454
1$
#56553972
0$
#56572490
1$
#56591008
0$
#56609526
1$
#56628044
0$
#56646562
1$
#56665080
0$
#56683598
1$
#56702116
0$
#56720634
1$
#56739152
0$
#56757670
1$
#56776188
0$
#56794706
1$
#56813224
0$
#56831742
1$
#56850260
0$
#56868778
1$
#56887296
0$
#56905814
1$
#56924332
0$
#56942850
1$
#56961368
0$
#56979886
1$
#56998404
0$
#57016922
1$
#57035440
0$
#57053958
1$
#57072476
0$
#57090994
1$
#57109512
0$
#57128030
1$
#57146548
0$
#57165066
1$
#57183584
0$
#57202102
1$
#57220620
0$
#57239138
1$
#57257656
0$
#57276174
1$
#57294692
0$
#57313210
1$
#57331728
0$
#57350246
1$
#57368764
0$
#57387282
1$
#57405800
0$
#57424318
1$
#57442836
0$
#57461354
1$
#57479872
0$
#57498390
1$
#57516908
0$
#57535426
1$
#57553944
0$
#57572462
1$
#57590980
0$
#57609498
1$
#57628016
0$
#57646534
1$
#57665052
0$
#57683570
1$
#57702088
0$
#57720606
1$
#57739124
0$
#57757642
1$
#57776160
0$
#57794678
1$
#57813196
0$
#57831714
1$
#57850232
0$
#57868750
1$
#57887268
0$
#57905786
1$
#57924304
0$
#57942822
1$
#57961340
0$
#57979858
1$
#57998376
0$
#58016894
1$
#58035412
0$
#58053930
1$
#58072448
0$
#58090966
1$
#58109484
0$
#58128002
1$
#58146520
0$
#58165038
1$
#58183556
0$
#58202074
1$
#58220592
0$
#58239110
1$
#58257628
0$
#58276146
1$
#58294664
0$
#58313182
1$
#58331700
0$
#58350218
1$
#58368736
0$
#58387254
1$
#58405772
0$
#58424290
1$
#58442808
0$
#58461326
1$
#58479844
0$
#58498362
1$
#58516880
0$
#58535398
1$
#58553916
0$
#58572434
1$
#58590952
0$
#58609470
1$
#58627988
0$
#58646506
1$
#58665024
0$
#58683542
1$
#58702060
0$
#58720578
1$
#58739096
0$
#58757614
1$
#58776132
0$
#58794650
1$
#58813168
0$
#58831686
1$
#58850204
0$
#58868722
1$
#58887240
0$
#58905758
1$
#58924276
0$
#58942794
1$
#58961312
0$
#58979830
1$
#58998348
0$
#59016866
1$
#59035384
0$
#59053902
1$
#59072420
0$
#59090938
1$
#59109456
0$
#59127974
1$
#59146492
0$
#59165010
1$
#59183528
0$
#59202046
1$
#59220564
0$
#59239082
1$
#59257600
0$
#59276118
1$
#59294636
0$
#59313154
1$
#59331672
0$
#59350190
1$
#59368708
0$
#59387226
1$
#59405744
0$
#59424262
1$
#59442780
0$
#59461298
1$
#59479816
0$
#59498334
1$
#59516852
0$
#59535370
1$
#59553888
0$
#59572406
1$
#59590924
0$
#59609442
1$
#59627960
0$
#59646478
1$
#59664996
0$
#59683514
1$
#59702032
0$
#59720550
1$
#59739068
0$
#59757586
1$
#59776104
0$
#59794622
1$
#59813140
0$
#59831658
1$
#59850176
0$
#59868694
1$
#59887212
0$
#59905730
1$
#59924248
0$
#59942766
1$
#59961284
0$
#59979802
1$
#59998320
0$
#60016838
1$
#60035356
0$
#60053874
1$
#60072392
0$
#60090910
1$
#60109428
0$
#60127946
1$
#60146464
0$
#60164982
1$
#60183500
0$
#60200000
0#
0/
#60202018
0*
1$
#60220536
0$
#60239054
0+
1$
#60257572
0$
#60276090
b10 ,
1$
#60294608
0$
#60313126
b11000 !
b11000 &
b111 '
b10 -
1$
#60331644
0$
#60350162
1$
#60368680
0$
#60387198
1$
#60405716
0$
#60424234
1$
#60442752
0$
#60461270
1$
#60479788
0$
#60498306
1$
#60516824
0$
#60535342
1$
#60553860
0$
#60572378
1$
#60590896
0$
#60609414
1$
#60627932
0$
#60646450
1$
#60664968
0$
#60683486
1$
#60702004
0$
#60720522
1$
#60739040
0$
#60757558
1$
#60776076
0$
#60794594
1$
#60813112
0$
#60831630
1$
#60850148
0$
#60868666
1$
#60887184
0$
#60905702
1$
#60924220
0$
#60942738
1$
#60961256
0$
#60979774
1$
#60998292
0$
#61016810
1$
#61035328
0$
#61053846
1$
#61072364
0$
#61090882
1$
#61109400
0$
#61127918
1$
#61146436
0$
#61164954
1$
#61183472
0$
#61201990
1$
#61220508
0$
#61239026
1$
#61257544
0$
#61276062
1$
#61294580
0$
#61313098
1$
#61331616
0$
#61350134
1$
#61368652
0$
#61387170
1$
#61405688
0$
#61424206
1$
#61442724
0$
#61461242
1$
#61479760
0$
#61498278
1$
#61516796
0$
#61535314
1$
#61553832
0$
#61572350
1$
#61590868
0$
#61609386
1$
#61627904
0$
#61646422
1$
#61664940
0$
#61683458
1$
#61701976
0$
#61720494
1$
#61739012
0$
#61757530
1$
#61776048
0$
#61794566
1$
#61813084
0$
#61831602
1$
#61850120
0$
#61868638
1$
#61887156
0$
#61905674
1$
#61924192
0$
#61942710
1$
#61961228
0$
#61979746
1$
#61998264
0$
#62016782
1$
#62035300
0$
#62053818
1$
#62072336
0$
#62090854
1$
#62109372
0$
#62127890
1$
#62146408
0$
#62164926
1$
#62183444
0$
#62201962
1$
#62220480
0$
#62238998
1$
#62257516
0$
#62276034
1$
#62294552
0$
#62313070
1$
#62331588
0$
#62350106
1$
#62368624
0$
#62387142
1$
#62405660
0$
#62424178
1$
#62442696
0$
#62461214
1$
#62479732
0$
#62498250
1$
#62516768
0$
#62535286
1$
#62553804
0$
#62572322
1$
#62590840
0$
#62609358
1$
#62627876
0$
#62646394
1$
#62664912
0$
#62683430
1$
#62701948
0$
#62720466
1$
#62738984
0$
#62757502
1$
#62776020
0$
#62794538
1$
#62813056
0$
#62831574
1$
#62850092
0$
#62868610
1$
#62887128
0$
#62905646
1$
#62924164
0$
#62942682
1$
#62961200
0$
#62979718
1$
#62998236
0$
#63016754
1$
#63035272
0$
#63053790
1$
#63072308
0$
#63090826
1$
#63109344
0$
#63127862
1$
#63146380
0$
#63164898
1$
#63183416
0$
#63201934
1$
#63220452
0$
#63238970
1$
#63257488
0$
#63276006
1$
#63294524
0$
#63313042
1$
#63331560
0$
#63350078
1$
#63368596
0$
#63387114
1$
#63405632
0$
#63424150
1$
#63442668
0$
#63461186
1$
#63479704
0$
#63498222
1$
#63516740
0$
#63535258
1$
#63553776
0$
#63572294
1$
#63590812
0$
#63609330
1$
#63627848
0$
#63646366
1$
#63664884
0$
#63683402
1$
#63701920
0$
#63720438
1$
#63738956
0$
#63757474
1$
#63775992
0$
#63794510
1$
#63813028
0$
#63831546
1$
#63850064
0$
#63868582
1$
#63887100
0$
#63905618
1$
#63924136
0$
#63942654
1$
#63961172
0$
#63979690
1$
#63998208
0$
#64016726
1$
#64035244
0$
#64053762
1$
#64072280
0$
#64090798
1$
#64109316
0$
#64127834
1$
#64146352
0$
#64164870
1$
#64183388
0$
#64201906
1$
#64220424
0$
#64238942
1$
#64257460
0$
#64275978
1$
#64294496
0$
#64313014
1$
#64331532
0$
#64350050
1$
#64368568
0$
#64387086
1$
#64405604
0$
#64424122
1$
#64442640
0$
#64461158
1$
#64479676
0$
#64498194
1$
#64516712
0$
#64535230
1$
#64553748
0$
#64572266
1$
#64590784
0$
#64609302
1$
#64627820
0$
#64646338
1$
#64664856
0$
#64683374
1$
#64701892
0$
#64720410
1$
#64738928
0$
#64757446
1$
#64775964
0$
#64794482
1$
#64813000
0$
#64831518
1$
#64850036
0$
#64868554
1$
#64887072
0$
#64905590
1$
#64924108
0$
#64942626
1$
#64961144
0$
#64979662
1$
#64998180
0$
#65016698
1$
#65035216
0$
#65053734
1$
#65072252
0$
#65090770
1$
#65109288
0$
#65127806
1$
#65146324
0$
#65164842
1$
#65183360
0$
#65201878
1$
#65220396
0$
#65238914
1$
#65257432
0$
#65275950
1$
#65294468
0$
#65312986
1$
#65331504
0$
#65350022
1$
#65368540
0$
#65387058
1$
#65405576
0$
#65424094
1$
#65442612
0$
#65461130
1$
#65479648
0$
#65498166
1$
#65516684
0$
#65535202
1$
#65553720
0$
#65572238
1$
#65590756
0$
#65609274
1$
#65627792
0$
#65646310
1$
#65664828
0$
#65683346
1$
#65701864
0$
#65720382
1$
#65738900
0$
#65757418
1$
#65775936
0$
#65794454
1$
#65812972
0$
#65831490
1$
#65850008
0$
#65868526
1$
#65887044
0$
#65905562
1$
#65924080
0$
#65942598
1$
#65961116
0$
#65979634
1$
#65998152
0$
#66016670
1$
#66035188
0$
#66053706
1$
#66072224
0$
#66090742
1$
#66109260
0$
#66127778
1$
#66146296
0$
#66164814
1$
#66183332
0$
#66201850
1$
#66220368
0$
#66238886
1$
#66257404
0$
#66275922
1$
#66294440
0$
#66312958
1$
#66331476
0$
#66349994
1$
#66368512
0$
#66387030
1$
#66405548
0$
#66424066
1$
#66442584
0$
#66461102
1$
#66479620
0$
#66498138
1$
#66516656
0$
#66535174
1$
#66553692
0$
#66572210
1$
#66590728
0$
#66609246
1$
#66627764
0$
#66646282
1$
#66664800
0$
#66683318
1$
#66701836
0$
#66720354
1$
#66738872
0$
#66757390
1$
#66775908
0$
#66794426
1$
#66812944
0$
#66831462
1$
#66849980
0$
#66868498
1$
#66887016
0$
#66905534
1$
#66924052
0$
#66942570
1$
#66961088
0$
#66979606
1$
#66998124
0$
#67016642
1$
#67035160
0$
#67053678
1$
#67072196
0$
#67090714
1$
#67109232
0$
#67127750
1$
#67146268
0$
#67164786
1$
#67183304
0$
#67201822
1$
#67220340
0$
#67238858
1$
#67257376
0$
#67275894
1$
#67294412
0$
#67312930
1$
#67331448
0$
#67349966
1$
#67368484
0$
#67387002
1$
#67405520
0$
#67424038
1$
#67442556
0$
#67461074
1$
#67479592
0$
#67498110
1$
#67516628
0$
#67535146
1$
#67553664
0$
#67572182
1$
#67590700
0$
#67609218
1$
#67627736
0$
#67646254
1$
#67664772
0$
#67683290
1$
#67701808
0$
#67720326
1$
#67738844
0$
#67757362
1$
#67775880
0$
#67794398
1$
#67812916
0$
#67831434
1$
#67849952
0$
#67868470
1$
#67886988
0$
#67905506
1$
#67924024
0$
#67942542
1$
#67961060
0$
#67979578
1$
#67998096
0$
#68016614
1$
#68035132
0$
#68053650
1$
#68072168
0$
#68090686
1$
#68109204
0$
#68127722
1$
#68146240
0$
#68164758
1$
#68183276
0$
#68201794
1$
#68220312
0$
#68238830
1$
#68257348
0$
#68275866
1$
#68294384
0$
#68312902
1$
#68331420
0$
#68349938
1$
#68368456
0$
#68386974
1$
#68405492
0$
#68424010
1$
#68442528
0$
#68461046
1$
#68479564
0$
#68498082
1$
#68516600
0$
#68535118
1$
#68553636
0$
#68572154
1$
#68590672
0$
#68609190
1$
#68627708
0$
#68646226
1$
#68664744
0$
#68683262
1$
#68701780
0$
#68720298
1$
#68738816
0$
#68757334
1$
#68775852
0$
#68794370
1$
#68812888
0$
#68831406
1$
#68849924
0$
#68868442
1$
#68886960
0$
#68905478
1$
#68923996
0$
#68942514
1$
#68961032
0$
#68979550
1$
#68998068
0$
#69016586
1$
#69035104
0$
#69053622
1$
#69072140
0$
#69090658
1$
#69109176
0$
#69127694
1$
#69146212
0$
#69164730
1$
#69183248
0$
#69201766
1$
#69220284
0$
#69238802
1$
#69257320
0$
#69275838
1$
#69294356
0$
#69312874
1$
#69331392
0$
#69349910
1$
#69368428
0$
#69386946
1$
#69405464
0$
#69423982
1$
#69442500
0$
#69461018
1$
#69479536
0$
#69498054
1$
#69516572
0$
#69535090
1$
#69553608
0$
#69572126
1$
#69590644
0$
#69609162
1$
#69627680
0$
#69646198
1$
#69664716
0$
#69683234
1$
#69701752
0$
#69720270
1$
#69738788
0$
#69757306
1$
#69775824
0$
#69794342
1$
#69812860
0$
#69831378
1$
#69849896
0$
#69868414
1$
#69886932
0$
#69905450
1$
#69923968
0$
#69942486
1$
#69961004
0$
#69979522
1$
#69998040
0$
#70016558
1$
#70035076
0$
#70053594
1$
#70072112
0$
#70090630
1$
#70109148
0$
#70127666
1$
#70146184
0$
#70164702
1$
#70183220
0$
#70200000
0"
0.
#70201738
0(
1$
#70220256
0$
#70238774
0)
1$
#70257292
0$
#70275810
b0 ,
1$
#70294328
0$
#70312846
b10111 !
b10111 &
b1000 '
b0 -
1$
#70331364
0$
#70349882
1$
#70368400
0$
#70386918
1$
#70405436
0$
#70423954
1$
#70442472
0$
#70460990
1$
#70479508
0$
#70498026
1$
#70516544
0$
#70535062
1$
#70553580
0$
#70572098
1$
#70590616
0$
#70609134
1$
#70627652
0$
#70646170
1$
#70664688
0$
#70683206
1$
#70701724
0$
#70720242
1$
#70738760
0$
#70757278
1$
#70775796
0$
#70794314
1$
#70812832
0$
#70831350
1$
#70849868
0$
#70868386
1$
#70886904
0$
#70905422
1$
#70923940
0$
#70942458
1$
#70960976
0$
#70979494
1$
#70998012
0$
#71016530
1$
#71035048
0$
#71053566
1$
#71072084
0$
#71090602
1$
#71109120
0$
#71127638
1$
#71146156
0$
#71164674
1$
#71183192
0$
#71201710
1$
#71220228
0$
#71238746
1$
#71257264
0$
#71275782
1$
#71294300
0$
#71312818
1$
#71331336
0$
#71349854
1$
#71368372
0$
#71386890
1$
#71405408
0$
#71423926
1$
#71442444
0$
#71460962
1$
#71479480
0$
#71497998
1$
#71516516
0$
#71535034
1$
#71553552
0$
#71572070
1$
#71590588
0$
#71609106
1$
#71627624
0$
#71646142
1$
#71664660
0$
#71683178
1$
#71701696
0$
#71720214
1$
#71738732
0$
#71757250
1$
#71775768
0$
#71794286
1$
#71812804
0$
#71831322
1$
#71849840
0$
#71868358
1$
#71886876
0$
#71905394
1$
#71923912
0$
#71942430
1$
#71960948
0$
#71979466
1$
#71997984
0$
#72016502
1$
#72035020
0$
#72053538
1$
#72072056
0$
#72090574
1$
#72109092
0$
#72127610
1$
#72146128
0$
#72164646
1$
#72183164
0$
#72201682
1$
#72220200
0$
#72238718
1$
#72257236
0$
#72275754
1$
#72294272
0$
#72312790
1$
#72331308
0$
#72349826
1$
#72368344
0$
#72386862
1$
#72405380
0$
#72423898
1$
#72442416
0$
#72460934
1$
#72479452
0$
#72497970
1$
#72516488
0$
#72535006
1$
#72553524
0$
#72572042
1$
#72590560
0$
#72609078
1$
#72627596
0$
#72646114
1$
#72664632
0$
#72683150
1$
#72701668
0$
#72720186
1$
#72738704
0$
#72757222
1$
#72775740
0$
#72794258
1$
#72812776
0$
#72831294
1$
#72849812
0$
#72868330
1$
#72886848
0$
#72905366
1$
#72923884
0$
#72942402
1$
#72960920
0$
#72979438
1$
#72997956
0$
#73016474
1$
#73034992
0$
#73053510
1$
#73072028
0$
#73090546
1$
#73109064
0$
#73127582
1$
#73146100
0$
#73164618
1$
#73183136
0$
#73201654
1$
#73220172
0$
#73238690
1$
#73257208
0$
#73275726
1$
#73294244
0$
#73312762
1$
#73331280
0$
#73349798
1$
#73368316
0$
#73386834
1$
#73405352
0$
#73423870
1$
#73442388
0$
#73460906
1$
#73479424
0$
#73497942
1$
#73516460
0$
#73534978
1$
#73553496
0$
#73572014
1$
#73590532
0$
#73609050
1$
#73627568
0$
#73646086
1$
#73664604
0$
#73683122
1$
#73701640
0$
#73720158
1$
#73738676
0$
#73757194
1$
#73775712
0$
#73794230
1$
#73812748
0$
#73831266
1$
#73849784
0$
#73868302
1$
#73886820
0$
#73905338
1$
#73923856
0$
#73942374
1$
#73960892
0$
#73979410
1$
#73997928
0$
#74016446
1$
#74034964
0$
#74053482
1$
#74072000
0$
#74090518
1$
#74109036
0$
#74127554
1$
#74146072
0$
#74164590
1$
#74183108
0$
#74201626
1$
#74220144
0$
#74238662
1$
#74257180
0$
#74275698
1$
#74294216
0$
#74312734
1$
#74331252
0$
#74349770
1$
#74368288
0$
#74386806
1$
#74405324
0$
#74423842
1$
#74442360
0$
#74460878
1$
#74479396
0$
#74497914
1$
#74516432
0$
#74534950
1$
#74553468
0$
#74571986
1$
#74590504
0$
#74609022
1$
#74627540
0$
#74646058
1$
#74664576
0$
#74683094
1$
#74701612
0$
#74720130
1$
#74738648
0$
#74757166
1$
#74775684
0$
#74794202
1$
#74812720
0$
#74831238
1$
#74849756
0$
#74868274
1$
#74886792
0$
#74905310
1$
#74923828
0$
#74942346
1$
#74960864
0$
#74979382
1$
#74997900
0$
#75016418
1$
#75034936
0$
#75053454
1$
#75071972
0$
#75090490
1$
#75109008
0$
#75127526
1$
#75146044
0$
#75164562
1$
#75183080
0$
#75201598
1$
#75220116
0$
#75238634
1$
#75257152
0$
#75275670
1$
#75294188
0$
#75312706
1$
#75331224
0$
#75349742
1$
#75368260
0$
#75386778
1$
#75405296
0$
#75423814
1$
#75442332
0$
#75460850
1$
#75479368
0$
#75497886
1$
#75516404
0$
#75534922
1$
#75553440
0$
#75571958
1$
#75590476
0$
#75608994
1$
#75627512
0$
#75646030
1$
#75664548
0$
#75683066
1$
#75701584
0$
#75720102
1$
#75738620
0$
#75757138
1$
#75775656
0$
#75794174
1$
#75812692
0$
#75831210
1$
#75849728
0$
#75868246
1$
#75886764
0$
#75905282
1$
#75923800
0$
#75942318
1$
#75960836
0$
#75979354
1$
#75997872
0$
#76016390
1$
#76034908
0$
#76053426
1$
#76071944
0$
#76090462
1$
#76108980
0$
#76127498
1$
#76146016
0$
#76164534
1$
#76183052
0$
#76201570
1$
#76220088
0$
#76238606
1$
#76257124
0$
#76275642
1$
#76294160
0$
#76312678
1$
#76331196
0$
#76349714
1$
#76368232
0$
#76386750
1$
#76405268
0$
#76423786
1$
#76442304
0$
#76460822
1$
#76479340
0$
#76497858
1$
#76516376
0$
#76534894
1$
#76553412
0$
#76571930
1$
#76590448
0$
#76608966
1$
#76627484
0$
#76646002
1$
#76664520
0$
#76683038
1$
#76701556
0$
#76720074
1$
#76738592
0$
#76757110
1$
#76775628
0$
#76794146
1$
#76812664
0$
#76831182
1$
#76849700
0$
#76868218
1$
#76886736
0$
#76905254
1$
#76923772
0$
#76942290
1$
#76960808
0$
#76979326
1$
#76997844
0$
#77016362
1$
#77034880
0$
#77053398
1$
#77071916
0$
#77090434
1$
#77108952
0$
#77127470
1$
#77145988
0$
#77164506
1$
#77183024
0$
#77201542
1$
#77220060
0$
#77238578
1$
#77257096
0$
#77275614
1$
#77294132
0$
#77312650
1$
#77331168
0$
#77349686
1$
#77368204
0$
#77386722
1$
#77405240
0$
#77423758
1$
#77442276
0$
#77460794
1$
#77479312
0$
#77497830
1$
#77516348
0$
#77534866
1$
#77553384
0$
#77571902
1$
#77590420
0$
#77608938
1$
#77627456
0$
#77645974
1$
#77664492
0$
#77683010
1$
#77701528
0$
#77720046
1$
#77738564
0$
#77757082
1$
#77775600
0$
#77794118
1$
#77812636
0$
#77831154
1$
#77849672
0$
#77868190
1$
#77886708
0$
#77905226
1$
#77923744
0$
#77942262
1$
#77960780
0$
#77979298
1$
#77997816
0$
#78016334
1$
#78034852
0$
#78053370
1$
#78071888
0$
#78090406
1$
#78108924
0$
#78127442
1$
#78145960
0$
#78164478
1$
#78182996
0$
#78201514
1$
#78220032
0$
#78238550
1$
#78257068
0$
#78275586
1$
#78294104
0$
#78312622
1$
#78331140
0$
#78349658
1$
#78368176
0$
#78386694
1$
#78405212
0$
#78423730
1$
#78442248
0$
#78460766
1$
#78479284
0$
#78497802
1$
#78516320
0$
#78534838
1$
#78553356
0$
#78571874
1$
#78590392
0$
#78608910
1$
#78627428
0$
#78645946
1$
#78664464
0$
#78682982
1$
#78701500
0$
#78720018
1$
#78738536
0$
#78757054
1$
#78775572
0$
#78794090
1$
#78812608
0$
#78831126
1$
#78849644
0$
#78868162
1$
#78886680
0$
#78905198
1$
#78923716
0$
#78942234
1$
#78960752
0$
#78979270
1$
#78997788
0$
#79016306
1$
#79034824
0$
#79053342
1$
#79071860
0$
#79090378
1$
#79108896
0$
#79127414
1$
#79145932
0$
#79164450
1$
#79182968
0$
#79201486
1$
#79220004
0$
#79238522
1$
#79257040
0$
#79275558
1$
#79294076
0$
#79312594
1$
#79331112
0$
#79349630
1$
#79368148
0$
#79386666
1$
#79405184
0$
#79423702
1$
#79442220
0$
#79460738
1$
#79479256
0$
#79497774
1$
#79516292
0$
#79534810
1$
#79553328
0$
#79571846
1$
#79590364
0$
#79608882
1$
#79627400
0$
#79645918
1$
#79664436
0$
#79682954
1$
#79701472
0$
#79719990
1$
#79738508
0$
#79757026
1$
#79775544
0$
#79794062
1$
#79812580
0$
#79831098
1$
#79849616
0$
#79868134
1$
#79886652
0$
#79905170
1$
#79923688
0$
#79942206
1$
#79960724
0$
#79979242
1$
#79997760
0$
#80016278
1$
#80034796
0$
#80053314
1$
#80071832
0$
#80090350
1$
#80108868
0$
#80127386
1$
#80145904
0$
#80164422
1$
#80182940
0$
#80200000
1"
1.
#80201458
1(
1$
#80219976
0$
#80238494
1)
1$
#80257012
0$
#80275530
b10 ,
1$
#80294048
0$
#80312566
b11000 !
b11000 &
b111 '
b10 -
1$
#80331084
0$
#80349602
1$
#80368120
0$
#80386638
1$
#80405156
0$
#80423674
1$
#80442192
0$
#80460710
1$
#80479228
0$
#80497746
1$
#80516264
0$
#80534782
1$
#80553300
0$
#80571818
1$
#80590336
0$
#80608854
1$
#80627372
0$
#80645890
1$
#80664408
0$
#80682926
1$
#80701444
0$
#80719962
1$
#80738480
0$
#80756998
1$
#80775516
0$
#80794034
1$
#80812552
0$
#80831070
1$
#80849588
0$
#80868106
1$
#80886624
0$
#80905142
1$
#80923660
0$
#80942178
1$
#80960696
0$
#80979214
1$
#80997732
0$
#81016250
1$
#81034768
0$
#81053286
1$
#81071804
0$
#81090322
1$
#81108840
0$
#81127358
1$
#81145876
0$
#81164394
1$
#81182912
0$
#81201430
1$
#81219948
0$
#81238466
1$
#81256984
0$
#81275502
1$
#81294020
0$
#81312538
1$
#81331056
0$
#81349574
1$
#81368092
0$
#81386610
1$
#81405128
0$
#81423646
1$
#81442164
0$
#81460682
1$
#81479200
0$
#81497718
1$
#81516236
0$
#81534754
1$
#81553272
0$
#81571790
1$
#81590308
0$
#81608826
1$
#81627344
0$
#81645862
1$
#81664380
0$
#81682898
1$
#81701416
0$
#81719934
1$
#81738452
0$
#81756970
1$
#81775488
0$
#81794006
1$
#81812524
0$
#81831042
1$
#81849560
0$
#81868078
1$
#81886596
0$
#81905114
1$
#81923632
0$
#81942150
1$
#81960668
0$
#81979186
1$
#81997704
0$
#82016222
1$
#82034740
0$
#82053258
1$
#82071776
0$
#82090294
1$
#82108812
0$
#82127330
1$
#82145848
0$
#82164366
1$
#82182884
0$
#82201402
1$
#82219920
0$
#82238438
1$
#82256956
0$
#82275474
1$
#82293992
0$
#82312510
1$
#82331028
0$
#82349546
1$
#82368064
0$
#82386582
1$
#82405100
0$
#82423618
1$
#82442136
0$
#82460654
1$
#82479172
0$
#82497690
1$
#82516208
0$
#82534726
1$
#82553244
0$
#82571762
1$
#82590280
0$
#82608798
1$
#82627316
0$
#82645834
1$
#82664352
0$
#82682870
1$
#82701388
0$
#82719906
1$
#82738424
0$
#82756942
1$
#82775460
0$
#82793978
1$
#82812496
0$
#82831014
1$
#82849532
0$
#82868050
1$
#82886568
0$
#82905086
1$
#82923604
0$
#82942122
1$
#82960640
0$
#82979158
1$
#82997676
0$
#83016194
1$
#83034712
0$
#83053230
1$
#83071748
0$
#83090266
1$
#83108784
0$
#83127302
1$
#83145820
0$
#83164338
1$
#83182856
0$
#83201374
1$
#83219892
0$
#83238410
1$
#83256928
0$
#83275446
1$
#83293964
0$
#83312482
1$
#83331000
0$
#83349518
1$
#83368036
0$
#83386554
1$
#83405072
0$
#83423590
1$
#83442108
0$
#83460626
1$
#83479144
0$
#83497662
1$
#83516180
0$
#83534698
1$
#83553216
0$
#83571734
1$
#83590252
0$
#83608770
1$
#83627288
0$
#83645806
1$
#83664324
0$
#83682842
1$
#83701360
0$
#83719878
1$
#83738396
0$
#83756914
1$
#83775432
0$
#83793950
1$
#83812468
0$
#83830986
1$
#83849504
0$
#83868022
1$
#83886540
0$
#83905058
1$
#83923576
0$
#83942094
1$
#83960612
0$
#83979130
1$
#83997648
0$
#84016166
1$
#84034684
0$
#84053202
1$
#84071720
0$
#84090238
1$
#84108756
0$
#84127274
1$
#84145792
0$
#84164310
1$
#84182828
0$
#84201346
1$
#84219864
0$
#84238382
1$
#84256900
0$
#84275418
1$
#84293936
0$
#84312454
1$
#84330972
0$
#84349490
1$
#84368008
0$
#84386526
1$
#84405044
0$
#84423562
1$
#84442080
0$
#84460598
1$
#84479116
0$
#84497634
1$
#84516152
0$
#84534670
1$
#84553188
0$
#84571706
1$
#84590224
0$
#84608742
1$
#84627260
0$
#84645778
1$
#84664296
0$
#84682814
1$
#84701332
0$
#84719850
1$
#84738368
0$
#84756886
1$
#84775404
0$
#84793922
1$
#84812440
0$
#84830958
1$
#84849476
0$
#84867994
1$
#84886512
0$
#84905030
1$
#84923548
0$
#84942066
1$
#84960584
0$
#84979102
1$
#84997620
0$
#85016138
1$
#85034656
0$
#85053174
1$
#85071692
0$
#85090210
1$
#85108728
0$
#85127246
1$
#85145764
0$
#85164282
1$
#85182800
0$
#85201318
1$
#85219836
0$
#85238354
1$
#85256872
0$
#85275390
1$
#85293908
0$
#85312426
1$
#85330944
0$
#85349462
1$
#85367980
0$
#85386498
1$
#85405016
0$
#85423534
1$
#85442052
0$
#85460570
1$
#85479088
0$
#85497606
1$
#85516124
0$
#85534642
1$
#85553160
0$
#85571678
1$
#85590196
0$
#85608714
1$
#85627232
0$
#85645750
1$
#85664268
0$
#85682786
1$
#85701304
0$
#85719822
1$
#85738340
0$
#85756858
1$
#85775376
0$
#85793894
1$
#85812412
0$
#85830930
1$
#85849448
0$
#85867966
1$
#85886484
0$
#85905002
1$
#85923520
0$
#85942038
1$
#85960556
0$
#85979074
1$
#85997592
0$
#86016110
1$
#86034628
0$
#86053146
1$
#86071664
0$
#86090182
1$
#86108700
0$
#86127218
1$
#86145736
0$
#86164254
1$
#86182772
0$
#86201290
1$
#86219808
0$
#86238326
1$
#86256844
0$
#86275362
1$
#86293880
0$
#86312398
1$
#86330916
0$
#86349434
1$
#86367952
0$
#86386470
1$
#86404988
0$
#86423506
1$
#86442024
0$
#86460542
1$
#86479060
0$
#86497578
1$
#86516096
0$
#86534614
1$
#86553132
0$
#86571650
1$
#86590168
0$
#86608686
1$
#86627204
0$
#86645722
1$
#86664240
0$
#86682758
1$
#86701276
0$
#86719794
1$
#86738312
0$
#86756830
1$
#86775348
0$
#86793866
1$
#86812384
0$
#86830902
1$
#86849420
0$
#86867938
1$
#86886456
0$
#86904974
1$
#86923492
0$
#86942010
1$
#86960528
0$
#86979046
1$
#86997564
0$
#87016082
1$
#87034600
0$
#87053118
1$
#87071636
0$
#87090154
1$
#87108672
0$
#87127190
1$
#87145708
0$
#87164226
1$
#87182744
0$
#87201262
1$
#87219780
0$
#87238298
1$
#87256816
0$
#87275334
1$
#87293852
0$
#87312370
1$
#87330888
0$
#87349406
1$
#87367924
0$
#87386442
1$
#87404960
0$
#87423478
1$
#87441996
0$
#87460514
1$
#87479032
0$
#87497550
1$
#87516068
0$
#87534586
1$
#87553104
0$
#87571622
1$
#87590140
0$
#87608658
1$
#87627176
0$
#87645694
1$
#87664212
0$
#87682730
1$
#87701248
0$
#87719766
1$
#87738284
0$
#87756802
1$
#87775320
0$
#87793838
1$
#87812356
0$
#87830874
1$
#87849392
0$
#87867910
1$
#87886428
0$
#87904946
1$
#87923464
0$
#87941982
1$
#87960500
0$
#87979018
1$
#87997536
0$
#88016054
1$
#88034572
0$
#88053090
1$
#88071608
0$
#88090126
1$
#88108644
0$
#88127162
1$
#88145680
0$
#88164198
1$
#88182716
0$
#88201234
1$
#88219752
0$
#88238270
1$
#88256788
0$
#88275306
1$
#88293824
0$
#88312342
1$
#88330860
0$
#88349378
1$
#88367896
0$
#88386414
1$
#88404932
0$
#88423450
1$
#88441968
0$
#88460486
1$
#88479004
0$
#88497522
1$
#88516040
0$
#88534558
1$
#88553076
0$
#88571594
1$
#88590112
0$
#88608630
1$
#88627148
0$
#88645666
1$
#88664184
0$
#88682702
1$
#88701220
0$
#88719738
1$
#88738256
0$
#88756774
1$
#88775292
0$
#88793810
1$
#88812328
0$
#88830846
1$
#88849364
0$
#88867882
1$
#88886400
0$
#88904918
1$
#88923436
0$
#88941954
1$
#88960472
0$
#88978990
1$
#88997508
0$
#89016026
1$
#89034544
0$
#89053062
1$
#89071580
0$
#89090098
1$
#89108616
0$
#89127134
1$
#89145652
0$
#89164170
1$
#89182688
0$
#89201206
1$
#89219724
0$
#89238242
1$
#89256760
0$
#89275278
1$
#89293796
0$
#89312314
1$
#89330832
0$
#89349350
1$
#89367868
0$
#89386386
1$
#89404904
0$
#89423422
1$
#89441940
0$
#89460458
1$
#89478976
0$
#89497494
1$
#89516012
0$
#89534530
1$
#89553048
0$
#89571566
1$
#89590084
0$
#89608602
1$
#89627120
0$
#89645638
1$
#89664156
0$
#89682674
1$
#89701192
0$
#89719710
1$
#89738228
0$
#89756746
1$
#89775264
0$
#89793782
1$
#89812300
0$
#89830818
1$
#89849336
0$
#89867854
1$
#89886372
0$
#89904890
1$
#89923408
0$
#89941926
1$
#89960444
0$
#89978962
1$
#89997480
0$
#90015998
1$
#90034516
0$
#90053034
1$
#90071552
0$
#90090070
1$
#90108588
0$
#90127106
1$
#90145624
0$
#90164142
1$
#90182660
0$
#90200000
1#
1/
#90201178
1*
1$
#90219696
0$
#90238214
1+
1$
#90256732
0$
#90275250
b11 ,
1$
#90293768
0$
#90312286
b11001 !
b11001 &
b110 '
b11 -
1$
#90330804
0$
#90349322
1$
#90367840
0$
#90386358
1$
#90404876
0$
#90423394
1$
#90441912
0$
#90460430
1$
#90478948
0$
#90497466
1$
#90515984
0$
#90534502
1$
#90553020
0$
#90571538
1$
#90590056
0$
#90608574
1$
#90627092
0$
#90645610
1$
#90664128
0$
#90682646
1$
#90701164
0$
#90719682
1$
#90738200
0$
#90756718
1$
#90775236
0$
#90793754
1$
#90812272
0$
#90830790
1$
#90849308
0$
#90867826
1$
#90886344
0$
#90904862
1$
#90923380
0$
#90941898
1$
#90960416
0$
#90978934
1$
#90997452
0$
#91015970
1$
#91034488
0$
#91053006
1$
#91071524
0$
#91090042
1$
#91108560
0$
#91127078
1$
#91145596
0$
#91164114
1$
#91182632
0$
#91201150
1$
#91219668
0$
#91238186
1$
#91256704
0$
#91275222
1$
#91293740
0$
#91312258
1$
#91330776
0$
#91349294
1$
#91367812
0$
#91386330
1$
#91404848
0$
#91423366
1$
#91441884
0$
#91460402
1$
#91478920
0$
#91497438
1$
#91515956
0$
#91534474
1$
#91552992
0$
#91571510
1$
#91590028
0$
#91608546
1$
#91627064
0$
#91645582
1$
#91664100
0$
#91682618
1$
#91701136
0$
#91719654
1$
#91738172
0$
#91756690
1$
#91775208
0$
#91793726
1$
#91812244
0$
#91830762
1$
#91849280
0$
#91867798
1$
#91886316
0$
#91904834
1$
#91923352
0$
#91941870
1$
#91960388
0$
#91978906
1$
#91997424
0$
#92015942
1$
#92034460
0$
#92052978
1$
#92071496
0$
#92090014
1$
#92108532
0$
#92127050
1$
#92145568
0$
#92164086
1$
#92182604
0$
#92201122
1$
#92219640
0$
#92238158
1$
#92256676
0$
#92275194
1$
#92293712
0$
#92312230
1$
#92330748
0$
#92349266
1$
#92367784
0$
#92386302
1$
#92404820
0$
#92423338
1$
#92441856
0$
#92460374
1$
#92478892
0$
#92497410
1$
#92515928
0$
#92534446
1$
#92552964
0$
#92571482
1$
#92590000
0$
#92608518
1$
#92627036
0$
#92645554
1$
#92664072
0$
#92682590
1$
#92701108
0$
#92719626
1$
#92738144
0$
#92756662
1$
#92775180
0$
#92793698
1$
#92812216
0$
#92830734
1$
#92849252
0$
#92867770
1$
#92886288
0$
#92904806
1$
#92923324
0$
#92941842
1$
#92960360
0$
#92978878
1$
#92997396
0$
#93015914
1$
#93034432
0$
#93052950
1$
#93071468
0$
#93089986
1$
#93108504
0$
#93127022
1$
#93145540
0$
#93164058
1$
#93182576
0$
#93201094
1$
#93219612
0$
#93238130
1$
#93256648
0$
#93275166
1$
#93293684
0$
#93312202
1$
#93330720
0$
#93349238
1$
#93367756
0$
#93386274
1$
#93404792
0$
#93423310
1$
#93441828
0$
#93460346
1$
#93478864
0$
#93497382
1$
#93515900
0$
#93534418
1$
#93552936
0$
#93571454
1$
#93589972
0$
#93608490
1$
#93627008
0$
#93645526
1$
#93664044
0$
#93682562
1$
#93701080
0$
#93719598
1$
#93738116
0$
#93756634
1$
#93775152
0$
#93793670
1$
#93812188
0$
#93830706
1$
#93849224
0$
#93867742
1$
#93886260
0$
#93904778
1$
#93923296
0$
#93941814
1$
#93960332
0$
#93978850
1$
#93997368
0$
#94015886
1$
#94034404
0$
#94052922
1$
#94071440
0$
#94089958
1$
#94108476
0$
#94126994
1$
#94145512
0$
#94164030
1$
#94182548
0$
#94201066
1$
#94219584
0$
#94238102
1$
#94256620
0$
#94275138
1$
#94293656
0$
#94312174
1$
#94330692
0$
#94349210
1$
#94367728
0$
#94386246
1$
#94404764
0$
#94423282
1$
#94441800
0$
#94460318
1$
#94478836
0$
#94497354
1$
#94515872
0$
#94534390
1$
#94552908
0$
#94571426
1$
#94589944
0$
#94608462
1$
#94626980
0$
#94645498
1$
#94664016
0$
#94682534
1$
#94701052
0$
#94719570
1$
#94738088
0$
#94756606
1$
#94775124
0$
#94793642
1$
#94812160
0$
#94830678
1$
#94849196
0$
#94867714
1$
#94886232
0$
#94904750
1$
#94923268
0$
#94941786
1$
#94960304
0$
#94978822
1$
#94997340
0$
#95015858
1$
#95034376
0$
#95052894
1$
#95071412
0$
#95089930
1$
#95108448
0$
#95126966
1$
#95145484
0$
#95164002
1$
#95182520
0$
#95201038
1$
#95219556
0$
#95238074
1$
#95256592
0$
#95275110
1$
#95293628
0$
#95312146
1$
#95330664
0$
#95349182
1$
#95367700
0$
#95386218
1$
#95404736
0$
#95423254
1$
#95441772
0$
#95460290
1$
#95478808
0$
#95497326
1$
#95515844
0$
#95534362
1$
#95552880
0$
#95571398
1$
#95589916
0$
#95608434
1$
#95626952
0$
#95645470
1$
#95663988
0$
#95682506
1$
#95701024
0$
#95719542
1$
#95738060
0$
#95756578
1$
#95775096
0$
#95793614
1$
#95812132
0$
#95830650
1$
#95849168
0$
#95867686
1$
#95886204
0$
#95904722
1$
#95923240
0$
#95941758
1$
#95960276
0$
#95978794
1$
#95997312
0$
#96015830
1$
#96034348
0$
#96052866
1$
#96071384
0$
#96089902
1$
#96108420
0$
#96126938
1$
#96145456
0$
#96163974
1$
#96182492
0$
#96201010
1$
#96219528
0$
#96238046
1$
#96256564
0$
#96275082
1$
#96293600
0$
#96312118
1$
#96330636
0$
#96349154
1$
#96367672
0$
#96386190
1$
#96404708
0$
#96423226
1$
#96441744
0$
#96460262
1$
#96478780
0$
#96497298
1$
#96515816
0$
#96534334
1$
#96552852
0$
#96571370
1$
#96589888
0$
#96608406
1$
#96626924
0$
#96645442
1$
#96663960
0$
#96682478
1$
#96700996
0$
#96719514
1$
#96738032
0$
#96756550
1$
#96775068
0$
#96793586
1$
#96812104
0$
#96830622
1$
#96849140
0$
#96867658
1$
#96886176
0$
#96904694
1$
#96923212
0$
#96941730
1$
#96960248
0$
#96978766
1$
#96997284
0$
#97015802
1$
#97034320
0$
#97052838
1$
#97071356
0$
#97089874
1$
#97108392
0$
#97126910
1$
#97145428
0$
#97163946
1$
#97182464
0$
#97200982
1$
#97219500
0$
#97238018
1$
#97256536
0$
#97275054
1$
#97293572
0$
#97312090
1$
#97330608
0$
#97349126
1$
#97367644
0$
#97386162
1$
#97404680
0$
#97423198
1$
#97441716
0$
#97460234
1$
#97478752
0$
#97497270
1$
#97515788
0$
#97534306
1$
#97552824
0$
#97571342
1$
#97589860
0$
#97608378
1$
#97626896
0$
#97645414
1$
#97663932
0$
#97682450
1$
#97700968
0$
#97719486
1$
#97738004
0$
#97756522
1$
#97775040
0$
#97793558
1$
#97812076
0$
#97830594
1$
#97849112
0$
#97867630
1$
#97886148
0$
#97904666
1$
#97923184
0$
#97941702
1$
#97960220
0$
#97978738
1$
#97997256
0$
#98015774
1$
#98034292
0$
#98052810
1$
#98071328
0$
#98089846
1$
#98108364
0$
#98126882
1$
#98145400
0$
#98163918
1$
#98182436
0$
#98200954
1$
#98219472
0$
#98237990
1$
#98256508
0$
#98275026
1$
#98293544
0$
#98312062
1$
#98330580
0$
#98349098
1$
#98367616
0$
#98386134
1$
#98404652
0$
#98423170
1$
#98441688
0$
#98460206
1$
#98478724
0$
#98497242
1$
#98515760
0$
#98534278
1$
#98552796
0$
#98571314
1$
#98589832
0$
#98608350
1$
#98626868
0$
#98645386
1$
#98663904
0$
#98682422
1$
#98700940
0$
#98719458
1$
#98737976
0$
#98756494
1$
#98775012
0$
#98793530
1$
#98812048
0$
#98830566
1$
#98849084
0$
#98867602
1$
#98886120
0$
#98904638
1$
#98923156
0$
#98941674
1$
#98960192
0$
#98978710
1$
#98997228
0$
#99015746
1$
#99034264
0$
#99052782
1$
#99071300
0$
#99089818
1$
#99108336
0$
#99126854
1$
#99145372
0$
#99163890
1$
#99182408
0$
#99200926
1$
#99219444
0$
#99237962
1$
#99256480
0$
#99274998
1$
#99293516
0$
#99312034
1$
#99330552
0$
#99349070
1$
#99367588
0$
#99386106
1$
#99404624
0$
#99423142
1$
#99441660
0$
#99460178
1$
#99478696
0$
#99497214
1$
#99515732
0$
#99534250
1$
#99552768
0$
#99571286
1$
#99589804
0$
#99608322
1$
#99626840
0$
#99645358
1$
#99663876
0$
#99682394
1$
#99700912
0$
#99719430
1$
#99737948
0$
#99756466
1$
#99774984
0$
#99793502
1$
#99812020
0$
#99830538
1$
#99849056
0$
#99867574
1$
#99886092
0$
#99904610
1$
#99923128
0$
#99941646
1$
#99960164
0$
#99978682
1$
#99997200
0$
#100015718
1$
#100034236
0$
#100052754
1$
#100071272
0$
#100089790
1$
#100108308
0$
#100126826
1$
#100145344
0$
#100163862
1$
#100182380
0$
#100200000
0"
0.
#100200898
0(
1$
#100219416
0$
#100237934
0)
1$
#100256452
0$
#100274970
b1 ,
1$
#100293488
0$
#100312006
b11010 !
b11010 &
b101 '
b1 -
1$
#100330524
0$
#100349042
1$
#100367560
0$
#100386078
1$
#100404596
0$
#100423114
1$
#100441632
0$
#100460150
1$
#100478668
0$
#100497186
1$
#100515704
0$
#100534222
1$
#100552740
0$
#100571258
1$
#100589776
0$
#100608294
1$
#100626812
0$
#100645330
1$
#100663848
0$
#100682366
1$
#100700884
0$
#100719402
1$
#100737920
0$
#100756438
1$
#100774956
0$
#100793474
1$
#100811992
0$
#100830510
1$
#100849028
0$
#100867546
1$
#100886064
0$
#100904582
1$
#100923100
0$
#100941618
1$
#100960136
0$
#100978654
1$
#100997172
0$
#101015690
1$
#101034208
0$
#101052726
1$
#101071244
0$
#101089762
1$
#101108280
0$
#101126798
1$
#101145316
0$
#101163834
1$
#101182352
0$
#101200870
1$
#101219388
0$
#101237906
1$
#101256424
0$
#101274942
1$
#101293460
0$
#101311978
1$
#101330496
0$
#101349014
1$
#101367532
0$
#101386050
1$
#101404568
0$
#101423086
1$
#101441604
0$
#101460122
1$
#101478640
0$
#101497158
1$
#101515676
0$
#101534194
1$
#101552712
0$
#101571230
1$
#101589748
0$
#101608266
1$
#101626784
0$
#101645302
1$
#101663820
0$
#101682338
1$
#101700856
0$
#101719374
1$
#101737892
0$
#101756410
1$
#101774928
0$
#101793446
1$
#101811964
0$
#101830482
1$
#101849000
0$
#101867518
1$
#101886036
0$
#101904554
1$
#101923072
0$
#101941590
1$
#101960108
0$
#101978626
1$
#101997144
0$
#102015662
1$
#102034180
0$
#102052698
1$
#102071216
0$
#102089734
1$
#102108252
0$
#102126770
1$
#102145288
0$
#102163806
1$
#102182324
0$
#102200842
1$
#102219360
0$
#102237878
1$
#102256396
0$
#102274914
1$
#102293432
0$
#102311950
1$
#102330468
0$
#102348986
1$
#102367504
0$
#102386022
1$
#102404540
0$
#102423058
1$
#102441576
0$
#102460094
1$
#102478612
0$
#102497130
1$
#102515648
0$
#102534166
1$
#102552684
0$
#102571202
1$
#102589720
0$
#102608238
1$
#102626756
0$
#102645274
1$
#102663792
0$
#102682310
1$
#102700828
0$
#102719346
1$
#102737864
0$
#102756382
1$
#102774900
0$
#102793418
1$
#102811936
0$
#102830454
1$
#102848972
0$
#102867490
1$
#102886008
0$
#102904526
1$
#102923044
0$
#102941562
1$
#102960080
0$
#102978598
1$
#102997116
0$
#103015634
1$
#103034152
0$
#103052670
1$
#103071188
0$
#103089706
1$
#103108224
0$
#103126742
1$
#103145260
0$
#103163778
1$
#103182296
0$
#103200814
1$
#103219332
0$
#103237850
1$
#103256368
0$
#103274886
1$
#103293404
0$
#103311922
1$
#103330440
0$
#103348958
1$
#103367476
0$
#103385994
1$
#103404512
0$
#103423030
1$
#103441548
0$
#103460066
1$
#103478584
0$
#103497102
1$
#103515620
0$
#103534138
1$
#103552656
0$
#103571174
1$
#103589692
0$
#103608210
1$
#103626728
0$
#103645246
1$
#103663764
0$
#103682282
1$
#103700800
0$
#103719318
1$
#103737836
0$
#103756354
1$
#103774872
0$
#103793390
1$
#103811908
0$
#103830426
1$
#103848944
0$
#103867462
1$
#103885980
0$
#103904498
1$
#103923016
0$
#103941534
1$
#103960052
0$
#103978570
1$
#103997088
0$
#104015606
1$
#104034124
0$
#104052642
1$
#104071160
0$
#104089678
1$
#104108196
0$
#104126714
1$
#104145232
0$
#104163750
1$
#104182268
0$
#104200786
1$
#104219304
0$
#104237822
1$
#104256340
0$
#104274858
1$
#104293376
0$
#104311894
1$
#104330412
0$
#104348930
1$
#104367448
0$
#104385966
1$
#104404484
0$
#104423002
1$
#104441520
0$
#104460038
1$
#104478556
0$
#104497074
1$
#104515592
0$
#104534110
1$
#104552628
0$
#104571146
1$
#104589664
0$
#104608182
1$
#104626700
0$
#104645218
1$
#104663736
0$
#104682254
1$
#104700772
0$
#104719290
1$
#104737808
0$
#104756326
1$
#104774844
0$
#104793362
1$
#104811880
0$
#104830398
1$
#104848916
0$
#104867434
1$
#104885952
0$
#104904470
1$
#104922988
0$
#104941506
1$
#104960024
0$
#104978542
1$
#104997060
0$
#105015578
1$
#105034096
0$
#105052614
1$
#105071132
0$
#105089650
1$
#105108168
0$
#105126686
1$
#105145204
0$
#105163722
1$
#105182240
0$
#105200758
1$
#105219276
0$
#105237794
1$
#105256312
0$
#105274830
1$
#105293348
0$
#105311866
1$
#105330384
0$
#105348902
1$
#105367420
0$
#105385938
1$
#105404456
0$
#105422974
1$
#105441492
0$
#105460010
1$
#105478528
0$
#105497046
1$
#105515564
0$
#105534082
1$
#105552600
0$
#105571118
1$
#105589636
0$
#105608154
1$
#105626672
0$
#105645190
1$
#105663708
0$
#105682226
1$
#105700744
0$
#105719262
1$
#105737780
0$
#105756298
1$
#105774816
0$
#105793334
1$
#105811852
0$
#105830370
1$
#105848888
0$
#105867406
1$
#105885924
0$
#105904442
1$
#105922960
0$
#105941478
1$
#105959996
0$
#105978514
1$
#105997032
0$
#106015550
1$
#106034068
0$
#106052586
1$
#106071104
0$
#106089622
1$
#106108140
0$
#106126658
1$
#106145176
0$
#106163694
1$
#106182212
0$
#106200730
1$
#106219248
0$
#106237766
1$
#106256284
0$
#106274802
1$
#106293320
0$
#106311838
1$
#106330356
0$
#106348874
1$
#106367392
0$
#106385910
1$
#106404428
0$
#106422946
1$
#106441464
0$
#106459982
1$
#106478500
0$
#106497018
1$
#106515536
0$
#106534054
1$
#106552572
0$
#106571090
1$
#106589608
0$
#106608126
1$
#106626644
0$
#106645162
1$
#106663680
0$
#106682198
1$
#106700716
0$
#106719234
1$
#106737752
0$
#106756270
1$
#106774788
0$
#106793306
1$
#106811824
0$
#106830342
1$
#106848860
0$
#106867378
1$
#106885896
0$
#106904414
1$
#106922932
0$
#106941450
1$
#106959968
0$
#106978486
1$
#106997004
0$
#107015522
1$
#107034040
0$
#107052558
1$
#107071076
0$
#107089594
1$
#107108112
0$
#107126630
1$
#107145148
0$
#107163666
1$
#107182184
0$
#107200702
1$
#107219220
0$
#107237738
1$
#107256256
0$
#107274774
1$
#107293292
0$
#107311810
1$
#107330328
0$
#107348846
1$
#107367364
0$
#107385882
1$
#107404400
0$
#107422918
1$
#107441436
0$
#107459954
1$
#107478472
0$
#107496990
1$
#107515508
0$
#107534026
1$
#107552544
0$
#107571062
1$
#107589580
0$
#107608098
1$
#107626616
0$
#107645134
1$
#107663652
0$
#107682170
1$
#107700688
0$
#107719206
1$
#107737724
0$
#107756242
1$
#107774760
0$
#107793278
1$
#107811796
0$
#107830314
1$
#107848832
0$
#107867350
1$
#107885868
0$
#107904386
1$
#107922904
0$
#107941422
1$
#107959940
0$
#107978458
1$
#107996976
0$
#108015494
1$
#108034012
0$
#108052530
1$
#108071048
0$
#108089566
1$
#108108084
0$
#108126602
1$
#108145120
0$
#108163638
1$
#108182156
0$
#108200674
1$
#108219192
0$
#108237710
1$
#108256228
0$
#108274746
1$
#108293264
0$
#108311782
1$
#108330300
0$
#108348818
1$
#108367336
0$
#108385854
1$
#108404372
0$
#108422890
1$
#108441408
0$
#108459926
1$
#108478444
0$
#108496962
1$
#108515480
0$
#108533998
1$
#108552516
0$
#108571034
1$
#108589552
0$
#108608070
1$
#108626588
0$
#108645106
1$
#108663624
0$
#108682142
1$
#108700660
0$
#108719178
1$
#108737696
0$
#108756214
1$
#108774732
0$
#108793250
1$
#108811768
0$
#108830286
1$
#108848804
0$
#108867322
1$
#108885840
0$
#108904358
1$
#108922876
0$
#108941394
1$
#108959912
0$
#108978430
1$
#108996948
0$
#109015466
1$
#109033984
0$
#109052502
1$
#109071020
0$
#109089538
1$
#109108056
0$
#109126574
1$
#109145092
0$
#109163610
1$
#109182128
0$
#109200646
1$
#109219164
0$
#109237682
1$
#109256200
0$
#109274718
1$
#109293236
0$
#109311754
1$
#109330272
0$
#109348790
1$
#109367308
0$
#109385826
1$
#109404344
0$
#109422862
1$
#109441380
0$
#109459898
1$
#109478416
0$
#109496934
1$
#109515452
0$
#109533970
1$
#109552488
0$
#109571006
1$
#109589524
0$
#109608042
1$
#109626560
0$
#109645078
1$
#109663596
0$
#109682114
1$
#109700632
0$
#109719150
1$
#109737668
0$
#109756186
1$
#109774704
0$
#109793222
1$
#109811740
0$
#109830258
1$
#109848776
0$
#109867294
1$
#109885812
0$
#109904330
1$
#109922848
0$
#109941366
1$
#109959884
0$
#109978402
1$
#109996920
0$
#110015438
1$
#110033956
0$
#110052474
1$
#110070992
0$
#110089510
1$
#110108028
0$
#110126546
1$
#110145064
0$
#110163582
1$
#110182100
0$
#110200000
0#
0/
#110200618
0*
1$
#110219136
0$
#110237654
0+
1$
#110256172
0$
#110274690
b0 ,
1$
#110293208
0$
#110311726
b11011 !
b11011 &
b100 '
b0 -
1$
#110330244
0$
#110348762
1$
#110367280
0$
#110385798
1$
#110404316
0$
#110422834
1$
#110441352
0$
#110459870
1$
#110478388
0$
#110496906
1$
#110515424
0$
#110533942
1$
#110552460
0$
#110570978
1$
#110589496
0$
#110608014
1$
#110626532
0$
#110645050
1$
#110663568
0$
#110682086
1$
#110700604
0$
#110719122
1$
#110737640
0$
#110756158
1$
#110774676
0$
#110793194
1$
#110811712
0$
#110830230
1$
#110848748
0$
#110867266
1$
#110885784
0$
#110904302
1$
#110922820
0$
#110941338
1$
#110959856
0$
#110978374
1$
#110996892
0$
#111015410
1$
#111033928
0$
#111052446
1$
#111070964
0$
#111089482
1$
#111108000
0$
#111126518
1$
#111145036
0$
#111163554
1$
#111182072
0$
#111200590
1$
#111219108
0$
#111237626
1$
#111256144
0$
#111274662
1$
#111293180
0$
#111311698
1$
#111330216
0$
#111348734
1$
#111367252
0$
#111385770
1$
#111404288
0$
#111422806
1$
#111441324
0$
#111459842
1$
#111478360
0$
#111496878
1$
#111515396
0$
#111533914
1$
#111552432
0$
#111570950
1$
#111589468
0$
#111607986
1$
#111626504
0$
#111645022
1$
#111663540
0$
#111682058
1$
#111700576
0$
#111719094
1$
#111737612
0$
#111756130
1$
#111774648
0$
#111793166
1$
#111811684
0$
#111830202
1$
#111848720
0$
#111867238
1$
#111885756
0$
#111904274
1$
#111922792
0$
#111941310
1$
#111959828
0$
#111978346
1$
#111996864
0$
#112015382
1$
#112033900
0$
#112052418
1$
#112070936
0$
#112089454
1$
#112107972
0$
#112126490
1$
#112145008
0$
#112163526
1$
#112182044
0$
#112200562
1$
#112219080
0$
#112237598
1$
#112256116
0$
#112274634
1$
#112293152
0$
#112311670
1$
#112330188
0$
#112348706
1$
#112367224
0$
#112385742
1$
#112404260
0$
#112422778
1$
#112441296
0$
#112459814
1$
#112478332
0$
#112496850
1$
#112515368
0$
#112533886
1$
#112552404
0$
#112570922
1$
#112589440
0$
#112607958
1$
#112626476
0$
#112644994
1$
#112663512
0$
#112682030
1$
#112700548
0$
#112719066
1$
#112737584
0$
#112756102
1$
#112774620
0$
#112793138
1$
#112811656
0$
#112830174
1$
#112848692
0$
#112867210
1$
#112885728
0$
#112904246
1$
#112922764
0$
#112941282
1$
#112959800
0$
#112978318
1$
#112996836
0$
#113015354
1$
#113033872
0$
#113052390
1$
#113070908
0$
#113089426
1$
#113107944
0$
#113126462
1$
#113144980
0$
#113163498
1$
#113182016
0$
#113200534
1$
#113219052
0$
#113237570
1$
#113256088
0$
#113274606
1$
#113293124
0$
#113311642
1$
#113330160
0$
#113348678
1$
#113367196
0$
#113385714
1$
#113404232
0$
#113422750
1$
#113441268
0$
#113459786
1$
#113478304
0$
#113496822
1$
#113515340
0$
#113533858
1$
#113552376
0$
#113570894
1$
#113589412
0$
#113607930
1$
#113626448
0$
#113644966
1$
#113663484
0$
#113682002
1$
#113700520
0$
#113719038
1$
#113737556
0$
#113756074
1$
#113774592
0$
#113793110
1$
#113811628
0$
#113830146
1$
#113848664
0$
#113867182
1$
#113885700
0$
#113904218
1$
#113922736
0$
#113941254
1$
#113959772
0$
#113978290
1$
#113996808
0$
#114015326
1$
#114033844
0$
#114052362
1$
#114070880
0$
#114089398
1$
#114107916
0$
#114126434
1$
#114144952
0$
#114163470
1$
#114181988
0$
#114200506
1$
#114219024
0$
#114237542
1$
#114256060
0$
#114274578
1$
#114293096
0$
#114311614
1$
#114330132
0$
#114348650
1$
#114367168
0$
#114385686
1$
#114404204
0$
#114422722
1$
#114441240
0$
#114459758
1$
#114478276
0$
#114496794
1$
#114515312
0$
#114533830
1$
#114552348
0$
#114570866
1$
#114589384
0$
#114607902
1$
#114626420
0$
#114644938
1$
#114663456
0$
#114681974
1$
#114700492
0$
#114719010
1$
#114737528
0$
#114756046
1$
#114774564
0$
#114793082
1$
#114811600
0$
#114830118
1$
#114848636
0$
#114867154
1$
#114885672
0$
#114904190
1$
#114922708
0$
#114941226
1$
#114959744
0$
#114978262
1$
#114996780
0$
#115015298
1$
#115033816
0$
#115052334
1$
#115070852
0$
#115089370
1$
#115107888
0$
#115126406
1$
#115144924
0$
#115163442
1$
#115181960
0$
#115200478
1$
#115218996
0$
#115237514
1$
#115256032
0$
#115274550
1$
#115293068
0$
#115311586
1$
#115330104
0$
#115348622
1$
#115367140
0$
#115385658
1$
#115404176
0$
#115422694
1$
#115441212
0$
#115459730
1$
#115478248
0$
#115496766
1$
#115515284
0$
#115533802
1$
#115552320
0$
#115570838
1$
#115589356
0$
#115607874
1$
#115626392
0$
#115644910
1$
#115663428
0$
#115681946
1$
#115700464
0$
#115718982
1$
#115737500
0$
#115756018
1$
#115774536
0$
#115793054
1$
#115811572
0$
#115830090
1$
#115848608
0$
#115867126
1$
#115885644
0$
#115904162
1$
#115922680
0$
#115941198
1$
#115959716
0$
#115978234
1$
#115996752
0$
#116015270
1$
#116033788
0$
#116052306
1$
#116070824
0$
#116089342
1$
#116107860
0$
#116126378
1$
#116144896
0$
#116163414
1$
#116181932
0$
#116200450
1$
#116218968
0$
#116237486
1$
#116256004
0$
#116274522
1$
#116293040
0$
#116311558
1$
#116330076
0$
#116348594
1$
#116367112
0$
#116385630
1$
#116404148
0$
#116422666
1$
#116441184
0$
#116459702
1$
#116478220
0$
#116496738
1$
#116515256
0$
#116533774
1$
#116552292
0$
#116570810
1$
#116589328
0$
#116607846
1$
#116626364
0$
#116644882
1$
#116663400
0$
#116681918
1$
#116700436
0$
#116718954
1$
#116737472
0$
#116755990
1$
#116774508
0$
#116793026
1$
#116811544
0$
#116830062
1$
#116848580
0$
#116867098
1$
#116885616
0$
#116904134
1$
#116922652
0$
#116941170
1$
#116959688
0$
#116978206
1$
#116996724
0$
#117015242
1$
#117033760
0$
#117052278
1$
#117070796
0$
#117089314
1$
#117107832
0$
#117126350
1$
#117144868
0$
#117163386
1$
#117181904
0$
#117200422
1$
#117218940
0$
#117237458
1$
#117255976
0$
#117274494
1$
#117293012
0$
#117311530
1$
#117330048
0$
#117348566
1$
#117367084
0$
#117385602
1$
#117404120
0$
#117422638
1$
#117441156
0$
#117459674
1$
#117478192
0$
#117496710
1$
#117515228
0$
#117533746
1$
#117552264
0$
#117570782
1$
#117589300
0$
#117607818
1$
#117626336
0$
#117644854
1$
#117663372
0$
#117681890
1$
#117700408
0$
#117718926
1$
#117737444
0$
#117755962
1$
#117774480
0$
#117792998
1$
#117811516
0$
#117830034
1$
#117848552
0$
#117867070
1$
#117885588
0$
#117904106
1$
#117922624
0$
#117941142
1$
#117959660
0$
#117978178
1$
#117996696
0$
#118015214
1$
#118033732
0$
#118052250
1$
#118070768
0$
#118089286
1$
#118107804
0$
#118126322
1$
#118144840
0$
#118163358
1$
#118181876
0$
#118200394
1$
#118218912
0$
#118237430
1$
#118255948
0$
#118274466
1$
#118292984
0$
#118311502
1$
#118330020
0$
#118348538
1$
#118367056
0$
#118385574
1$
#118404092
0$
#118422610
1$
#118441128
0$
#118459646
1$
#118478164
0$
#118496682
1$
#118515200
0$
#118533718
1$
#118552236
0$
#118570754
1$
#118589272
0$
#118607790
1$
#118626308
0$
#118644826
1$
#118663344
0$
#118681862
1$
#118700380
0$
#118718898
1$
#118737416
0$
#118755934
1$
#118774452
0$
#118792970
1$
#118811488
0$
#118830006
1$
#118848524
0$
#118867042
1$
#118885560
0$
#118904078
1$
#118922596
0$
#118941114
1$
#118959632
0$
#118978150
1$
#118996668
0$
#119015186
1$
#119033704
0$
#119052222
1$
#119070740
0$
#119089258
1$
#119107776
0$
#119126294
1$
#119144812
0$
#119163330
1$
#119181848
0$
#119200366
1$
#119218884
0$
#119237402
1$
#119255920
0$
#119274438
1$
#119292956
0$
#119311474
1$
#119329992
0$
#119348510
1$
#119367028
0$
#119385546
1$
#119404064
0$
#119422582
1$
#119441100
0$
#119459618
1$
#119478136
0$
#119496654
1$
#119515172
0$
#119533690
1$
#119552208
0$
#119570726
1$
#119589244
0$
#119607762
1$
#119626280
0$
#119644798
1$
#119663316
0$
#119681834
1$
#119700352
0$
#119718870
1$
#119737388
0$
#119755906
1$
#119774424
0$
#119792942
1$
#119811460
0$
#119829978
1$
#119848496
0$
#119867014
1$
#119885532
0$
#119904050
1$
#119922568
0$
#119941086
1$
#119959604
0$
#119978122
1$
#119996640
0$
#120015158
1$
#120033676
0$
#120052194
1$
#120070712
0$
#120089230
1$
#120107748
0$
#120126266
1$
#120144784
0$
#120163302
1$
#120181820
0$
#120200338
1$
#120218856
0$
#120237374
1$
#120255892
0$
#120274410
1$
#120292928
0$
#120311446
1$
#120329964
0$
#120348482
1$
#120367000
0$
#120385518
1$
#120404036
0$
#120422554
1$
#120441072
0$
#120459590
1$
#120478108
0$
#120496626
1$
#120515144
0$
#120533662
1$
#120552180
0$
#120570698
1$
#120589216
0$
#120607734
1$
#120626252
0$
#120644770
1$
#120663288
0$
#120681806
1$
#120700324
0$
#120718842
1$
#120737360
0$
#120755878
1$
#120774396
0$
#120792914
1$
#120811432
0$
#120829950
1$
#120848468
0$
#120866986
1$
#120885504
0$
#120904022
1$
#120922540
0$
#120941058
1$
#120959576
0$
#120978094
1$
#120996612
0$
#121015130
1$
#121033648
0$
#121052166
1$
#121070684
0$
#121089202
1$
#121107720
0$
#121126238
1$
#121144756
0$
#121163274
1$
#121181792
0$
#121200310
1$
#121218828
0$
#121237346
1$
#121255864
0$
#121274382
1$
#121292900
0$
#121311418
1$
#121329936
0$
#121348454
1$
#121366972
0$
#121385490
1$
#121404008
0$
#121422526
1$
#121441044
0$
#121459562
1$
#121478080
0$
#121496598
1$
#121515116
0$
#121533634
1$
#121552152
0$
#121570670
1$
#121589188
0$
#121607706
1$
#121626224
0$
#121644742
1$
#121663260
0$
#121681778
1$
#121700296
0$
#121718814
1$
#121737332
0$
#121755850
1$
#121774368
0$
#121792886
1$
#121811404
0$
#121829922
1$
#121848440
0$
#121866958
1$
#121885476
0$
#121903994
1$
#121922512
0$
#121941030
1$
#121959548
0$
#121978066
1$
#121996584
0$
#122015102
1$
#122033620
0$
#122052138
1$
#122070656
0$
#122089174
1$
#122107692
0$
#122126210
1$
#122144728
0$
#122163246
1$
#122181764
0$
#122200282
1$
#122218800
0$
#122237318
1$
#122255836
0$
#122274354
1$
#122292872
0$
#122311390
1$
#122329908
0$
#122348426
1$
#122366944
0$
#122385462
1$
#122403980
0$
#122422498
1$
#122441016
0$
#122459534
1$
#122478052
0$
#122496570
1$
#122515088
0$
#122533606
1$
#122552124
0$
#122570642
1$
#122589160
0$
#122607678
1$
#122626196
0$
#122644714
1$
#122663232
0$
#122681750
1$
#122700268
0$
#122718786
1$
#122737304
0$
#122755822
1$
#122774340
0$
#122792858
1$
#122811376
0$
#122829894
1$
#122848412
0$
#122866930
1$
#122885448
0$
#122903966
1$
#122922484
0$
#122941002
1$
#122959520
0$
#122978038
1$
#122996556
0$
#123015074
1$
#123033592
0$
#123052110
1$
#123070628
0$
#123089146
1$
#123107664
0$
#123126182
1$
#123144700
0$
#123163218
1$
#123181736
0$
#123200254
1$
#123218772
0$
#123237290
1$
#123255808
0$
#123274326
1$
#123292844
0$
#123311362
1$
#123329880
0$
#123348398
1$
#123366916
0$
#123385434
1$
#123403952
0$
#123422470
1$
#123440988
0$
#123459506
1$
#123478024
0$
#123496542
1$
#123515060
0$
#123533578
1$
#123552096
0$
#123570614
1$
#123589132
0$
#123607650
1$
#123626168
0$
#123644686
1$
#123663204
0$
#123681722
1$
#123700240
0$
#123718758
1$
#123737276
0$
#123755794
1$
#123774312
0$
#123792830
1$
#123811348
0$
#123829866
1$
#123848384
0$
#123866902
1$
#123885420
0$
#123903938
1$
#123922456
0$
#123940974
1$
#123959492
0$
#123978010
1$
#123996528
0$
#124015046
1$
#124033564
0$
#124052082
1$
#124070600
0$
#124089118
1$
#124107636
0$
#124126154
1$
#124144672
0$
#124163190
1$
#124181708
0$
#124200226
1$
#124218744
0$
#124237262
1$
#124255780
0$
#124274298
1$
#124292816
0$
#124311334
1$
#124329852
0$
#124348370
1$
#124366888
0$
#124385406
1$
#124403924
0$
#124422442
1$
#124440960
0$
#124459478
1$
#124477996
0$
#124496514
1$
#124515032
0$
#124533550
1$
#124552068
0$
#124570586
1$
#124589104
0$
#124607622
1$
#124626140
0$
#124644658
1$
#124663176
0$
#124681694
1$
#124700212
0$
#124718730
1$
#124737248
0$
#124755766
1$
#124774284
0$
#124792802
1$
#124811320
0$
#124829838
1$
#124848356
0$
#124866874
1$
#124885392
0$
#124903910
1$
#124922428
0$
#124940946
1$
#124959464
0$
#124977982
1$
#124996500
0$
#125015018
1$
#125033536
0$
#125052054
1$
#125070572
0$
#125089090
1$
#125107608
0$
#125126126
1$
#125144644
0$
#125163162
1$
#125181680
0$
#125200198
1$
#125218716
0$
#125237234
1$
#125255752
0$
#125274270
1$
#125292788
0$
#125311306
1$
#125329824
0$
#125348342
1$
#125366860
0$
#125385378
1$
#125403896
0$
#125422414
1$
#125440932
0$
#125459450
1$
#125477968
0$
#125496486
1$
#125515004
0$
#125533522
1$
#125552040
0$
#125570558
1$
#125589076
0$
#125607594
1$
#125626112
0$
#125644630
1$
#125663148
0$
#125681666
1$
#125700184
0$
#125718702
1$
#125737220
0$
#125755738
1$
#125774256
0$
#125792774
1$
#125811292
0$
#125829810
1$
#125848328
0$
#125866846
1$
#125885364
0$
#125903882
1$
#125922400
0$
#125940918
1$
#125959436
0$
#125977954
1$
#125996472
0$
#126014990
1$
#126033508
0$
#126052026
1$
#126070544
0$
#126089062
1$
#126107580
0$
#126126098
1$
#126144616
0$
#126163134
1$
#126181652
0$
#126200170
1$
#126218688
0$
#126237206
1$
#126255724
0$
#126274242
1$
#126292760
0$
#126311278
1$
#126329796
0$
#126348314
1$
#126366832
0$
#126385350
1$
#126403868
0$
#126422386
1$
#126440904
0$
#126459422
1$
#126477940
0$
#126496458
1$
#126514976
0$
#126533494
1$
#126552012
0$
#126570530
1$
#126589048
0$
#126607566
1$
#126626084
0$
#126644602
1$
#126663120
0$
#126681638
1$
#126700156
0$
#126718674
1$
#126737192
0$
#126755710
1$
#126774228
0$
#126792746
1$
#126811264
0$
#126829782
1$
#126848300
0$
#126866818
1$
#126885336
0$
#126903854
1$
#126922372
0$
#126940890
1$
#126959408
0$
#126977926
1$
#126996444
0$
#127014962
1$
#127033480
0$
#127051998
1$
#127070516
0$
#127089034
1$
#127107552
0$
#127126070
1$
#127144588
0$
#127163106
1$
#127181624
0$
#127200142
1$
#127218660
0$
#127237178
1$
#127255696
0$
#127274214
1$
#127292732
0$
#127311250
1$
#127329768
0$
#127348286
1$
#127366804
0$
#127385322
1$
#127403840
0$
#127422358
1$
#127440876
0$
#127459394
1$
#127477912
0$
#127496430
1$
#127514948
0$
#127533466
1$
#127551984
0$
#127570502
1$
#127589020
0$
#127607538
1$
#127626056
0$
#127644574
1$
#127663092
0$
#127681610
1$
#127700128
0$
#127718646
1$
#127737164
0$
#127755682
1$
#127774200
0$
#127792718
1$
#127811236
0$
#127829754
1$
#127848272
0$
#127866790
1$
#127885308
0$
#127903826
1$
#127922344
0$
#127940862
1$
#127959380
0$
#127977898
1$
#127996416
0$
#128014934
1$
#128033452
0$
#128051970
1$
#128070488
0$
#128089006
1$
#128107524
0$
#128126042
1$
#128144560
0$
#128163078
1$
#128181596
0$
#128200114
1$
#128218632
0$
#128237150
1$
#128255668
0$
#128274186
1$
#128292704
0$
#128311222
1$
#128329740
0$
#128348258
1$
#128366776
0$
#128385294
1$
#128403812
0$
#128422330
1$
#128440848
0$
#128459366
1$
#128477884
0$
#128496402
1$
#128514920
0$
#128533438
1$
#128551956
0$
#128570474
1$
#128588992
0$
#128607510
1$
#128626028
0$
#128644546
1$
#128663064
0$
#128681582
1$
#128700100
0$
#128718618
1$
#128737136
0$
#128755654
1$
#128774172
0$
#128792690
1$
#128811208
0$
#128829726
1$
#128848244
0$
#128866762
1$
#128885280
0$
#128903798
1$
#128922316
0$
#128940834
1$
#128959352
0$
#128977870
1$
#128996388
0$
#129014906
1$
#129033424
0$
#129051942
1$
#129070460
0$
#129088978
1$
#129107496
0$
#129126014
1$
#129144532
0$
#129163050
1$
#129181568
0$
#129200086
1$
#129218604
0$
#129237122
1$
#129255640
0$
#129274158
1$
#129292676
0$
#129311194
1$
#129329712
0$
#129348230
1$
#129366748
0$
#129385266
1$
#129403784
0$
#129422302
1$
#129440820
0$
#129459338
1$
#129477856
0$
#129496374
1$
#129514892
0$
#129533410
1$
#129551928
0$
#129570446
1$
#129588964
0$
#129607482
1$
#129626000
0$
#129644518
1$
#129663036
0$
#129681554
1$
#129700072
0$
#129718590
1$
#129737108
0$
#129755626
1$
#129774144
0$
#129792662
1$
#129811180
0$
#129829698
1$
#129848216
0$
#129866734
1$
#129885252
0$
#129903770
1$
#129922288
0$
#129940806
1$
#129959324
0$
#129977842
1$
#129996360
0$
#130014878
1$
#130033396
0$
#130051914
1$
#130070432
0$
#130088950
1$
#130107468
0$
#130125986
1$
#130144504
0$
#130163022
1$
#130181540
0$
#130200058
1$
#130218576
0$
#130237094
1$
#130255612
0$
#130274130
1$
#130292648
0$
#130311166
1$
#130329684
0$
#130348202
1$
#130366720
0$
#130385238
1$
#130403756
0$
#130422274
1$
#130440792
0$
#130459310
1$
#130477828
0$
#130496346
1$
#130514864
0$
#130533382
1$
#130551900
0$
#130570418
1$
#130588936
0$
#130607454
1$
#130625972
0$
#130644490
1$
#130663008
0$
#130681526
1$
#130700044
0$
#130718562
1$
#130737080
0$
#130755598
1$
#130774116
0$
#130792634
1$
#130811152
0$
#130829670
1$
#130848188
0$
#130866706
1$
#130885224
0$
#130903742
1$
#130922260
0$
#130940778
1$
#130959296
0$
#130977814
1$
#130996332
0$
#131014850
1$
#131033368
0$
#131051886
1$
#131070404
0$
#131088922
1$
#131107440
0$
#131125958
1$
#131144476
0$
#131162994
1$
#131181512
0$
#131200030
1$
#131218548
0$
#131237066
1$
#131255584
0$
#131274102
1$
#131292620
0$
#131311138
1$
#131329656
0$
#131348174
1$
#131366692
0$
#131385210
1$
#131403728
0$
#131422246
1$
#131440764
0$
#131459282
1$
#131477800
0$
#131496318
1$
#131514836
0$
#131533354
1$
#131551872
0$
#131570390
1$
#131588908
0$
#131607426
1$
#131625944
0$
#131644462
1$
#131662980
0$
#131681498
1$
#131700016
0$
#131718534
1$
#131737052
0$
#131755570
1$
#131774088
0$
#131792606
1$
#131811124
0$
#131829642
1$
#131848160
0$
#131866678
1$
#131885196
0$
#131903714
1$
#131922232
0$
#131940750
1$
#131959268
0$
#131977786
1$
#131996304
0$
#132014822
1$
#132033340
0$
#132051858
1$
#132070376
0$
#132088894
1$
#132107412
0$
#132125930
1$
#132144448
0$
#132162966
1$
#132181484
0$
#132200002
1$
#132218520
0$
#132237038
1$
#132255556
0$
#132274074
1$
#132292592
0$
#132311110
1$
#132329628
0$
#132348146
1$
#132366664
0$
#132385182
1$
#132403700
0$
#132422218
1$
#132440736
0$
#132459254
1$
#132477772
0$
#132496290
1$
#132514808
0$
#132533326
1$
#132551844
0$
#132570362
1$
#132588880
0$
#132607398
1$
#132625916
0$
#132644434
1$
#132662952
0$
#132681470
1$
#132699988
0$
#132718506
1$
#132737024
0$
#132755542
1$
#132774060
0$
#132792578
1$
#132811096
0$
#132829614
1$
#132848132
0$
#132866650
1$
#132885168
0$
#132903686
1$
#132922204
0$
#132940722
1$
#132959240
0$
#132977758
1$
#132996276
0$
#133014794
1$
#133033312
0$
#133051830
1$
#133070348
0$
#133088866
1$
#133107384
0$
#133125902
1$
#133144420
0$
#133162938
1$
#133181456
0$
#133199974
1$
#133218492
0$
#133237010
1$
#133255528
0$
#133274046
1$
#133292564
0$
#133311082
1$
#133329600
0$
#133348118
1$
#133366636
0$
#133385154
1$
#133403672
0$
#133422190
1$
#133440708
0$
#133459226
1$
#133477744
0$
#133496262
1$
#133514780
0$
#133533298
1$
#133551816
0$
#133570334
1$
#133588852
0$
#133607370
1$
#133625888
0$
#133644406
1$
#133662924
0$
#133681442
1$
#133699960
0$
#133718478
1$
#133736996
0$
#133755514
1$
#133774032
0$
#133792550
1$
#133811068
0$
#133829586
1$
#133848104
0$
#133866622
1$
#133885140
0$
#133903658
1$
#133922176
0$
#133940694
1$
#133959212
0$
#133977730
1$
#133996248
0$
#134014766
1$
#134033284
0$
#134051802
1$
#134070320
0$
#134088838
1$
#134107356
0$
#134125874
1$
#134144392
0$
#134162910
1$
#134181428
0$
#134199946
1$
#134218464
0$
#134236982
1$
#134255500
0$
#134274018
1$
#134292536
0$
#134311054
1$
#134329572
0$
#134348090
1$
#134366608
0$
#134385126
1$
#134403644
0$
#134422162
1$
#134440680
0$
#134459198
1$
#134477716
0$
#134496234
1$
#134514752
0$
#134533270
1$
#134551788
0$
#134570306
1$
#134588824
0$
#134607342
1$
#134625860
0$
#134644378
1$
#134662896
0$
#134681414
1$
#134699932
0$
#134718450
1$
#134736968
0$
#134755486
1$
#134774004
0$
#134792522
1$
#134811040
0$
#134829558
1$
#134848076
0$
#134866594
1$
#134885112
0$
#134903630
1$
#134922148
0$
#134940666
1$
#134959184
0$
#134977702
1$
#134996220
0$
#135014738
1$
#135033256
0$
#135051774
1$
#135070292
0$
#135088810
1$
#135107328
0$
#135125846
1$
#135144364
0$
#135162882
1$
#135181400
0$
#135199918
1$
#135218436
0$
#135236954
1$
#135255472
0$
#135273990
1$
#135292508
0$
#135311026
1$
#135329544
0$
#135348062
1$
#135366580
0$
#135385098
1$
#135403616
0$
#135422134
1$
#135440652
0$
#135459170
1$
#135477688
0$
#135496206
1$
#135514724
0$
#135533242
1$
#135551760
0$
#135570278
1$
#135588796
0$
#135607314
1$
#135625832
0$
#135644350
1$
#135662868
0$
#135681386
1$
#135699904
0$
#135718422
1$
#135736940
0$
#135755458
1$
#135773976
0$
#135792494
1$
#135811012
0$
#135829530
1$
#135848048
0$
#135866566
1$
#135885084
0$
#135903602
1$
#135922120
0$
#135940638
1$
#135959156
0$
#135977674
1$
#135996192
0$
#136014710
1$
#136033228
0$
#136051746
1$
#136070264
0$
#136088782
1$
#136107300
0$
#136125818
1$
#136144336
0$
#136162854
1$
#136181372
0$
#136199890
1$
#136218408
0$
#136236926
1$
#136255444
0$
#136273962
1$
#136292480
0$
#136310998
1$
#136329516
0$
#136348034
1$
#136366552
0$
#136385070
1$
#136403588
0$
#136422106
1$
#136440624
0$
#136459142
1$
#136477660
0$
#136496178
1$
#136514696
0$
#136533214
1$
#136551732
0$
#136570250
1$
#136588768
0$
#136607286
1$
#136625804
0$
#136644322
1$
#136662840
0$
#136681358
1$
#136699876
0$
#136718394
1$
#136736912
0$
#136755430
1$
#136773948
0$
#136792466
1$
#136810984
0$
#136829502
1$
#136848020
0$
#136866538
1$
#136885056
0$
#136903574
1$
#136922092
0$
#136940610
1$
#136959128
0$
#136977646
1$
#136996164
0$
#137014682
1$
#137033200
0$
#137051718
1$
#137070236
0$
#137088754
1$
#137107272
0$
#137125790
1$
#137144308
0$
#137162826
1$
#137181344
0$
#137199862
1$
#137218380
0$
#137236898
1$
#137255416
0$
#137273934
1$
#137292452
0$
#137310970
1$
#137329488
0$
#137348006
1$
#137366524
0$
#137385042
1$
#137403560
0$
#137422078
1$
#137440596
0$
#137459114
1$
#137477632
0$
#137496150
1$
#137514668
0$
#137533186
1$
#137551704
0$
#137570222
1$
#137588740
0$
#137607258
1$
#137625776
0$
#137644294
1$
#137662812
0$
#137681330
1$
#137699848
0$
#137718366
1$
#137736884
0$
#137755402
1$
#137773920
0$
#137792438
1$
#137810956
0$
#137829474
1$
#137847992
0$
#137866510
1$
#137885028
0$
#137903546
1$
#137922064
0$
#137940582
1$
#137959100
0$
#137977618
1$
#137996136
0$
#138014654
1$
#138033172
0$
#138051690
1$
#138070208
0$
#138088726
1$
#138107244
0$
#138125762
1$
#138144280
0$
#138162798
1$
#138181316
0$
#138199834
1$
#138218352
0$
#138236870
1$
#138255388
0$
#138273906
1$
#138292424
0$
#138310942
1$
#138329460
0$
#138347978
1$
#138366496
0$
#138385014
1$
#138403532
0$
#138422050
1$
#138440568
0$
#138459086
1$
#138477604
0$
#138496122
1$
#138514640
0$
#138533158
1$
#138551676
0$
#138570194
1$
#138588712
0$
#138607230
1$
#138625748
0$
#138644266
1$
#138662784
0$
#138681302
1$
#138699820
0$
#138718338
1$
#138736856
0$
#138755374
1$
#138773892
0$
#138792410
1$
#138810928
0$
#138829446
1$
#138847964
0$
#138866482
1$
#138885000
0$
#138903518
1$
#138922036
0$
#138940554
1$
#138959072
0$
#138977590
1$
#138996108
0$
#139014626
1$
#139033144
0$
#139051662
1$
#139070180
0$
#139088698
1$
#139107216
0$
#139125734
1$
#139144252
0$
#139162770
1$
#139181288
0$
#139199806
1$
#139218324
0$
#139236842
1$
#139255360
0$
#139273878
1$
#139292396
0$
#139310914
1$
#139329432
0$
#139347950
1$
#139366468
0$
#139384986
1$
#139403504
0$
#139422022
1$
#139440540
0$
#139459058
1$
#139477576
0$
#139496094
1$
#139514612
0$
#139533130
1$
#139551648
0$
#139570166
1$
#139588684
0$
#139607202
1$
#139625720
0$
#139644238
1$
#139662756
0$
#139681274
1$
#139699792
0$
#139718310
1$
#139736828
0$
#139755346
1$
#139773864
0$
#139792382
1$
#139810900
0$
#139829418
1$
#139847936
0$
#139866454
1$
#139884972
0$
#139903490
1$
#139922008
0$
#139940526
1$
#139959044
0$
#139977562
1$
#139996080
0$
#140014598
1$
#140033116
0$
#140051634
1$
#140070152
0$
#140088670
1$
#140107188
0$
#140125706
1$
#140144224
0$
#140162742
1$
#140181260
0$
#140199778
1$
#140218296
0$
#140236814
1$
#140255332
0$
#140273850
1$
#140292368
0$
#140310886
1$
#140329404
0$
#140347922
1$
#140366440
0$
#140384958
1$
#140403476
0$
#140421994
1$
#140440512
0$
#140459030
1$
#140477548
0$
#140496066
1$
#140514584
0$
#140533102
1$
#140551620
0$
#140570138
1$
#140588656
0$
#140607174
1$
#140625692
0$
#140644210
1$
#140662728
0$
#140681246
1$
#140699764
0$
#140718282
1$
#140736800
0$
#140755318
1$
#140773836
0$
#140792354
1$
#140810872
0$
#140829390
1$
#140847908
0$
#140866426
1$
#140884944
0$
#140903462
1$
#140921980
0$
#140940498
1$
#140959016
0$
#140977534
1$
#140996052
0$
#141014570
1$
#141033088
0$
#141051606
1$
#141070124
0$
#141088642
1$
#141107160
0$
#141125678
1$
#141144196
0$
#141162714
1$
#141181232
0$
#141199750
1$
#141218268
0$
#141236786
1$
#141255304
0$
#141273822
1$
#141292340
0$
#141310858
1$
#141329376
0$
#141347894
1$
#141366412
0$
#141384930
1$
#141403448
0$
#141421966
1$
#141440484
0$
#141459002
1$
#141477520
0$
#141496038
1$
#141514556
0$
#141533074
1$
#141551592
0$
#141570110
1$
#141588628
0$
#141607146
1$
#141625664
0$
#141644182
1$
#141662700
0$
#141681218
1$
#141699736
0$
#141718254
1$
#141736772
0$
#141755290
1$
#141773808
0$
#141792326
1$
#141810844
0$
#141829362
1$
#141847880
0$
#141866398
1$
#141884916
0$
#141903434
1$
#141921952
0$
#141940470
1$
#141958988
0$
#141977506
1$
#141996024
0$
#142014542
1$
#142033060
0$
#142051578
1$
#142070096
0$
#142088614
1$
#142107132
0$
#142125650
1$
#142144168
0$
#142162686
1$
#142181204
0$
#142199722
1$
#142218240
0$
#142236758
1$
#142255276
0$
#142273794
1$
#142292312
0$
#142310830
1$
#142329348
0$
#142347866
1$
#142366384
0$
#142384902
1$
#142403420
0$
#142421938
1$
#142440456
0$
#142458974
1$
#142477492
0$
#142496010
1$
#142514528
0$
#142533046
1$
#142551564
0$
#142570082
1$
#142588600
0$
#142607118
1$
#142625636
0$
#142644154
1$
#142662672
0$
#142681190
1$
#142699708
0$
#142718226
1$
#142736744
0$
#142755262
1$
#142773780
0$
#142792298
1$
#142810816
0$
#142829334
1$
#142847852
0$
#142866370
1$
#142884888
0$
#142903406
1$
#142921924
0$
#142940442
1$
#142958960
0$
#142977478
1$
#142995996
0$
#143014514
1$
#143033032
0$
#143051550
1$
#143070068
0$
#143088586
1$
#143107104
0$
#143125622
1$
#143144140
0$
#143162658
1$
#143181176
0$
#143199694
1$
#143218212
0$
#143236730
1$
#143255248
0$
#143273766
1$
#143292284
0$
#143310802
1$
#143329320
0$
#143347838
1$
#143366356
0$
#143384874
1$
#143403392
0$
#143421910
1$
#143440428
0$
#143458946
1$
#143477464
0$
#143495982
1$
#143514500
0$
#143533018
1$
#143551536
0$
#143570054
1$
#143588572
0$
#143607090
1$
#143625608
0$
#143644126
1$
#143662644
0$
#143681162
1$
#143699680
0$
#143718198
1$
#143736716
0$
#143755234
1$
#143773752
0$
#143792270
1$
#143810788
0$
#143829306
1$
#143847824
0$
#143866342
1$
#143884860
0$
#143903378
1$
#143921896
0$
#143940414
1$
#143958932
0$
#143977450
1$
#143995968
0$
#144014486
1$
#144033004
0$
#144051522
1$
#144070040
0$
#144088558
1$
#144107076
0$
#144125594
1$
#144144112
0$
#144162630
1$
#144181148
0$
#144199666
1$
#144218184
0$
#144236702
1$
#144255220
0$
#144273738
1$
#144292256
0$
#144310774
1$
#144329292
0$
#144347810
1$
#144366328
0$
#144384846
1$
#144403364
0$
#144421882
1$
#144440400
0$
#144458918
1$
#144477436
0$
#144495954
1$
#144514472
0$
#144532990
1$
#144551508
0$
#144570026
1$
#144588544
0$
#144607062
1$
#144625580
0$
#144644098
1$
#144662616
0$
#144681134
1$
#144699652
0$
#144718170
1$
#144736688
0$
#144755206
1$
#144773724
0$
#144792242
1$
#144810760
0$
#144829278
1$
#144847796
0$
#144866314
1$
#144884832
0$
#144903350
1$
#144921868
0$
#144940386
1$
#144958904
0$
#144977422
1$
#144995940
0$
#145014458
1$
#145032976
0$
#145051494
1$
#145070012
0$
#145088530
1$
#145107048
0$
#145125566
1$
#145144084
0$
#145162602
1$
#145181120
0$
#145199638
1$
#145218156
0$
#145236674
1$
#145255192
0$
#145273710
1$
#145292228
0$
#145310746
1$
#145329264
0$
#145347782
1$
#145366300
0$
#145384818
1$
#145403336
0$
#145421854
1$
#145440372
0$
#145458890
1$
#145477408
0$
#145495926
1$
#145514444
0$
#145532962
1$
#145551480
0$
#145569998
1$
#145588516
0$
#145607034
1$
#145625552
0$
#145644070
1$
#145662588
0$
#145681106
1$
#145699624
0$
#145718142
1$
#145736660
0$
#145755178
1$
#145773696
0$
#145792214
1$
#145810732
0$
#145829250
1$
#145847768
0$
#145866286
1$
#145884804
0$
#145903322
1$
#145921840
0$
#145940358
1$
#145958876
0$
#145977394
1$
#145995912
0$
#146014430
1$
#146032948
0$
#146051466
1$
#146069984
0$
#146088502
1$
#146107020
0$
#146125538
1$
#146144056
0$
#146162574
1$
#146181092
0$
#146199610
1$
#146218128
0$
#146236646
1$
#146255164
0$
#146273682
1$
#146292200
0$
#146310718
1$
#146329236
0$
#146347754
1$
#146366272
0$
#146384790
1$
#146403308
0$
#146421826
1$
#146440344
0$
#146458862
1$
#146477380
0$
#146495898
1$
#146514416
0$
#146532934
1$
#146551452
0$
#146569970
1$
#146588488
0$
#146607006
1$
#146625524
0$
#146644042
1$
#146662560
0$
#146681078
1$
#146699596
0$
#146718114
1$
#146736632
0$
#146755150
1$
#146773668
0$
#146792186
1$
#146810704
0$
#146829222
1$
#146847740
0$
#146866258
1$
#146884776
0$
#146903294
1$
#146921812
0$
#146940330
1$
#146958848
0$
#146977366
1$
#146995884
0$
#147014402
1$
#147032920
0$
#147051438
1$
#147069956
0$
#147088474
1$
#147106992
0$
#147125510
1$
#147144028
0$
#147162546
1$
#147181064
0$
#147199582
1$
#147218100
0$
#147236618
1$
#147255136
0$
#147273654
1$
#147292172
0$
#147310690
1$
#147329208
0$
#147347726
1$
#147366244
0$
#147384762
1$
#147403280
0$
#147421798
1$
#147440316
0$
#147458834
1$
#147477352
0$
#147495870
1$
#147514388
0$
#147532906
1$
#147551424
0$
#147569942
1$
#147588460
0$
#147606978
1$
#147625496
0$
#147644014
1$
#147662532
0$
#147681050
1$
#147699568
0$
#147718086
1$
#147736604
0$
#147755122
1$
#147773640
0$
#147792158
1$
#147810676
0$
#147829194
1$
#147847712
0$
#147866230
1$
#147884748
0$
#147903266
1$
#147921784
0$
#147940302
1$
#147958820
0$
#147977338
1$
#147995856
0$
#148014374
1$
#148032892
0$
#148051410
1$
#148069928
0$
#148088446
1$
#148106964
0$
#148125482
1$
#148144000
0$
#148162518
1$
#148181036
0$
#148199554
1$
#148218072
0$
#148236590
1$
#148255108
0$
#148273626
1$
#148292144
0$
#148310662
1$
#148329180
0$
#148347698
1$
#148366216
0$
#148384734
1$
#148403252
0$
#148421770
1$
#148440288
0$
#148458806
1$
#148477324
0$
#148495842
1$
#148514360
0$
#148532878
1$
#148551396
0$
#148569914
1$
#148588432
0$
#148606950
1$
#148625468
0$
#148643986
1$
#148662504
0$
#148681022
1$
#148699540
0$
#148718058
1$
#148736576
0$
#148755094
1$
#148773612
0$
#148792130
1$
#148810648
0$
#148829166
1$
#148847684
0$
#148866202
1$
#148884720
0$
#148903238
1$
#148921756
0$
#148940274
1$
#148958792
0$
#148977310
1$
#148995828
0$
#149014346
1$
#149032864
0$
#149051382
1$
#149069900
0$
#149088418
1$
#149106936
0$
#149125454
1$
#149143972
0$
#149162490
1$
#149181008
0$
#149199526
1$
#149218044
0$
#149236562
1$
#149255080
0$
#149273598
1$
#149292116
0$
#149310634
1$
#149329152
0$
#149347670
1$
#149366188
0$
#149384706
1$
#149403224
0$
#149421742
1$
#149440260
0$
#149458778
1$
#149477296
0$
#149495814
1$
#149514332
0$
#149532850
1$
#149551368
0$
#149569886
1$
#149588404
0$
#149606922
1$
#149625440
0$
#149643958
1$
#149662476
0$
#149680994
1$
#149699512
0$
#149718030
1$
#149736548
0$
#149755066
1$
#149773584
0$
#149792102
1$
#149810620
0$
#149829138
1$
#149847656
0$
#149866174
1$
#149884692
0$
#149903210
1$
#149921728
0$
#149940246
1$
#149958764
0$
#149977282
1$
#149995800
0$
#150014318
1$
#150032836
0$
#150051354
1$
#150069872
0$
#150088390
1$
#150106908
0$
#150125426
1$
#150143944
0$
#150162462
1$
#150180980
0$
#150199498
1$
#150218016
0$
#150236534
1$
#150255052
0$
#150273570
1$
#150292088
0$
#150310606
1$
#150329124
0$
#150347642
1$
#150366160
0$
#150384678
1$
#150403196
0$
#150421714
1$
#150440232
0$
#150458750
1$
#150477268
0$
#150495786
1$
#150514304
0$
#150532822
1$
#150551340
0$
#150569858
1$
#150588376
0$
#150606894
1$
#150625412
0$
#150643930
1$
#150662448
0$
#150680966
1$
#150699484
0$
#150718002
1$
#150736520
0$
#150755038
1$
#150773556
0$
#150792074
1$
#150810592
0$
#150829110
1$
#150847628
0$
#150866146
1$
#150884664
0$
#150903182
1$
#150921700
0$
#150940218
1$
#150958736
0$
#150977254
1$
#150995772
0$
#151014290
1$
#151032808
0$
#151051326
1$
#151069844
0$
#151088362
1$
#151106880
0$
#151125398
1$
#151143916
0$
#151162434
1$
#151180952
0$
#151199470
1$
#151217988
0$
#151236506
1$
#151255024
0$
#151273542
1$
#151292060
0$
#151310578
1$
#151329096
0$
#151347614
1$
#151366132
0$
#151384650
1$
#151403168
0$
#151421686
1$
#151440204
0$
#151458722
1$
#151477240
0$
#151495758
1$
#151514276
0$
#151532794
1$
#151551312
0$
#151569830
1$
#151588348
0$
#151606866
1$
#151625384
0$
#151643902
1$
#151662420
0$
#151680938
1$
#151699456
0$
#151717974
1$
#151736492
0$
#151755010
1$
#151773528
0$
#151792046
1$
#151810564
0$
#151829082
1$
#151847600
0$
#151866118
1$
#151884636
0$
#151903154
1$
#151921672
0$
#151940190
1$
#151958708
0$
#151977226
1$
#151995744
0$
#152014262
1$
#152032780
0$
#152051298
1$
#152069816
0$
#152088334
1$
#152106852
0$
#152125370
1$
#152143888
0$
#152162406
1$
#152180924
0$
#152199442
1$
#152217960
0$
#152236478
1$
#152254996
0$
#152273514
1$
#152292032
0$
#152310550
1$
#152329068
0$
#152347586
1$
#152366104
0$
#152384622
1$
#152403140
0$
#152421658
1$
#152440176
0$
#152458694
1$
#152477212
0$
#152495730
1$
#152514248
0$
#152532766
1$
#152551284
0$
#152569802
1$
#152588320
0$
#152606838
1$
#152625356
0$
#152643874
1$
#152662392
0$
#152680910
1$
#152699428
0$
#152717946
1$
#152736464
0$
#152754982
1$
#152773500
0$
#152792018
1$
#152810536
0$
#152829054
1$
#152847572
0$
#152866090
1$
#152884608
0$
#152903126
1$
#152921644
0$
#152940162
1$
#152958680
0$
#152977198
1$
#152995716
0$
#153014234
1$
#153032752
0$
#153051270
1$
#153069788
0$
#153088306
1$
#153106824
0$
#153125342
1$
#153143860
0$
#153162378
1$
#153180896
0$
#153199414
1$
#153217932
0$
#153236450
1$
#153254968
0$
#153273486
1$
#153292004
0$
#153310522
1$
#153329040
0$
#153347558
1$
#153366076
0$
#153384594
1$
#153403112
0$
#153421630
1$
#153440148
0$
#153458666
1$
#153477184
0$
#153495702
1$
#153514220
0$
#153532738
1$
#153551256
0$
#153569774
1$
#153588292
0$
#153606810
1$
#153625328
0$
#153643846
1$
#153662364
0$
#153680882
1$
#153699400
0$
#153717918
1$
#153736436
0$
#153754954
1$
#153773472
0$
#153791990
1$
#153810508
0$
#153829026
1$
#153847544
0$
#153866062
1$
#153884580
0$
#153903098
1$
#153921616
0$
#153940134
1$
#153958652
0$
#153977170
1$
#153995688
0$
#154014206
1$
#154032724
0$
#154051242
1$
#154069760
0$
#154088278
1$
#154106796
0$
#154125314
1$
#154143832
0$
#154162350
1$
#154180868
0$
#154199386
1$
#154217904
0$
#154236422
1$
#154254940
0$
#154273458
1$
#154291976
0$
#154310494
1$
#154329012
0$
#154347530
1$
#154366048
0$
#154384566
1$
#154403084
0$
#154421602
1$
#154440120
0$
#154458638
1$
#154477156
0$
#154495674
1$
#154514192
0$
#154532710
1$
#154551228
0$
#154569746
1$
#154588264
0$
#154606782
1$
#154625300
0$
#154643818
1$
#154662336
0$
#154680854
1$
#154699372
0$
#154717890
1$
#154736408
0$
#154754926
1$
#154773444
0$
#154791962
1$
#154810480
0$
#154828998
1$
#154847516
0$
#154866034
1$
#154884552
0$
#154903070
1$
#154921588
0$
#154940106
1$
#154958624
0$
#154977142
1$
#154995660
0$
#155014178
1$
#155032696
0$
#155051214
1$
#155069732
0$
#155088250
1$
#155106768
0$
#155125286
1$
#155143804
0$
#155162322
1$
#155180840
0$
#155199358
1$
#155217876
0$
#155236394
1$
#155254912
0$
#155273430
1$
#155291948
0$
#155310466
1$
#155328984
0$
#155347502
1$
#155366020
0$
#155384538
1$
#155403056
0$
#155421574
1$
#155440092
0$
#155458610
1$
#155477128
0$
#155495646
1$
#155514164
0$
#155532682
1$
#155551200
0$
#155569718
1$
#155588236
0$
#155606754
1$
#155625272
0$
#155643790
1$
#155662308
0$
#155680826
1$
#155699344
0$
#155717862
1$
#155736380
0$
#155754898
1$
#155773416
0$
#155791934
1$
#155810452
0$
#155828970
1$
#155847488
0$
#155866006
1$
#155884524
0$
#155903042
1$
#155921560
0$
#155940078
1$
#155958596
0$
#155977114
1$
#155995632
0$
#156014150
1$
#156032668
0$
#156051186
1$
#156069704
0$
#156088222
1$
#156106740
0$
#156125258
1$
#156143776
0$
#156162294
1$
#156180812
0$
#156199330
1$
#156217848
0$
#156236366
1$
#156254884
0$
#156273402
1$
#156291920
0$
#156310438
1$
#156328956
0$
#156347474
1$
#156365992
0$
#156384510
1$
#156403028
0$
#156421546
1$
#156440064
0$
#156458582
1$
#156477100
0$
#156495618
1$
#156514136
0$
#156532654
1$
#156551172
0$
#156569690
1$
#156588208
0$
#156606726
1$
#156625244
0$
#156643762
1$
#156662280
0$
#156680798
1$
#156699316
0$
#156717834
1$
#156736352
0$
#156754870
1$
#156773388
0$
#156791906
1$
#156810424
0$
#156828942
1$
#156847460
0$
#156865978
1$
#156884496
0$
#156903014
1$
#156921532
0$
#156940050
1$
#156958568
0$
#156977086
1$
#156995604
0$
#157014122
1$
#157032640
0$
#157051158
1$
#157069676
0$
#157088194
1$
#157106712
0$
#157125230
1$
#157143748
0$
#157162266
1$
#157180784
0$
#157199302
1$
#157217820
0$
#157236338
1$
#157254856
0$
#157273374
1$
#157291892
0$
#157310410
1$
#157328928
0$
#157347446
1$
#157365964
0$
#157384482
1$
#157403000
0$
#157421518
1$
#157440036
0$
#157458554
1$
#157477072
0$
#157495590
1$
#157514108
0$
#157532626
1$
#157551144
0$
#157569662
1$
#157588180
0$
#157606698
1$
#157625216
0$
#157643734
1$
#157662252
0$
#157680770
1$
#157699288
0$
#157717806
1$
#157736324
0$
#157754842
1$
#157773360
0$
#157791878
1$
#157810396
0$
#157828914
1$
#157847432
0$
#157865950
1$
#157884468
0$
#157902986
1$
#157921504
0$
#157940022
1$
#157958540
0$
#157977058
1$
#157995576
0$
#158014094
1$
#158032612
0$
#158051130
1$
#158069648
0$
#158088166
1$
#158106684
0$
#158125202
1$
#158143720
0$
#158162238
1$
#158180756
0$
#158199274
1$
#158217792
0$
#158236310
1$
#158254828
0$
#158273346
1$
#158291864
0$
#158310382
1$
#158328900
0$
#158347418
1$
#158365936
0$
#158384454
1$
#158402972
0$
#158421490
1$
#158440008
0$
#158458526
1$
#158477044
0$
#158495562
1$
#158514080
0$
#158532598
1$
#158551116
0$
#158569634
1$
#158588152
0$
#158606670
1$
#158625188
0$
#158643706
1$
#158662224
0$
#158680742
1$
#158699260
0$
#158717778
1$
#158736296
0$
#158754814
1$
#158773332
0$
#158791850
1$
#158810368
0$
#158828886
1$
#158847404
0$
#158865922
1$
#158884440
0$
#158902958
1$
#158921476
0$
#158939994
1$
#158958512
0$
#158977030
1$
#158995548
0$
#159014066
1$
#159032584
0$
#159051102
1$
#159069620
0$
#159088138
1$
#159106656
0$
#159125174
1$
#159143692
0$
#159162210
1$
#159180728
0$
#159199246
1$
#159217764
0$
#159236282
1$
#159254800
0$
#159273318
1$
#159291836
0$
#159310354
1$
#159328872
0$
#159347390
1$
#159365908
0$
#159384426
1$
#159402944
0$
#159421462
1$
#159439980
0$
#159458498
1$
#159477016
0$
#159495534
1$
#159514052
0$
#159532570
1$
#159551088
0$
#159569606
1$
#159588124
0$
#159606642
1$
#159625160
0$
#159643678
1$
#159662196
0$
#159680714
1$
#159699232
0$
#159717750
1$
#159736268
0$
#159754786
1$
#159773304
0$
#159791822
1$
#159810340
0$
#159828858
1$
#159847376
0$
#159865894
1$
#159884412
0$
#159902930
1$
#159921448
0$
#159939966
1$
#159958484
0$
#159977002
1$
#159995520
0$
#160014038
1$
#160032556
0$
#160051074
1$
#160069592
0$
#160088110
1$
#160106628
0$
#160125146
1$
#160143664
0$
#160162182
1$
#160180700
0$
#160199218
1$
#160217736
0$
#160236254
1$
#160254772
0$
#160273290
1$
#160291808
0$
#160310326
1$
#160328844
0$
#160347362
1$
#160365880
0$
#160384398
1$
#160402916
0$
#160421434
1$
#160439952
0$
#160458470
1$
#160476988
0$
#160495506
1$
#160514024
0$
#160532542
1$
#160551060
0$
#160569578
1$
#160588096
0$
#160606614
1$
#160625132
0$
#160643650
1$
#160662168
0$
#160680686
1$
#160699204
0$
#160717722
1$
#160736240
0$
#160754758
1$
#160773276
0$
#160791794
1$
#160810312
0$
#160828830
1$
#160847348
0$
#160865866
1$
#160884384
0$
#160902902
1$
#160921420
0$
#160939938
1$
#160958456
0$
#160976974
1$
#160995492
0$
#161014010
1$
#161032528
0$
#161051046
1$
#161069564
0$
#161088082
1$
#161106600
0$
#161125118
1$
#161143636
0$
#161162154
1$
#161180672
0$
#161199190
1$
#161217708
0$
#161236226
1$
#161254744
0$
#161273262
1$
#161291780
0$
#161310298
1$
#161328816
0$
#161347334
1$
#161365852
0$
#161384370
1$
#161402888
0$
#161421406
1$
#161439924
0$
#161458442
1$
#161476960
0$
#161495478
1$
#161513996
0$
#161532514
1$
#161551032
0$
#161569550
1$
#161588068
0$
#161606586
1$
#161625104
0$
#161643622
1$
#161662140
0$
#161680658
1$
#161699176
0$
#161717694
1$
#161736212
0$
#161754730
1$
#161773248
0$
#161791766
1$
#161810284
0$
#161828802
1$
#161847320
0$
#161865838
1$
#161884356
0$
#161902874
1$
#161921392
0$
#161939910
1$
#161958428
0$
#161976946
1$
#161995464
0$
#162013982
1$
#162032500
0$
#162051018
1$
#162069536
0$
#162088054
1$
#162106572
0$
#162125090
1$
#162143608
0$
#162162126
1$
#162180644
0$
#162199162
1$
#162217680
0$
#162236198
1$
#162254716
0$
#162273234
1$
#162291752
0$
#162310270
1$
#162328788
0$
#162347306
1$
#162365824
0$
#162384342
1$
#162402860
0$
#162421378
1$
#162439896
0$
#162458414
1$
#162476932
0$
#162495450
1$
#162513968
0$
#162532486
1$
#162551004
0$
#162569522
1$
#162588040
0$
#162606558
1$
#162625076
0$
#162643594
1$
#162662112
0$
#162680630
1$
#162699148
0$
#162717666
1$
#162736184
0$
#162754702
1$
#162773220
0$
#162791738
1$
#162810256
0$
#162828774
1$
#162847292
0$
#162865810
1$
#162884328
0$
#162902846
1$
#162921364
0$
#162939882
1$
#162958400
0$
#162976918
1$
#162995436
0$
#163013954
1$
#163032472
0$
#163050990
1$
#163069508
0$
#163088026
1$
#163106544
0$
#163125062
1$
#163143580
0$
#163162098
1$
#163180616
0$
#163199134
1$
#163217652
0$
#163236170
1$
#163254688
0$
#163273206
1$
#163291724
0$
#163310242
1$
#163328760
0$
#163347278
1$
#163365796
0$
#163384314
1$
#163402832
0$
#163421350
1$
#163439868
0$
#163458386
1$
#163476904
0$
#163495422
1$
#163513940
0$
#163532458
1$
#163550976
0$
#163569494
1$
#163588012
0$
#163606530
1$
#163625048
0$
#163643566
1$
#163662084
0$
#163680602
1$
#163699120
0$
#163717638
1$
#163736156
0$
#163754674
1$
#163773192
0$
#163791710
1$
#163810228
0$
#163828746
1$
#163847264
0$
#163865782
1$
#163884300
0$
#163902818
1$
#163921336
0$
#163939854
1$
#163958372
0$
#163976890
1$
#163995408
0$
#164013926
1$
#164032444
0$
#164050962
1$
#164069480
0$
#164087998
1$
#164106516
0$
#164125034
1$
#164143552
0$
#164162070
1$
#164180588
0$
#164199106
1$
#164217624
0$
#164236142
1$
#164254660
0$
#164273178
1$
#164291696
0$
#164310214
1$
#164328732
0$
#164347250
1$
#164365768
0$
#164384286
1$
#164402804
0$
#164421322
1$
#164439840
0$
#164458358
1$
#164476876
0$
#164495394
1$
#164513912
0$
#164532430
1$
#164550948
0$
#164569466
1$
#164587984
0$
#164606502
1$
#164625020
0$
#164643538
1$
#164662056
0$
#164680574
1$
#164699092
0$
#164717610
1$
#164736128
0$
#164754646
1$
#164773164
0$
#164791682
1$
#164810200
0$
#164828718
1$
#164847236
0$
#164865754
1$
#164884272
0$
#164902790
1$
#164921308
0$
#164939826
1$
#164958344
0$
#164976862
1$
#164995380
0$
#165013898
1$
#165032416
0$
#165050934
1$
#165069452
0$
#165087970
1$
#165106488
0$
#165125006
1$
#165143524
0$
#165162042
1$
#165180560
0$
#165199078
1$
#165217596
0$
#165236114
1$
#165254632
0$
#165273150
1$
#165291668
0$
#165310186
1$
#165328704
0$
#165347222
1$
#165365740
0$
#165384258
1$
#165402776
0$
#165421294
1$
#165439812
0$
#165458330
1$
#165476848
0$
#165495366
1$
#165513884
0$
#165532402
1$
#165550920
0$
#165569438
1$
#165587956
0$
#165606474
1$
#165624992
0$
#165643510
1$
#165662028
0$
#165680546
1$
#165699064
0$
#165717582
1$
#165736100
0$
#165754618
1$
#165773136
0$
#165791654
1$
#165810172
0$
#165828690
1$
#165847208
0$
#165865726
1$
#165884244
0$
#165902762
1$
#165921280
0$
#165939798
1$
#165958316
0$
#165976834
1$
#165995352
0$
#166013870
1$
#166032388
0$
#166050906
1$
#166069424
0$
#166087942
1$
#166106460
0$
#166124978
1$
#166143496
0$
#166162014
1$
#166180532
0$
#166199050
1$
#166217568
0$
#166236086
1$
#166254604
0$
#166273122
1$
#166291640
0$
#166310158
1$
#166328676
0$
#166347194
1$
#166365712
0$
#166384230
1$
#166402748
0$
#166421266
1$
#166439784
0$
#166458302
1$
#166476820
0$
#166495338
1$
#166513856
0$
#166532374
1$
#166550892
0$
#166569410
1$
#166587928
0$
#166606446
1$
#166624964
0$
#166643482
1$
#166662000
0$
#166680518
1$
#166699036
0$
#166717554
1$
#166736072
0$
#166754590
1$
#166773108
0$
#166791626
1$
#166810144
0$
#166828662
1$
#166847180
0$
#166865698
1$
#166884216
0$
#166902734
1$
#166921252
0$
#166939770
1$
#166958288
0$
#166976806
1$
#166995324
0$
#167013842
1$
#167032360
0$
#167050878
1$
#167069396
0$
#167087914
1$
#167106432
0$
#167124950
1$
#167143468
0$
#167161986
1$
#167180504
0$
#167199022
1$
#167217540
0$
#167236058
1$
#167254576
0$
#167273094
1$
#167291612
0$
#167310130
1$
#167328648
0$
#167347166
1$
#167365684
0$
#167384202
1$
#167402720
0$
#167421238
1$
#167439756
0$
#167458274
1$
#167476792
0$
#167495310
1$
#167513828
0$
#167532346
1$
#167550864
0$
#167569382
1$
#167587900
0$
#167606418
1$
#167624936
0$
#167643454
1$
#167661972
0$
#167680490
1$
#167699008
0$
#167717526
1$
#167736044
0$
#167754562
1$
#167773080
0$
#167791598
1$
#167810116
0$
#167828634
1$
#167847152
0$
#167865670
1$
#167884188
0$
#167902706
1$
#167921224
0$
#167939742
1$
#167958260
0$
#167976778
1$
#167995296
0$
#168013814
1$
#168032332
0$
#168050850
1$
#168069368
0$
#168087886
1$
#168106404
0$
#168124922
1$
#168143440
0$
#168161958
1$
#168180476
0$
#168198994
1$
#168217512
0$
#168236030
1$
#168254548
0$
#168273066
1$
#168291584
0$
#168310102
1$
#168328620
0$
#168347138
1$
#168365656
0$
#168384174
1$
#168402692
0$
#168421210
1$
#168439728
0$
#168458246
1$
#168476764
0$
#168495282
1$
#168513800
0$
#168532318
1$
#168550836
0$
#168569354
1$
#168587872
0$
#168606390
1$
#168624908
0$
#168643426
1$
#168661944
0$
#168680462
1$
#168698980
0$
#168717498
1$
#168736016
0$
#168754534
1$
#168773052
0$
#168791570
1$
#168810088
0$
#168828606
1$
#168847124
0$
#168865642
1$
#168884160
0$
#168902678
1$
#168921196
0$
#168939714
1$
#168958232
0$
#168976750
1$
#168995268
0$
#169013786
1$
#169032304
0$
#169050822
1$
#169069340
0$
#169087858
1$
#169106376
0$
#169124894
1$
#169143412
0$
#169161930
1$
#169180448
0$
#169198966
1$
#169217484
0$
#169236002
1$
#169254520
0$
#169273038
1$
#169291556
0$
#169310074
1$
#169328592
0$
#169347110
1$
#169365628
0$
#169384146
1$
#169402664
0$
#169421182
1$
#169439700
0$
#169458218
1$
#169476736
0$
#169495254
1$
#169513772
0$
#169532290
1$
#169550808
0$
#169569326
1$
#169587844
0$
#169606362
1$
#169624880
0$
#169643398
1$
#169661916
0$
#169680434
1$
#169698952
0$
#169717470
1$
#169735988
0$
#169754506
1$
#169773024
0$
#169791542
1$
#169810060
0$
#169828578
1$
#169847096
0$
#169865614
1$
#169884132
0$
#169902650
1$
#169921168
0$
#169939686
1$
#169958204
0$
#169976722
1$
#169995240
0$
#170013758
1$
#170032276
0$
#170050794
1$
#170069312
0$
#170087830
1$
#170106348
0$
#170124866
1$
#170143384
0$
#170161902
1$
#170180420
0$
#170198938
1$
#170200000
