$date
	Sun Jun 28 18:10:02 2026
$end
$version
	Icarus Verilog
$end
$timescale
	1ps
$end
$scope module tb_uartRx $end
$var wire 6 ! led [5:0] $end
$var reg 1 " sys_clk $end
$var reg 1 # sys_rst_n $end
$var reg 1 $ uart_rx $end
$scope module dut $end
$var wire 6 % led [5:0] $end
$var wire 1 " sys_clk $end
$var wire 1 # sys_rst_n $end
$var wire 1 $ uart_rx $end
$var parameter 32 & BAUD_TICK_MAX $end
$var parameter 32 ' HALF_BAUD_TICK_MAX $end
$var reg 8 ( baudCounter [7:0] $end
$var reg 3 ) bitIndex [2:0] $end
$var reg 8 * receivedByte [7:0] $end
$var reg 8 + rxShiftReg [7:0] $end
$var reg 3 , rxState [2:0] $end
$var reg 1 - rxSync0 $end
$var reg 1 . rxSync1 $end
$upscope $end
$scope task sendUartByte $end
$var reg 8 / dataByte [7:0] $end
$var integer 32 0 i [31:0] $end
$upscope $end
$upscope $end
$enddefinitions $end
$comment Show the parameter values. $end
$dumpall
b1110100 '
b11101001 &
$end
#0
$dumpvars
bx 0
bx /
1.
1-
b0 ,
b0 +
b0 *
b0 )
b0 (
b111111 %
1$
0#
0"
b111111 !
$end
#18518
1"
#37036
0"
#55554
1"
#74072
0"
#92590
1"
#111108
0"
#129626
1"
#148144
0"
#166662
1"
#185180
0"
#200000
1#
#203698
1"
#222216
0"
#240734
1"
#259252
0"
#277770
1"
#296288
0"
#314806
1"
#333324
0"
#351842
1"
#370360
0"
#388878
1"
#407396
0"
#425914
1"
#444432
0"
#462950
1"
#481468
0"
#499986
1"
#518504
0"
#537022
1"
#555540
0"
#574058
1"
#592576
0"
#611094
1"
#629612
0"
#648130
1"
#666648
0"
#685166
1"
#703684
0"
#722202
1"
#740720
0"
#759238
1"
#777756
0"
#796274
1"
#814792
0"
#833310
1"
#851828
0"
#870346
1"
#888864
0"
#907382
1"
#925900
0"
#944418
1"
#962936
0"
#981454
1"
#999972
0"
#1018490
1"
#1037008
0"
#1055526
1"
#1074044
0"
#1092562
1"
#1111080
0"
#1129598
1"
#1148116
0"
#1166634
1"
#1185152
0"
#1203670
1"
#1222188
0"
#1240706
1"
#1259224
0"
#1277742
1"
#1296260
0"
#1314778
1"
#1333296
0"
#1351814
1"
#1370332
0"
#1388850
1"
#1407368
0"
#1425886
1"
#1444404
0"
#1462922
1"
#1481440
0"
#1499958
1"
#1518476
0"
#1536994
1"
#1555512
0"
#1574030
1"
#1592548
0"
#1611066
1"
#1629584
0"
#1648102
1"
#1666620
0"
#1685138
1"
#1703656
0"
#1722174
1"
#1740692
0"
#1759210
1"
#1777728
0"
#1796246
1"
#1814764
0"
#1833282
1"
#1851800
0"
#1870318
1"
#1888836
0"
#1907354
1"
#1925872
0"
#1944390
1"
#1962908
0"
#1981426
1"
#1999944
0"
#2018462
1"
#2036980
0"
#2055498
1"
#2074016
0"
#2092534
1"
#2111052
0"
#2129570
1"
#2148088
0"
#2166606
1"
#2185124
0"
#2203642
1"
#2222160
0"
#2240678
1"
#2259196
0"
#2277714
1"
#2296232
0"
#2314750
1"
#2333268
0"
#2351786
1"
#2370304
0"
#2388822
1"
#2407340
0"
#2425858
1"
#2444376
0"
#2462894
1"
#2481412
0"
#2499930
1"
#2518448
0"
#2536966
1"
#2555484
0"
#2574002
1"
#2592520
0"
#2611038
1"
#2629556
0"
#2648074
1"
#2666592
0"
#2685110
1"
#2703628
0"
#2722146
1"
#2740664
0"
#2759182
1"
#2777700
0"
#2796218
1"
#2814736
0"
#2833254
1"
#2851772
0"
#2870290
1"
#2888808
0"
#2907326
1"
#2925844
0"
#2944362
1"
#2962880
0"
#2981398
1"
#2999916
0"
#3018434
1"
#3036952
0"
#3055470
1"
#3073988
0"
#3092506
1"
#3111024
0"
#3129542
1"
#3148060
0"
#3166578
1"
#3185096
0"
#3203614
1"
#3222132
0"
#3240650
1"
#3259168
0"
#3277686
1"
#3296204
0"
#3314722
1"
#3333240
0"
#3351758
1"
#3370276
0"
#3388794
1"
#3407312
0"
#3425830
1"
#3444348
0"
#3462866
1"
#3481384
0"
#3499902
1"
#3518420
0"
#3536938
1"
#3555456
0"
#3573974
1"
#3592492
0"
#3611010
1"
#3629528
0"
#3648046
1"
#3666564
0"
#3685082
1"
#3703600
0"
#3722118
1"
#3740636
0"
#3759154
1"
#3777672
0"
#3796190
1"
#3814708
0"
#3833226
1"
#3851744
0"
#3870262
1"
#3888780
0"
#3907298
1"
#3925816
0"
#3944334
1"
#3962852
0"
#3981370
1"
#3999888
0"
#4018406
1"
#4036924
0"
#4055442
1"
#4073960
0"
#4092478
1"
#4110996
0"
#4129514
1"
#4148032
0"
#4166550
1"
#4185068
0"
#4203586
1"
#4222104
0"
#4240622
1"
#4259140
0"
#4277658
1"
#4296176
0"
#4314694
1"
#4333212
0"
#4351730
1"
#4370248
0"
#4388766
1"
#4407284
0"
#4425802
1"
#4444320
0"
#4462838
1"
#4481356
0"
#4499874
1"
#4518392
0"
#4536910
1"
#4555428
0"
#4573946
1"
#4592464
0"
#4610982
1"
#4629500
0"
#4648018
1"
#4666536
0"
#4685054
1"
#4703572
0"
#4722090
1"
#4740608
0"
#4759126
1"
#4777644
0"
#4796162
1"
#4814680
0"
#4833198
1"
#4851716
0"
#4870234
1"
#4888752
0"
#4907270
1"
#4925788
0"
#4944306
1"
#4962824
0"
#4981342
1"
#4999860
0"
#5018378
1"
#5036896
0"
#5055414
1"
#5073932
0"
#5092450
1"
#5110968
0"
#5129486
1"
#5148004
0"
#5166522
1"
#5185040
0"
#5203558
1"
#5222076
0"
#5240594
1"
#5259112
0"
#5277630
1"
#5296148
0"
#5314666
1"
#5333184
0"
#5351702
1"
#5370220
0"
#5388738
1"
#5407256
0"
#5425774
1"
#5444292
0"
#5462810
1"
#5481328
0"
#5499846
1"
#5518364
0"
#5536882
1"
#5555400
0"
#5573918
1"
#5592436
0"
#5610954
1"
#5629472
0"
#5647990
1"
#5666508
0"
#5685026
1"
#5703544
0"
#5722062
1"
#5740580
0"
#5759098
1"
#5777616
0"
#5796134
1"
#5814652
0"
#5833170
1"
#5851688
0"
#5870206
1"
#5888724
0"
#5907242
1"
#5925760
0"
#5944278
1"
#5962796
0"
#5981314
1"
#5999832
0"
#6018350
1"
#6036868
0"
#6055386
1"
#6073904
0"
#6092422
1"
#6110940
0"
#6129458
1"
#6147976
0"
#6166494
1"
#6185012
0"
#6203530
1"
#6222048
0"
#6240566
1"
#6259084
0"
#6277602
1"
#6296120
0"
#6314638
1"
#6333156
0"
#6351674
1"
#6370192
0"
#6388710
1"
#6407228
0"
#6425746
1"
#6444264
0"
#6462782
1"
#6481300
0"
#6499818
1"
#6518336
0"
#6536854
1"
#6555372
0"
#6573890
1"
#6592408
0"
#6610926
1"
#6629444
0"
#6647962
1"
#6666480
0"
#6684998
1"
#6703516
0"
#6722034
1"
#6740552
0"
#6759070
1"
#6777588
0"
#6796106
1"
#6814624
0"
#6833142
1"
#6851660
0"
#6870178
1"
#6888696
0"
#6907214
1"
#6925732
0"
#6944250
1"
#6962768
0"
#6981286
1"
#6999804
0"
#7018322
1"
#7036840
0"
#7055358
1"
#7073876
0"
#7092394
1"
#7110912
0"
#7129430
1"
#7147948
0"
#7166466
1"
#7184984
0"
#7203502
1"
#7222020
0"
#7240538
1"
#7259056
0"
#7277574
1"
#7296092
0"
#7314610
1"
#7333128
0"
#7351646
1"
#7370164
0"
#7388682
1"
#7407200
0"
#7425718
1"
#7444236
0"
#7462754
1"
#7481272
0"
#7499790
1"
#7518308
0"
#7536826
1"
#7555344
0"
#7573862
1"
#7592380
0"
#7610898
1"
#7629416
0"
#7647934
1"
#7666452
0"
#7684970
1"
#7703488
0"
#7722006
1"
#7740524
0"
#7759042
1"
#7777560
0"
#7796078
1"
#7814596
0"
#7833114
1"
#7851632
0"
#7870150
1"
#7888668
0"
#7907186
1"
#7925704
0"
#7944222
1"
#7962740
0"
#7981258
1"
#7999776
0"
#8018294
1"
#8036812
0"
#8055330
1"
#8073848
0"
#8092366
1"
#8110884
0"
#8129402
1"
#8147920
0"
#8166438
1"
#8184956
0"
#8203474
1"
#8221992
0"
#8240510
1"
#8259028
0"
#8277546
1"
#8296064
0"
#8314582
1"
#8333100
0"
#8351618
1"
#8370136
0"
#8388654
1"
#8407172
0"
#8425690
1"
#8444208
0"
#8462726
1"
#8481244
0"
#8499762
1"
#8518280
0"
#8536798
1"
#8555316
0"
#8573834
1"
#8592352
0"
#8610870
1"
#8629388
0"
#8647906
1"
#8666424
0"
#8684942
1"
#8703460
0"
#8721978
1"
#8740496
0"
#8759014
1"
#8777532
0"
#8796050
1"
#8814568
0"
#8833086
1"
#8851604
0"
#8870122
1"
#8888640
0"
#8907158
1"
#8925676
0"
#8944194
1"
#8962712
0"
#8981230
1"
#8999748
0"
#9018266
1"
#9036784
0"
#9055302
1"
#9073820
0"
#9092338
1"
#9110856
0"
#9129374
1"
#9147892
0"
#9166410
1"
#9184928
0"
#9203446
1"
#9221964
0"
#9240482
1"
#9259000
0"
#9277518
1"
#9296036
0"
#9314554
1"
#9333072
0"
#9351590
1"
#9370108
0"
#9388626
1"
#9407144
0"
#9425662
1"
#9444180
0"
#9462698
1"
#9481216
0"
#9499734
1"
#9518252
0"
#9536770
1"
#9555288
0"
#9573806
1"
#9592324
0"
#9610842
1"
#9629360
0"
#9647878
1"
#9666396
0"
#9684914
1"
#9703432
0"
#9721950
1"
#9740468
0"
#9758986
1"
#9777504
0"
#9796022
1"
#9814540
0"
#9833058
1"
#9851576
0"
#9870094
1"
#9888612
0"
#9907130
1"
#9925648
0"
#9944166
1"
#9962684
0"
#9981202
1"
#9999720
0"
#10018238
1"
#10036756
0"
#10055274
1"
#10073792
0"
#10092310
1"
#10110828
0"
#10129346
1"
#10147864
0"
#10166382
1"
#10184900
0"
#10203418
1"
#10221936
0"
#10240454
1"
#10258972
0"
#10277490
1"
#10296008
0"
#10314526
1"
#10333044
0"
#10351562
1"
#10370080
0"
#10388598
1"
#10407116
0"
#10425634
1"
#10444152
0"
#10462670
1"
#10481188
0"
#10499706
1"
#10518224
0"
#10536742
1"
#10555260
0"
#10573778
1"
#10592296
0"
#10610814
1"
#10629332
0"
#10647850
1"
#10666368
0"
#10684886
1"
#10703404
0"
#10721922
1"
#10740440
0"
#10758958
1"
#10777476
0"
#10795994
1"
#10814512
0"
#10833030
1"
#10851548
0"
#10870066
1"
#10888584
0"
#10907102
1"
#10925620
0"
#10944138
1"
#10962656
0"
#10981174
1"
#10999692
0"
#11018210
1"
#11036728
0"
#11055246
1"
#11073764
0"
#11092282
1"
#11110800
0"
#11129318
1"
#11147836
0"
#11166354
1"
#11184872
0"
#11203390
1"
#11221908
0"
#11240426
1"
#11258944
0"
#11277462
1"
#11295980
0"
#11314498
1"
#11333016
0"
#11351534
1"
#11370052
0"
#11388570
1"
#11407088
0"
#11425606
1"
#11444124
0"
#11462642
1"
#11481160
0"
#11499678
1"
#11518196
0"
#11536714
1"
#11555232
0"
#11573750
1"
#11592268
0"
#11610786
1"
#11629304
0"
#11647822
1"
#11666340
0"
#11684858
1"
#11703376
0"
#11721894
1"
#11740412
0"
#11758930
1"
#11777448
0"
#11795966
1"
#11814484
0"
#11833002
1"
#11851520
0"
#11870038
1"
#11888556
0"
#11907074
1"
#11925592
0"
#11944110
1"
#11962628
0"
#11981146
1"
#11999664
0"
#12018182
1"
#12036700
0"
#12055218
1"
#12073736
0"
#12092254
1"
#12110772
0"
#12129290
1"
#12147808
0"
#12166326
1"
#12184844
0"
#12203362
1"
#12221880
0"
#12240398
1"
#12258916
0"
#12277434
1"
#12295952
0"
#12314470
1"
#12332988
0"
#12351506
1"
#12370024
0"
#12388542
1"
#12407060
0"
#12425578
1"
#12444096
0"
#12462614
1"
#12481132
0"
#12499650
1"
#12518168
0"
#12536686
1"
#12555204
0"
#12573722
1"
#12592240
0"
#12610758
1"
#12629276
0"
#12647794
1"
#12666312
0"
#12684830
1"
#12703348
0"
#12721866
1"
#12740384
0"
#12758902
1"
#12777420
0"
#12795938
1"
#12814456
0"
#12832974
1"
#12851492
0"
#12870010
1"
#12888528
0"
#12907046
1"
#12925564
0"
#12944082
1"
#12962600
0"
#12981118
1"
#12999636
0"
#13018154
1"
#13036672
0"
#13055190
1"
#13073708
0"
#13092226
1"
#13110744
0"
#13129262
1"
#13147780
0"
#13166298
1"
#13184816
0"
#13203334
1"
#13221852
0"
#13240370
1"
#13258888
0"
#13277406
1"
#13295924
0"
#13314442
1"
#13332960
0"
#13351478
1"
#13369996
0"
#13388514
1"
#13407032
0"
#13425550
1"
#13444068
0"
#13462586
1"
#13481104
0"
#13499622
1"
#13518140
0"
#13536658
1"
#13555176
0"
#13573694
1"
#13592212
0"
#13610730
1"
#13629248
0"
#13647766
1"
#13666284
0"
#13684802
1"
#13703320
0"
#13721838
1"
#13740356
0"
#13758874
1"
#13777392
0"
#13795910
1"
#13814428
0"
#13832946
1"
#13851464
0"
#13869982
1"
#13888500
0"
#13907018
1"
#13925536
0"
#13944054
1"
#13962572
0"
#13981090
1"
#13999608
0"
#14018126
1"
#14036644
0"
#14055162
1"
#14073680
0"
#14092198
1"
#14110716
0"
#14129234
1"
#14147752
0"
#14166270
1"
#14184788
0"
#14203306
1"
#14221824
0"
#14240342
1"
#14258860
0"
#14277378
1"
#14295896
0"
#14314414
1"
#14332932
0"
#14351450
1"
#14369968
0"
#14388486
1"
#14407004
0"
#14425522
1"
#14444040
0"
#14462558
1"
#14481076
0"
#14499594
1"
#14518112
0"
#14536630
1"
#14555148
0"
#14573666
1"
#14592184
0"
#14610702
1"
#14629220
0"
#14647738
1"
#14666256
0"
#14684774
1"
#14703292
0"
#14721810
1"
#14740328
0"
#14758846
1"
#14777364
0"
#14795882
1"
#14814400
0"
#14832918
1"
#14851436
0"
#14869954
1"
#14888472
0"
#14906990
1"
#14925508
0"
#14944026
1"
#14962544
0"
#14981062
1"
#14999580
0"
#15018098
1"
#15036616
0"
#15055134
1"
#15073652
0"
#15092170
1"
#15110688
0"
#15129206
1"
#15147724
0"
#15166242
1"
#15184760
0"
#15203278
1"
#15221796
0"
#15240314
1"
#15258832
0"
#15277350
1"
#15295868
0"
#15314386
1"
#15332904
0"
#15351422
1"
#15369940
0"
#15388458
1"
#15406976
0"
#15425494
1"
#15444012
0"
#15462530
1"
#15481048
0"
#15499566
1"
#15518084
0"
#15536602
1"
#15555120
0"
#15573638
1"
#15592156
0"
#15610674
1"
#15629192
0"
#15647710
1"
#15666228
0"
#15684746
1"
#15703264
0"
#15721782
1"
#15740300
0"
#15758818
1"
#15777336
0"
#15795854
1"
#15814372
0"
#15832890
1"
#15851408
0"
#15869926
1"
#15888444
0"
#15906962
1"
#15925480
0"
#15943998
1"
#15962516
0"
#15981034
1"
#15999552
0"
#16018070
1"
#16036588
0"
#16055106
1"
#16073624
0"
#16092142
1"
#16110660
0"
#16129178
1"
#16147696
0"
#16166214
1"
#16184732
0"
#16203250
1"
#16221768
0"
#16240286
1"
#16258804
0"
#16277322
1"
#16295840
0"
#16314358
1"
#16332876
0"
#16351394
1"
#16369912
0"
#16388430
1"
#16406948
0"
#16425466
1"
#16443984
0"
#16462502
1"
#16481020
0"
#16499538
1"
#16518056
0"
#16536574
1"
#16555092
0"
#16573610
1"
#16592128
0"
#16610646
1"
#16629164
0"
#16647682
1"
#16666200
0"
#16684718
1"
#16703236
0"
#16721754
1"
#16740272
0"
#16758790
1"
#16777308
0"
#16795826
1"
#16814344
0"
#16832862
1"
#16851380
0"
#16869898
1"
#16888416
0"
#16906934
1"
#16925452
0"
#16943970
1"
#16962488
0"
#16981006
1"
#16999524
0"
#17018042
1"
#17036560
0"
#17055078
1"
#17073596
0"
#17092114
1"
#17110632
0"
#17129150
1"
#17147668
0"
#17166186
1"
#17184704
0"
#17203222
1"
#17221740
0"
#17240258
1"
#17258776
0"
#17277294
1"
#17295812
0"
#17314330
1"
#17332848
0"
#17351366
1"
#17369884
0"
#17388402
1"
#17406920
0"
#17425438
1"
#17443956
0"
#17462474
1"
#17480992
0"
#17499510
1"
#17518028
0"
#17536546
1"
#17555064
0"
#17573582
1"
#17592100
0"
#17610618
1"
#17629136
0"
#17647654
1"
#17666172
0"
#17684690
1"
#17703208
0"
#17721726
1"
#17740244
0"
#17758762
1"
#17777280
0"
#17795798
1"
#17814316
0"
#17832834
1"
#17851352
0"
#17869870
1"
#17888388
0"
#17906906
1"
#17925424
0"
#17943942
1"
#17962460
0"
#17980978
1"
#17999496
0"
#18018014
1"
#18036532
0"
#18055050
1"
#18073568
0"
#18092086
1"
#18110604
0"
#18129122
1"
#18147640
0"
#18166158
1"
#18184676
0"
#18203194
1"
#18221712
0"
#18240230
1"
#18258748
0"
#18277266
1"
#18295784
0"
#18314302
1"
#18332820
0"
#18351338
1"
#18369856
0"
#18388374
1"
#18406892
0"
#18425410
1"
#18443928
0"
#18462446
1"
#18480964
0"
#18499482
1"
#18518000
0"
#18536518
1"
#18555036
0"
#18573554
1"
#18592072
0"
#18610590
1"
#18629108
0"
#18647626
1"
#18666144
0"
#18684662
1"
#18703180
0"
#18721698
1"
#18740216
0"
#18758734
1"
#18777252
0"
#18795770
1"
#18814288
0"
#18832806
1"
#18851324
0"
#18869842
1"
#18888360
0"
#18906878
1"
#18925396
0"
#18943914
1"
#18962432
0"
#18980950
1"
#18999468
0"
#19017986
1"
#19036504
0"
#19055022
1"
#19073540
0"
#19092058
1"
#19110576
0"
#19129094
1"
#19147612
0"
#19166130
1"
#19184648
0"
#19203166
1"
#19221684
0"
#19240202
1"
#19258720
0"
#19277238
1"
#19295756
0"
#19314274
1"
#19332792
0"
#19351310
1"
#19369828
0"
#19388346
1"
#19406864
0"
#19425382
1"
#19443900
0"
#19462418
1"
#19480936
0"
#19499454
1"
#19517972
0"
#19536490
1"
#19555008
0"
#19573526
1"
#19592044
0"
#19610562
1"
#19629080
0"
#19647598
1"
#19666116
0"
#19684634
1"
#19703152
0"
#19721670
1"
#19740188
0"
#19758706
1"
#19777224
0"
#19795742
1"
#19814260
0"
#19832778
1"
#19851296
0"
#19869814
1"
#19888332
0"
#19906850
1"
#19925368
0"
#19943886
1"
#19962404
0"
#19980922
1"
#19999440
0"
#20017958
1"
#20036476
0"
#20054994
1"
#20073512
0"
#20092030
1"
#20110548
0"
#20129066
1"
#20147584
0"
#20166102
1"
#20184620
0"
#20200000
0$
b1010101 /
#20203138
0-
1"
#20221656
0"
#20240174
0.
1"
#20258692
0"
#20277210
b1 ,
1"
#20295728
0"
#20314246
b1 (
1"
#20332764
0"
#20351282
b10 (
1"
#20369800
0"
#20388318
b11 (
1"
#20406836
0"
#20425354
b100 (
1"
#20443872
0"
#20462390
b101 (
1"
#20480908
0"
#20499426
b110 (
1"
#20517944
0"
#20536462
b111 (
1"
#20554980
0"
#20573498
b1000 (
1"
#20592016
0"
#20610534
b1001 (
1"
#20629052
0"
#20647570
b1010 (
1"
#20666088
0"
#20684606
b1011 (
1"
#20703124
0"
#20721642
b1100 (
1"
#20740160
0"
#20758678
b1101 (
1"
#20777196
0"
#20795714
b1110 (
1"
#20814232
0"
#20832750
b1111 (
1"
#20851268
0"
#20869786
b10000 (
1"
#20888304
0"
#20906822
b10001 (
1"
#20925340
0"
#20943858
b10010 (
1"
#20962376
0"
#20980894
b10011 (
1"
#20999412
0"
#21017930
b10100 (
1"
#21036448
0"
#21054966
b10101 (
1"
#21073484
0"
#21092002
b10110 (
1"
#21110520
0"
#21129038
b10111 (
1"
#21147556
0"
#21166074
b11000 (
1"
#21184592
0"
#21203110
b11001 (
1"
#21221628
0"
#21240146
b11010 (
1"
#21258664
0"
#21277182
b11011 (
1"
#21295700
0"
#21314218
b11100 (
1"
#21332736
0"
#21351254
b11101 (
1"
#21369772
0"
#21388290
b11110 (
1"
#21406808
0"
#21425326
b11111 (
1"
#21443844
0"
#21462362
b100000 (
1"
#21480880
0"
#21499398
b100001 (
1"
#21517916
0"
#21536434
b100010 (
1"
#21554952
0"
#21573470
b100011 (
1"
#21591988
0"
#21610506
b100100 (
1"
#21629024
0"
#21647542
b100101 (
1"
#21666060
0"
#21684578
b100110 (
1"
#21703096
0"
#21721614
b100111 (
1"
#21740132
0"
#21758650
b101000 (
1"
#21777168
0"
#21795686
b101001 (
1"
#21814204
0"
#21832722
b101010 (
1"
#21851240
0"
#21869758
b101011 (
1"
#21888276
0"
#21906794
b101100 (
1"
#21925312
0"
#21943830
b101101 (
1"
#21962348
0"
#21980866
b101110 (
1"
#21999384
0"
#22017902
b101111 (
1"
#22036420
0"
#22054938
b110000 (
1"
#22073456
0"
#22091974
b110001 (
1"
#22110492
0"
#22129010
b110010 (
1"
#22147528
0"
#22166046
b110011 (
1"
#22184564
0"
#22203082
b110100 (
1"
#22221600
0"
#22240118
b110101 (
1"
#22258636
0"
#22277154
b110110 (
1"
#22295672
0"
#22314190
b110111 (
1"
#22332708
0"
#22351226
b111000 (
1"
#22369744
0"
#22388262
b111001 (
1"
#22406780
0"
#22425298
b111010 (
1"
#22443816
0"
#22462334
b111011 (
1"
#22480852
0"
#22499370
b111100 (
1"
#22517888
0"
#22536406
b111101 (
1"
#22554924
0"
#22573442
b111110 (
1"
#22591960
0"
#22610478
b111111 (
1"
#22628996
0"
#22647514
b1000000 (
1"
#22666032
0"
#22684550
b1000001 (
1"
#22703068
0"
#22721586
b1000010 (
1"
#22740104
0"
#22758622
b1000011 (
1"
#22777140
0"
#22795658
b1000100 (
1"
#22814176
0"
#22832694
b1000101 (
1"
#22851212
0"
#22869730
b1000110 (
1"
#22888248
0"
#22906766
b1000111 (
1"
#22925284
0"
#22943802
b1001000 (
1"
#22962320
0"
#22980838
b1001001 (
1"
#22999356
0"
#23017874
b1001010 (
1"
#23036392
0"
#23054910
b1001011 (
1"
#23073428
0"
#23091946
b1001100 (
1"
#23110464
0"
#23128982
b1001101 (
1"
#23147500
0"
#23166018
b1001110 (
1"
#23184536
0"
#23203054
b1001111 (
1"
#23221572
0"
#23240090
b1010000 (
1"
#23258608
0"
#23277126
b1010001 (
1"
#23295644
0"
#23314162
b1010010 (
1"
#23332680
0"
#23351198
b1010011 (
1"
#23369716
0"
#23388234
b1010100 (
1"
#23406752
0"
#23425270
b1010101 (
1"
#23443788
0"
#23462306
b1010110 (
1"
#23480824
0"
#23499342
b1010111 (
1"
#23517860
0"
#23536378
b1011000 (
1"
#23554896
0"
#23573414
b1011001 (
1"
#23591932
0"
#23610450
b1011010 (
1"
#23628968
0"
#23647486
b1011011 (
1"
#23666004
0"
#23684522
b1011100 (
1"
#23703040
0"
#23721558
b1011101 (
1"
#23740076
0"
#23758594
b1011110 (
1"
#23777112
0"
#23795630
b1011111 (
1"
#23814148
0"
#23832666
b1100000 (
1"
#23851184
0"
#23869702
b1100001 (
1"
#23888220
0"
#23906738
b1100010 (
1"
#23925256
0"
#23943774
b1100011 (
1"
#23962292
0"
#23980810
b1100100 (
1"
#23999328
0"
#24017846
b1100101 (
1"
#24036364
0"
#24054882
b1100110 (
1"
#24073400
0"
#24091918
b1100111 (
1"
#24110436
0"
#24128954
b1101000 (
1"
#24147472
0"
#24165990
b1101001 (
1"
#24184508
0"
#24203026
b1101010 (
1"
#24221544
0"
#24240062
b1101011 (
1"
#24258580
0"
#24277098
b1101100 (
1"
#24295616
0"
#24314134
b1101101 (
1"
#24332652
0"
#24351170
b1101110 (
1"
#24369688
0"
#24388206
b1101111 (
1"
#24406724
0"
#24425242
b1110000 (
1"
#24443760
0"
#24462278
b1110001 (
1"
#24480796
0"
#24499314
b1110010 (
1"
#24517832
0"
#24536350
b1110011 (
1"
#24554868
0"
#24573386
b1110100 (
1"
#24591904
0"
#24610422
b10 ,
b0 (
1"
#24628940
0"
#24647458
b1 (
1"
#24665976
0"
#24684494
b10 (
1"
#24703012
0"
#24721530
b11 (
1"
#24740048
0"
#24758566
b100 (
1"
#24777084
0"
#24795602
b101 (
1"
#24814120
0"
#24832638
b110 (
1"
#24851156
0"
#24869674
b111 (
1"
#24888192
0"
#24906710
b1000 (
1"
#24925228
0"
#24943746
b1001 (
1"
#24962264
0"
#24980782
b1010 (
1"
#24999300
0"
#25017818
b1011 (
1"
#25036336
0"
#25054854
b1100 (
1"
#25073372
0"
#25091890
b1101 (
1"
#25110408
0"
#25128926
b1110 (
1"
#25147444
0"
#25165962
b1111 (
1"
#25184480
0"
#25202998
b10000 (
1"
#25221516
0"
#25240034
b10001 (
1"
#25258552
0"
#25277070
b10010 (
1"
#25295588
0"
#25314106
b10011 (
1"
#25332624
0"
#25351142
b10100 (
1"
#25369660
0"
#25388178
b10101 (
1"
#25406696
0"
#25425214
b10110 (
1"
#25443732
0"
#25462250
b10111 (
1"
#25480768
0"
#25499286
b11000 (
1"
#25517804
0"
#25536322
b11001 (
1"
#25554840
0"
#25573358
b11010 (
1"
#25591876
0"
#25610394
b11011 (
1"
#25628912
0"
#25647430
b11100 (
1"
#25665948
0"
#25684466
b11101 (
1"
#25702984
0"
#25721502
b11110 (
1"
#25740020
0"
#25758538
b11111 (
1"
#25777056
0"
#25795574
b100000 (
1"
#25814092
0"
#25832610
b100001 (
1"
#25851128
0"
#25869646
b100010 (
1"
#25888164
0"
#25906682
b100011 (
1"
#25925200
0"
#25943718
b100100 (
1"
#25962236
0"
#25980754
b100101 (
1"
#25999272
0"
#26017790
b100110 (
1"
#26036308
0"
#26054826
b100111 (
1"
#26073344
0"
#26091862
b101000 (
1"
#26110380
0"
#26128898
b101001 (
1"
#26147416
0"
#26165934
b101010 (
1"
#26184452
0"
#26202970
b101011 (
1"
#26221488
0"
#26240006
b101100 (
1"
#26258524
0"
#26277042
b101101 (
1"
#26295560
0"
#26314078
b101110 (
1"
#26332596
0"
#26351114
b101111 (
1"
#26369632
0"
#26388150
b110000 (
1"
#26406668
0"
#26425186
b110001 (
1"
#26443704
0"
#26462222
b110010 (
1"
#26480740
0"
#26499258
b110011 (
1"
#26517776
0"
#26536294
b110100 (
1"
#26554812
0"
#26573330
b110101 (
1"
#26591848
0"
#26610366
b110110 (
1"
#26628884
0"
#26647402
b110111 (
1"
#26665920
0"
#26684438
b111000 (
1"
#26702956
0"
#26721474
b111001 (
1"
#26739992
0"
#26758510
b111010 (
1"
#26777028
0"
#26795546
b111011 (
1"
#26814064
0"
#26832582
b111100 (
1"
#26851100
0"
#26869618
b111101 (
1"
#26888136
0"
#26906654
b111110 (
1"
#26925172
0"
#26943690
b111111 (
1"
#26962208
0"
#26980726
b1000000 (
1"
#26999244
0"
#27017762
b1000001 (
1"
#27036280
0"
#27054798
b1000010 (
1"
#27073316
0"
#27091834
b1000011 (
1"
#27110352
0"
#27128870
b1000100 (
1"
#27147388
0"
#27165906
b1000101 (
1"
#27184424
0"
#27202942
b1000110 (
1"
#27221460
0"
#27239978
b1000111 (
1"
#27258496
0"
#27277014
b1001000 (
1"
#27295532
0"
#27314050
b1001001 (
1"
#27332568
0"
#27351086
b1001010 (
1"
#27369604
0"
#27388122
b1001011 (
1"
#27406640
0"
#27425158
b1001100 (
1"
#27443676
0"
#27462194
b1001101 (
1"
#27480712
0"
#27499230
b1001110 (
1"
#27517748
0"
#27536266
b1001111 (
1"
#27554784
0"
#27573302
b1010000 (
1"
#27591820
0"
#27610338
b1010001 (
1"
#27628856
0"
#27647374
b1010010 (
1"
#27665892
0"
#27684410
b1010011 (
1"
#27702928
0"
#27721446
b1010100 (
1"
#27739964
0"
#27758482
b1010101 (
1"
#27777000
0"
#27795518
b1010110 (
1"
#27814036
0"
#27832554
b1010111 (
1"
#27851072
0"
#27869590
b1011000 (
1"
#27888108
0"
#27906626
b1011001 (
1"
#27925144
0"
#27943662
b1011010 (
1"
#27962180
0"
#27980698
b1011011 (
1"
#27999216
0"
#28017734
b1011100 (
1"
#28036252
0"
#28054770
b1011101 (
1"
#28073288
0"
#28091806
b1011110 (
1"
#28110324
0"
#28128842
b1011111 (
1"
#28147360
0"
#28165878
b1100000 (
1"
#28184396
0"
#28202914
b1100001 (
1"
#28221432
0"
#28239950
b1100010 (
1"
#28258468
0"
#28276986
b1100011 (
1"
#28295504
0"
#28314022
b1100100 (
1"
#28332540
0"
#28351058
b1100101 (
1"
#28369576
0"
#28388094
b1100110 (
1"
#28406612
0"
#28425130
b1100111 (
1"
#28443648
0"
#28462166
b1101000 (
1"
#28480684
0"
#28499202
b1101001 (
1"
#28517720
0"
#28536238
b1101010 (
1"
#28554756
0"
#28573274
b1101011 (
1"
#28591792
0"
#28610310
b1101100 (
1"
#28628828
0"
#28647346
b1101101 (
1"
#28665864
0"
#28684382
b1101110 (
1"
#28702900
0"
#28721418
b1101111 (
1"
#28739936
0"
#28758454
b1110000 (
1"
#28776972
0"
#28795490
b1110001 (
1"
#28814008
0"
#28832526
b1110010 (
1"
#28851044
0"
#28869562
b1110011 (
1"
#28870000
1$
b0 0
#28888080
0"
#28906598
b1110100 (
1-
1"
#28925116
0"
#28943634
b1110101 (
1.
1"
#28962152
0"
#28980670
b1110110 (
1"
#28999188
0"
#29017706
b1110111 (
1"
#29036224
0"
#29054742
b1111000 (
1"
#29073260
0"
#29091778
b1111001 (
1"
#29110296
0"
#29128814
b1111010 (
1"
#29147332
0"
#29165850
b1111011 (
1"
#29184368
0"
#29202886
b1111100 (
1"
#29221404
0"
#29239922
b1111101 (
1"
#29258440
0"
#29276958
b1111110 (
1"
#29295476
0"
#29313994
b1111111 (
1"
#29332512
0"
#29351030
b10000000 (
1"
#29369548
0"
#29388066
b10000001 (
1"
#29406584
0"
#29425102
b10000010 (
1"
#29443620
0"
#29462138
b10000011 (
1"
#29480656
0"
#29499174
b10000100 (
1"
#29517692
0"
#29536210
b10000101 (
1"
#29554728
0"
#29573246
b10000110 (
1"
#29591764
0"
#29610282
b10000111 (
1"
#29628800
0"
#29647318
b10001000 (
1"
#29665836
0"
#29684354
b10001001 (
1"
#29702872
0"
#29721390
b10001010 (
1"
#29739908
0"
#29758426
b10001011 (
1"
#29776944
0"
#29795462
b10001100 (
1"
#29813980
0"
#29832498
b10001101 (
1"
#29851016
0"
#29869534
b10001110 (
1"
#29888052
0"
#29906570
b10001111 (
1"
#29925088
0"
#29943606
b10010000 (
1"
#29962124
0"
#29980642
b10010001 (
1"
#29999160
0"
#30017678
b10010010 (
1"
#30036196
0"
#30054714
b10010011 (
1"
#30073232
0"
#30091750
b10010100 (
1"
#30110268
0"
#30128786
b10010101 (
1"
#30147304
0"
#30165822
b10010110 (
1"
#30184340
0"
#30202858
b10010111 (
1"
#30221376
0"
#30239894
b10011000 (
1"
#30258412
0"
#30276930
b10011001 (
1"
#30295448
0"
#30313966
b10011010 (
1"
#30332484
0"
#30351002
b10011011 (
1"
#30369520
0"
#30388038
b10011100 (
1"
#30406556
0"
#30425074
b10011101 (
1"
#30443592
0"
#30462110
b10011110 (
1"
#30480628
0"
#30499146
b10011111 (
1"
#30517664
0"
#30536182
b10100000 (
1"
#30554700
0"
#30573218
b10100001 (
1"
#30591736
0"
#30610254
b10100010 (
1"
#30628772
0"
#30647290
b10100011 (
1"
#30665808
0"
#30684326
b10100100 (
1"
#30702844
0"
#30721362
b10100101 (
1"
#30739880
0"
#30758398
b10100110 (
1"
#30776916
0"
#30795434
b10100111 (
1"
#30813952
0"
#30832470
b10101000 (
1"
#30850988
0"
#30869506
b10101001 (
1"
#30888024
0"
#30906542
b10101010 (
1"
#30925060
0"
#30943578
b10101011 (
1"
#30962096
0"
#30980614
b10101100 (
1"
#30999132
0"
#31017650
b10101101 (
1"
#31036168
0"
#31054686
b10101110 (
1"
#31073204
0"
#31091722
b10101111 (
1"
#31110240
0"
#31128758
b10110000 (
1"
#31147276
0"
#31165794
b10110001 (
1"
#31184312
0"
#31202830
b10110010 (
1"
#31221348
0"
#31239866
b10110011 (
1"
#31258384
0"
#31276902
b10110100 (
1"
#31295420
0"
#31313938
b10110101 (
1"
#31332456
0"
#31350974
b10110110 (
1"
#31369492
0"
#31388010
b10110111 (
1"
#31406528
0"
#31425046
b10111000 (
1"
#31443564
0"
#31462082
b10111001 (
1"
#31480600
0"
#31499118
b10111010 (
1"
#31517636
0"
#31536154
b10111011 (
1"
#31554672
0"
#31573190
b10111100 (
1"
#31591708
0"
#31610226
b10111101 (
1"
#31628744
0"
#31647262
b10111110 (
1"
#31665780
0"
#31684298
b10111111 (
1"
#31702816
0"
#31721334
b11000000 (
1"
#31739852
0"
#31758370
b11000001 (
1"
#31776888
0"
#31795406
b11000010 (
1"
#31813924
0"
#31832442
b11000011 (
1"
#31850960
0"
#31869478
b11000100 (
1"
#31887996
0"
#31906514
b11000101 (
1"
#31925032
0"
#31943550
b11000110 (
1"
#31962068
0"
#31980586
b11000111 (
1"
#31999104
0"
#32017622
b11001000 (
1"
#32036140
0"
#32054658
b11001001 (
1"
#32073176
0"
#32091694
b11001010 (
1"
#32110212
0"
#32128730
b11001011 (
1"
#32147248
0"
#32165766
b11001100 (
1"
#32184284
0"
#32202802
b11001101 (
1"
#32221320
0"
#32239838
b11001110 (
1"
#32258356
0"
#32276874
b11001111 (
1"
#32295392
0"
#32313910
b11010000 (
1"
#32332428
0"
#32350946
b11010001 (
1"
#32369464
0"
#32387982
b11010010 (
1"
#32406500
0"
#32425018
b11010011 (
1"
#32443536
0"
#32462054
b11010100 (
1"
#32480572
0"
#32499090
b11010101 (
1"
#32517608
0"
#32536126
b11010110 (
1"
#32554644
0"
#32573162
b11010111 (
1"
#32591680
0"
#32610198
b11011000 (
1"
#32628716
0"
#32647234
b11011001 (
1"
#32665752
0"
#32684270
b11011010 (
1"
#32702788
0"
#32721306
b11011011 (
1"
#32739824
0"
#32758342
b11011100 (
1"
#32776860
0"
#32795378
b11011101 (
1"
#32813896
0"
#32832414
b11011110 (
1"
#32850932
0"
#32869450
b11011111 (
1"
#32887968
0"
#32906486
b11100000 (
1"
#32925004
0"
#32943522
b11100001 (
1"
#32962040
0"
#32980558
b11100010 (
1"
#32999076
0"
#33017594
b11100011 (
1"
#33036112
0"
#33054630
b11100100 (
1"
#33073148
0"
#33091666
b11100101 (
1"
#33110184
0"
#33128702
b11100110 (
1"
#33147220
0"
#33165738
b11100111 (
1"
#33184256
0"
#33202774
b11101000 (
1"
#33221292
0"
#33239810
b11101001 (
1"
#33258328
0"
#33276846
b1 )
b1 +
b0 (
1"
#33295364
0"
#33313882
b1 (
1"
#33332400
0"
#33350918
b10 (
1"
#33369436
0"
#33387954
b11 (
1"
#33406472
0"
#33424990
b100 (
1"
#33443508
0"
#33462026
b101 (
1"
#33480544
0"
#33499062
b110 (
1"
#33517580
0"
#33536098
b111 (
1"
#33554616
0"
#33573134
b1000 (
1"
#33591652
0"
#33610170
b1001 (
1"
#33628688
0"
#33647206
b1010 (
1"
#33665724
0"
#33684242
b1011 (
1"
#33702760
0"
#33721278
b1100 (
1"
#33739796
0"
#33758314
b1101 (
1"
#33776832
0"
#33795350
b1110 (
1"
#33813868
0"
#33832386
b1111 (
1"
#33850904
0"
#33869422
b10000 (
1"
#33887940
0"
#33906458
b10001 (
1"
#33924976
0"
#33943494
b10010 (
1"
#33962012
0"
#33980530
b10011 (
1"
#33999048
0"
#34017566
b10100 (
1"
#34036084
0"
#34054602
b10101 (
1"
#34073120
0"
#34091638
b10110 (
1"
#34110156
0"
#34128674
b10111 (
1"
#34147192
0"
#34165710
b11000 (
1"
#34184228
0"
#34202746
b11001 (
1"
#34221264
0"
#34239782
b11010 (
1"
#34258300
0"
#34276818
b11011 (
1"
#34295336
0"
#34313854
b11100 (
1"
#34332372
0"
#34350890
b11101 (
1"
#34369408
0"
#34387926
b11110 (
1"
#34406444
0"
#34424962
b11111 (
1"
#34443480
0"
#34461998
b100000 (
1"
#34480516
0"
#34499034
b100001 (
1"
#34517552
0"
#34536070
b100010 (
1"
#34554588
0"
#34573106
b100011 (
1"
#34591624
0"
#34610142
b100100 (
1"
#34628660
0"
#34647178
b100101 (
1"
#34665696
0"
#34684214
b100110 (
1"
#34702732
0"
#34721250
b100111 (
1"
#34739768
0"
#34758286
b101000 (
1"
#34776804
0"
#34795322
b101001 (
1"
#34813840
0"
#34832358
b101010 (
1"
#34850876
0"
#34869394
b101011 (
1"
#34887912
0"
#34906430
b101100 (
1"
#34924948
0"
#34943466
b101101 (
1"
#34961984
0"
#34980502
b101110 (
1"
#34999020
0"
#35017538
b101111 (
1"
#35036056
0"
#35054574
b110000 (
1"
#35073092
0"
#35091610
b110001 (
1"
#35110128
0"
#35128646
b110010 (
1"
#35147164
0"
#35165682
b110011 (
1"
#35184200
0"
#35202718
b110100 (
1"
#35221236
0"
#35239754
b110101 (
1"
#35258272
0"
#35276790
b110110 (
1"
#35295308
0"
#35313826
b110111 (
1"
#35332344
0"
#35350862
b111000 (
1"
#35369380
0"
#35387898
b111001 (
1"
#35406416
0"
#35424934
b111010 (
1"
#35443452
0"
#35461970
b111011 (
1"
#35480488
0"
#35499006
b111100 (
1"
#35517524
0"
#35536042
b111101 (
1"
#35554560
0"
#35573078
b111110 (
1"
#35591596
0"
#35610114
b111111 (
1"
#35628632
0"
#35647150
b1000000 (
1"
#35665668
0"
#35684186
b1000001 (
1"
#35702704
0"
#35721222
b1000010 (
1"
#35739740
0"
#35758258
b1000011 (
1"
#35776776
0"
#35795294
b1000100 (
1"
#35813812
0"
#35832330
b1000101 (
1"
#35850848
0"
#35869366
b1000110 (
1"
#35887884
0"
#35906402
b1000111 (
1"
#35924920
0"
#35943438
b1001000 (
1"
#35961956
0"
#35980474
b1001001 (
1"
#35998992
0"
#36017510
b1001010 (
1"
#36036028
0"
#36054546
b1001011 (
1"
#36073064
0"
#36091582
b1001100 (
1"
#36110100
0"
#36128618
b1001101 (
1"
#36147136
0"
#36165654
b1001110 (
1"
#36184172
0"
#36202690
b1001111 (
1"
#36221208
0"
#36239726
b1010000 (
1"
#36258244
0"
#36276762
b1010001 (
1"
#36295280
0"
#36313798
b1010010 (
1"
#36332316
0"
#36350834
b1010011 (
1"
#36369352
0"
#36387870
b1010100 (
1"
#36406388
0"
#36424906
b1010101 (
1"
#36443424
0"
#36461942
b1010110 (
1"
#36480460
0"
#36498978
b1010111 (
1"
#36517496
0"
#36536014
b1011000 (
1"
#36554532
0"
#36573050
b1011001 (
1"
#36591568
0"
#36610086
b1011010 (
1"
#36628604
0"
#36647122
b1011011 (
1"
#36665640
0"
#36684158
b1011100 (
1"
#36702676
0"
#36721194
b1011101 (
1"
#36739712
0"
#36758230
b1011110 (
1"
#36776748
0"
#36795266
b1011111 (
1"
#36813784
0"
#36832302
b1100000 (
1"
#36850820
0"
#36869338
b1100001 (
1"
#36887856
0"
#36906374
b1100010 (
1"
#36924892
0"
#36943410
b1100011 (
1"
#36961928
0"
#36980446
b1100100 (
1"
#36998964
0"
#37017482
b1100101 (
1"
#37036000
0"
#37054518
b1100110 (
1"
#37073036
0"
#37091554
b1100111 (
1"
#37110072
0"
#37128590
b1101000 (
1"
#37147108
0"
#37165626
b1101001 (
1"
#37184144
0"
#37202662
b1101010 (
1"
#37221180
0"
#37239698
b1101011 (
1"
#37258216
0"
#37276734
b1101100 (
1"
#37295252
0"
#37313770
b1101101 (
1"
#37332288
0"
#37350806
b1101110 (
1"
#37369324
0"
#37387842
b1101111 (
1"
#37406360
0"
#37424878
b1110000 (
1"
#37443396
0"
#37461914
b1110001 (
1"
#37480432
0"
#37498950
b1110010 (
1"
#37517468
0"
#37535986
b1110011 (
1"
#37540000
0$
b1 0
#37554504
0"
#37573022
b1110100 (
0-
1"
#37591540
0"
#37610058
b1110101 (
0.
1"
#37628576
0"
#37647094
b1110110 (
1"
#37665612
0"
#37684130
b1110111 (
1"
#37702648
0"
#37721166
b1111000 (
1"
#37739684
0"
#37758202
b1111001 (
1"
#37776720
0"
#37795238
b1111010 (
1"
#37813756
0"
#37832274
b1111011 (
1"
#37850792
0"
#37869310
b1111100 (
1"
#37887828
0"
#37906346
b1111101 (
1"
#37924864
0"
#37943382
b1111110 (
1"
#37961900
0"
#37980418
b1111111 (
1"
#37998936
0"
#38017454
b10000000 (
1"
#38035972
0"
#38054490
b10000001 (
1"
#38073008
0"
#38091526
b10000010 (
1"
#38110044
0"
#38128562
b10000011 (
1"
#38147080
0"
#38165598
b10000100 (
1"
#38184116
0"
#38202634
b10000101 (
1"
#38221152
0"
#38239670
b10000110 (
1"
#38258188
0"
#38276706
b10000111 (
1"
#38295224
0"
#38313742
b10001000 (
1"
#38332260
0"
#38350778
b10001001 (
1"
#38369296
0"
#38387814
b10001010 (
1"
#38406332
0"
#38424850
b10001011 (
1"
#38443368
0"
#38461886
b10001100 (
1"
#38480404
0"
#38498922
b10001101 (
1"
#38517440
0"
#38535958
b10001110 (
1"
#38554476
0"
#38572994
b10001111 (
1"
#38591512
0"
#38610030
b10010000 (
1"
#38628548
0"
#38647066
b10010001 (
1"
#38665584
0"
#38684102
b10010010 (
1"
#38702620
0"
#38721138
b10010011 (
1"
#38739656
0"
#38758174
b10010100 (
1"
#38776692
0"
#38795210
b10010101 (
1"
#38813728
0"
#38832246
b10010110 (
1"
#38850764
0"
#38869282
b10010111 (
1"
#38887800
0"
#38906318
b10011000 (
1"
#38924836
0"
#38943354
b10011001 (
1"
#38961872
0"
#38980390
b10011010 (
1"
#38998908
0"
#39017426
b10011011 (
1"
#39035944
0"
#39054462
b10011100 (
1"
#39072980
0"
#39091498
b10011101 (
1"
#39110016
0"
#39128534
b10011110 (
1"
#39147052
0"
#39165570
b10011111 (
1"
#39184088
0"
#39202606
b10100000 (
1"
#39221124
0"
#39239642
b10100001 (
1"
#39258160
0"
#39276678
b10100010 (
1"
#39295196
0"
#39313714
b10100011 (
1"
#39332232
0"
#39350750
b10100100 (
1"
#39369268
0"
#39387786
b10100101 (
1"
#39406304
0"
#39424822
b10100110 (
1"
#39443340
0"
#39461858
b10100111 (
1"
#39480376
0"
#39498894
b10101000 (
1"
#39517412
0"
#39535930
b10101001 (
1"
#39554448
0"
#39572966
b10101010 (
1"
#39591484
0"
#39610002
b10101011 (
1"
#39628520
0"
#39647038
b10101100 (
1"
#39665556
0"
#39684074
b10101101 (
1"
#39702592
0"
#39721110
b10101110 (
1"
#39739628
0"
#39758146
b10101111 (
1"
#39776664
0"
#39795182
b10110000 (
1"
#39813700
0"
#39832218
b10110001 (
1"
#39850736
0"
#39869254
b10110010 (
1"
#39887772
0"
#39906290
b10110011 (
1"
#39924808
0"
#39943326
b10110100 (
1"
#39961844
0"
#39980362
b10110101 (
1"
#39998880
0"
#40017398
b10110110 (
1"
#40035916
0"
#40054434
b10110111 (
1"
#40072952
0"
#40091470
b10111000 (
1"
#40109988
0"
#40128506
b10111001 (
1"
#40147024
0"
#40165542
b10111010 (
1"
#40184060
0"
#40202578
b10111011 (
1"
#40221096
0"
#40239614
b10111100 (
1"
#40258132
0"
#40276650
b10111101 (
1"
#40295168
0"
#40313686
b10111110 (
1"
#40332204
0"
#40350722
b10111111 (
1"
#40369240
0"
#40387758
b11000000 (
1"
#40406276
0"
#40424794
b11000001 (
1"
#40443312
0"
#40461830
b11000010 (
1"
#40480348
0"
#40498866
b11000011 (
1"
#40517384
0"
#40535902
b11000100 (
1"
#40554420
0"
#40572938
b11000101 (
1"
#40591456
0"
#40609974
b11000110 (
1"
#40628492
0"
#40647010
b11000111 (
1"
#40665528
0"
#40684046
b11001000 (
1"
#40702564
0"
#40721082
b11001001 (
1"
#40739600
0"
#40758118
b11001010 (
1"
#40776636
0"
#40795154
b11001011 (
1"
#40813672
0"
#40832190
b11001100 (
1"
#40850708
0"
#40869226
b11001101 (
1"
#40887744
0"
#40906262
b11001110 (
1"
#40924780
0"
#40943298
b11001111 (
1"
#40961816
0"
#40980334
b11010000 (
1"
#40998852
0"
#41017370
b11010001 (
1"
#41035888
0"
#41054406
b11010010 (
1"
#41072924
0"
#41091442
b11010011 (
1"
#41109960
0"
#41128478
b11010100 (
1"
#41146996
0"
#41165514
b11010101 (
1"
#41184032
0"
#41202550
b11010110 (
1"
#41221068
0"
#41239586
b11010111 (
1"
#41258104
0"
#41276622
b11011000 (
1"
#41295140
0"
#41313658
b11011001 (
1"
#41332176
0"
#41350694
b11011010 (
1"
#41369212
0"
#41387730
b11011011 (
1"
#41406248
0"
#41424766
b11011100 (
1"
#41443284
0"
#41461802
b11011101 (
1"
#41480320
0"
#41498838
b11011110 (
1"
#41517356
0"
#41535874
b11011111 (
1"
#41554392
0"
#41572910
b11100000 (
1"
#41591428
0"
#41609946
b11100001 (
1"
#41628464
0"
#41646982
b11100010 (
1"
#41665500
0"
#41684018
b11100011 (
1"
#41702536
0"
#41721054
b11100100 (
1"
#41739572
0"
#41758090
b11100101 (
1"
#41776608
0"
#41795126
b11100110 (
1"
#41813644
0"
#41832162
b11100111 (
1"
#41850680
0"
#41869198
b11101000 (
1"
#41887716
0"
#41906234
b11101001 (
1"
#41924752
0"
#41943270
b10 )
b0 (
1"
#41961788
0"
#41980306
b1 (
1"
#41998824
0"
#42017342
b10 (
1"
#42035860
0"
#42054378
b11 (
1"
#42072896
0"
#42091414
b100 (
1"
#42109932
0"
#42128450
b101 (
1"
#42146968
0"
#42165486
b110 (
1"
#42184004
0"
#42202522
b111 (
1"
#42221040
0"
#42239558
b1000 (
1"
#42258076
0"
#42276594
b1001 (
1"
#42295112
0"
#42313630
b1010 (
1"
#42332148
0"
#42350666
b1011 (
1"
#42369184
0"
#42387702
b1100 (
1"
#42406220
0"
#42424738
b1101 (
1"
#42443256
0"
#42461774
b1110 (
1"
#42480292
0"
#42498810
b1111 (
1"
#42517328
0"
#42535846
b10000 (
1"
#42554364
0"
#42572882
b10001 (
1"
#42591400
0"
#42609918
b10010 (
1"
#42628436
0"
#42646954
b10011 (
1"
#42665472
0"
#42683990
b10100 (
1"
#42702508
0"
#42721026
b10101 (
1"
#42739544
0"
#42758062
b10110 (
1"
#42776580
0"
#42795098
b10111 (
1"
#42813616
0"
#42832134
b11000 (
1"
#42850652
0"
#42869170
b11001 (
1"
#42887688
0"
#42906206
b11010 (
1"
#42924724
0"
#42943242
b11011 (
1"
#42961760
0"
#42980278
b11100 (
1"
#42998796
0"
#43017314
b11101 (
1"
#43035832
0"
#43054350
b11110 (
1"
#43072868
0"
#43091386
b11111 (
1"
#43109904
0"
#43128422
b100000 (
1"
#43146940
0"
#43165458
b100001 (
1"
#43183976
0"
#43202494
b100010 (
1"
#43221012
0"
#43239530
b100011 (
1"
#43258048
0"
#43276566
b100100 (
1"
#43295084
0"
#43313602
b100101 (
1"
#43332120
0"
#43350638
b100110 (
1"
#43369156
0"
#43387674
b100111 (
1"
#43406192
0"
#43424710
b101000 (
1"
#43443228
0"
#43461746
b101001 (
1"
#43480264
0"
#43498782
b101010 (
1"
#43517300
0"
#43535818
b101011 (
1"
#43554336
0"
#43572854
b101100 (
1"
#43591372
0"
#43609890
b101101 (
1"
#43628408
0"
#43646926
b101110 (
1"
#43665444
0"
#43683962
b101111 (
1"
#43702480
0"
#43720998
b110000 (
1"
#43739516
0"
#43758034
b110001 (
1"
#43776552
0"
#43795070
b110010 (
1"
#43813588
0"
#43832106
b110011 (
1"
#43850624
0"
#43869142
b110100 (
1"
#43887660
0"
#43906178
b110101 (
1"
#43924696
0"
#43943214
b110110 (
1"
#43961732
0"
#43980250
b110111 (
1"
#43998768
0"
#44017286
b111000 (
1"
#44035804
0"
#44054322
b111001 (
1"
#44072840
0"
#44091358
b111010 (
1"
#44109876
0"
#44128394
b111011 (
1"
#44146912
0"
#44165430
b111100 (
1"
#44183948
0"
#44202466
b111101 (
1"
#44220984
0"
#44239502
b111110 (
1"
#44258020
0"
#44276538
b111111 (
1"
#44295056
0"
#44313574
b1000000 (
1"
#44332092
0"
#44350610
b1000001 (
1"
#44369128
0"
#44387646
b1000010 (
1"
#44406164
0"
#44424682
b1000011 (
1"
#44443200
0"
#44461718
b1000100 (
1"
#44480236
0"
#44498754
b1000101 (
1"
#44517272
0"
#44535790
b1000110 (
1"
#44554308
0"
#44572826
b1000111 (
1"
#44591344
0"
#44609862
b1001000 (
1"
#44628380
0"
#44646898
b1001001 (
1"
#44665416
0"
#44683934
b1001010 (
1"
#44702452
0"
#44720970
b1001011 (
1"
#44739488
0"
#44758006
b1001100 (
1"
#44776524
0"
#44795042
b1001101 (
1"
#44813560
0"
#44832078
b1001110 (
1"
#44850596
0"
#44869114
b1001111 (
1"
#44887632
0"
#44906150
b1010000 (
1"
#44924668
0"
#44943186
b1010001 (
1"
#44961704
0"
#44980222
b1010010 (
1"
#44998740
0"
#45017258
b1010011 (
1"
#45035776
0"
#45054294
b1010100 (
1"
#45072812
0"
#45091330
b1010101 (
1"
#45109848
0"
#45128366
b1010110 (
1"
#45146884
0"
#45165402
b1010111 (
1"
#45183920
0"
#45202438
b1011000 (
1"
#45220956
0"
#45239474
b1011001 (
1"
#45257992
0"
#45276510
b1011010 (
1"
#45295028
0"
#45313546
b1011011 (
1"
#45332064
0"
#45350582
b1011100 (
1"
#45369100
0"
#45387618
b1011101 (
1"
#45406136
0"
#45424654
b1011110 (
1"
#45443172
0"
#45461690
b1011111 (
1"
#45480208
0"
#45498726
b1100000 (
1"
#45517244
0"
#45535762
b1100001 (
1"
#45554280
0"
#45572798
b1100010 (
1"
#45591316
0"
#45609834
b1100011 (
1"
#45628352
0"
#45646870
b1100100 (
1"
#45665388
0"
#45683906
b1100101 (
1"
#45702424
0"
#45720942
b1100110 (
1"
#45739460
0"
#45757978
b1100111 (
1"
#45776496
0"
#45795014
b1101000 (
1"
#45813532
0"
#45832050
b1101001 (
1"
#45850568
0"
#45869086
b1101010 (
1"
#45887604
0"
#45906122
b1101011 (
1"
#45924640
0"
#45943158
b1101100 (
1"
#45961676
0"
#45980194
b1101101 (
1"
#45998712
0"
#46017230
b1101110 (
1"
#46035748
0"
#46054266
b1101111 (
1"
#46072784
0"
#46091302
b1110000 (
1"
#46109820
0"
#46128338
b1110001 (
1"
#46146856
0"
#46165374
b1110010 (
1"
#46183892
0"
#46202410
b1110011 (
1"
#46210000
1$
b10 0
#46220928
0"
#46239446
b1110100 (
1-
1"
#46257964
0"
#46276482
b1110101 (
1.
1"
#46295000
0"
#46313518
b1110110 (
1"
#46332036
0"
#46350554
b1110111 (
1"
#46369072
0"
#46387590
b1111000 (
1"
#46406108
0"
#46424626
b1111001 (
1"
#46443144
0"
#46461662
b1111010 (
1"
#46480180
0"
#46498698
b1111011 (
1"
#46517216
0"
#46535734
b1111100 (
1"
#46554252
0"
#46572770
b1111101 (
1"
#46591288
0"
#46609806
b1111110 (
1"
#46628324
0"
#46646842
b1111111 (
1"
#46665360
0"
#46683878
b10000000 (
1"
#46702396
0"
#46720914
b10000001 (
1"
#46739432
0"
#46757950
b10000010 (
1"
#46776468
0"
#46794986
b10000011 (
1"
#46813504
0"
#46832022
b10000100 (
1"
#46850540
0"
#46869058
b10000101 (
1"
#46887576
0"
#46906094
b10000110 (
1"
#46924612
0"
#46943130
b10000111 (
1"
#46961648
0"
#46980166
b10001000 (
1"
#46998684
0"
#47017202
b10001001 (
1"
#47035720
0"
#47054238
b10001010 (
1"
#47072756
0"
#47091274
b10001011 (
1"
#47109792
0"
#47128310
b10001100 (
1"
#47146828
0"
#47165346
b10001101 (
1"
#47183864
0"
#47202382
b10001110 (
1"
#47220900
0"
#47239418
b10001111 (
1"
#47257936
0"
#47276454
b10010000 (
1"
#47294972
0"
#47313490
b10010001 (
1"
#47332008
0"
#47350526
b10010010 (
1"
#47369044
0"
#47387562
b10010011 (
1"
#47406080
0"
#47424598
b10010100 (
1"
#47443116
0"
#47461634
b10010101 (
1"
#47480152
0"
#47498670
b10010110 (
1"
#47517188
0"
#47535706
b10010111 (
1"
#47554224
0"
#47572742
b10011000 (
1"
#47591260
0"
#47609778
b10011001 (
1"
#47628296
0"
#47646814
b10011010 (
1"
#47665332
0"
#47683850
b10011011 (
1"
#47702368
0"
#47720886
b10011100 (
1"
#47739404
0"
#47757922
b10011101 (
1"
#47776440
0"
#47794958
b10011110 (
1"
#47813476
0"
#47831994
b10011111 (
1"
#47850512
0"
#47869030
b10100000 (
1"
#47887548
0"
#47906066
b10100001 (
1"
#47924584
0"
#47943102
b10100010 (
1"
#47961620
0"
#47980138
b10100011 (
1"
#47998656
0"
#48017174
b10100100 (
1"
#48035692
0"
#48054210
b10100101 (
1"
#48072728
0"
#48091246
b10100110 (
1"
#48109764
0"
#48128282
b10100111 (
1"
#48146800
0"
#48165318
b10101000 (
1"
#48183836
0"
#48202354
b10101001 (
1"
#48220872
0"
#48239390
b10101010 (
1"
#48257908
0"
#48276426
b10101011 (
1"
#48294944
0"
#48313462
b10101100 (
1"
#48331980
0"
#48350498
b10101101 (
1"
#48369016
0"
#48387534
b10101110 (
1"
#48406052
0"
#48424570
b10101111 (
1"
#48443088
0"
#48461606
b10110000 (
1"
#48480124
0"
#48498642
b10110001 (
1"
#48517160
0"
#48535678
b10110010 (
1"
#48554196
0"
#48572714
b10110011 (
1"
#48591232
0"
#48609750
b10110100 (
1"
#48628268
0"
#48646786
b10110101 (
1"
#48665304
0"
#48683822
b10110110 (
1"
#48702340
0"
#48720858
b10110111 (
1"
#48739376
0"
#48757894
b10111000 (
1"
#48776412
0"
#48794930
b10111001 (
1"
#48813448
0"
#48831966
b10111010 (
1"
#48850484
0"
#48869002
b10111011 (
1"
#48887520
0"
#48906038
b10111100 (
1"
#48924556
0"
#48943074
b10111101 (
1"
#48961592
0"
#48980110
b10111110 (
1"
#48998628
0"
#49017146
b10111111 (
1"
#49035664
0"
#49054182
b11000000 (
1"
#49072700
0"
#49091218
b11000001 (
1"
#49109736
0"
#49128254
b11000010 (
1"
#49146772
0"
#49165290
b11000011 (
1"
#49183808
0"
#49202326
b11000100 (
1"
#49220844
0"
#49239362
b11000101 (
1"
#49257880
0"
#49276398
b11000110 (
1"
#49294916
0"
#49313434
b11000111 (
1"
#49331952
0"
#49350470
b11001000 (
1"
#49368988
0"
#49387506
b11001001 (
1"
#49406024
0"
#49424542
b11001010 (
1"
#49443060
0"
#49461578
b11001011 (
1"
#49480096
0"
#49498614
b11001100 (
1"
#49517132
0"
#49535650
b11001101 (
1"
#49554168
0"
#49572686
b11001110 (
1"
#49591204
0"
#49609722
b11001111 (
1"
#49628240
0"
#49646758
b11010000 (
1"
#49665276
0"
#49683794
b11010001 (
1"
#49702312
0"
#49720830
b11010010 (
1"
#49739348
0"
#49757866
b11010011 (
1"
#49776384
0"
#49794902
b11010100 (
1"
#49813420
0"
#49831938
b11010101 (
1"
#49850456
0"
#49868974
b11010110 (
1"
#49887492
0"
#49906010
b11010111 (
1"
#49924528
0"
#49943046
b11011000 (
1"
#49961564
0"
#49980082
b11011001 (
1"
#49998600
0"
#50017118
b11011010 (
1"
#50035636
0"
#50054154
b11011011 (
1"
#50072672
0"
#50091190
b11011100 (
1"
#50109708
0"
#50128226
b11011101 (
1"
#50146744
0"
#50165262
b11011110 (
1"
#50183780
0"
#50202298
b11011111 (
1"
#50220816
0"
#50239334
b11100000 (
1"
#50257852
0"
#50276370
b11100001 (
1"
#50294888
0"
#50313406
b11100010 (
1"
#50331924
0"
#50350442
b11100011 (
1"
#50368960
0"
#50387478
b11100100 (
1"
#50405996
0"
#50424514
b11100101 (
1"
#50443032
0"
#50461550
b11100110 (
1"
#50480068
0"
#50498586
b11100111 (
1"
#50517104
0"
#50535622
b11101000 (
1"
#50554140
0"
#50572658
b11101001 (
1"
#50591176
0"
#50609694
b11 )
b101 +
b0 (
1"
#50628212
0"
#50646730
b1 (
1"
#50665248
0"
#50683766
b10 (
1"
#50702284
0"
#50720802
b11 (
1"
#50739320
0"
#50757838
b100 (
1"
#50776356
0"
#50794874
b101 (
1"
#50813392
0"
#50831910
b110 (
1"
#50850428
0"
#50868946
b111 (
1"
#50887464
0"
#50905982
b1000 (
1"
#50924500
0"
#50943018
b1001 (
1"
#50961536
0"
#50980054
b1010 (
1"
#50998572
0"
#51017090
b1011 (
1"
#51035608
0"
#51054126
b1100 (
1"
#51072644
0"
#51091162
b1101 (
1"
#51109680
0"
#51128198
b1110 (
1"
#51146716
0"
#51165234
b1111 (
1"
#51183752
0"
#51202270
b10000 (
1"
#51220788
0"
#51239306
b10001 (
1"
#51257824
0"
#51276342
b10010 (
1"
#51294860
0"
#51313378
b10011 (
1"
#51331896
0"
#51350414
b10100 (
1"
#51368932
0"
#51387450
b10101 (
1"
#51405968
0"
#51424486
b10110 (
1"
#51443004
0"
#51461522
b10111 (
1"
#51480040
0"
#51498558
b11000 (
1"
#51517076
0"
#51535594
b11001 (
1"
#51554112
0"
#51572630
b11010 (
1"
#51591148
0"
#51609666
b11011 (
1"
#51628184
0"
#51646702
b11100 (
1"
#51665220
0"
#51683738
b11101 (
1"
#51702256
0"
#51720774
b11110 (
1"
#51739292
0"
#51757810
b11111 (
1"
#51776328
0"
#51794846
b100000 (
1"
#51813364
0"
#51831882
b100001 (
1"
#51850400
0"
#51868918
b100010 (
1"
#51887436
0"
#51905954
b100011 (
1"
#51924472
0"
#51942990
b100100 (
1"
#51961508
0"
#51980026
b100101 (
1"
#51998544
0"
#52017062
b100110 (
1"
#52035580
0"
#52054098
b100111 (
1"
#52072616
0"
#52091134
b101000 (
1"
#52109652
0"
#52128170
b101001 (
1"
#52146688
0"
#52165206
b101010 (
1"
#52183724
0"
#52202242
b101011 (
1"
#52220760
0"
#52239278
b101100 (
1"
#52257796
0"
#52276314
b101101 (
1"
#52294832
0"
#52313350
b101110 (
1"
#52331868
0"
#52350386
b101111 (
1"
#52368904
0"
#52387422
b110000 (
1"
#52405940
0"
#52424458
b110001 (
1"
#52442976
0"
#52461494
b110010 (
1"
#52480012
0"
#52498530
b110011 (
1"
#52517048
0"
#52535566
b110100 (
1"
#52554084
0"
#52572602
b110101 (
1"
#52591120
0"
#52609638
b110110 (
1"
#52628156
0"
#52646674
b110111 (
1"
#52665192
0"
#52683710
b111000 (
1"
#52702228
0"
#52720746
b111001 (
1"
#52739264
0"
#52757782
b111010 (
1"
#52776300
0"
#52794818
b111011 (
1"
#52813336
0"
#52831854
b111100 (
1"
#52850372
0"
#52868890
b111101 (
1"
#52887408
0"
#52905926
b111110 (
1"
#52924444
0"
#52942962
b111111 (
1"
#52961480
0"
#52979998
b1000000 (
1"
#52998516
0"
#53017034
b1000001 (
1"
#53035552
0"
#53054070
b1000010 (
1"
#53072588
0"
#53091106
b1000011 (
1"
#53109624
0"
#53128142
b1000100 (
1"
#53146660
0"
#53165178
b1000101 (
1"
#53183696
0"
#53202214
b1000110 (
1"
#53220732
0"
#53239250
b1000111 (
1"
#53257768
0"
#53276286
b1001000 (
1"
#53294804
0"
#53313322
b1001001 (
1"
#53331840
0"
#53350358
b1001010 (
1"
#53368876
0"
#53387394
b1001011 (
1"
#53405912
0"
#53424430
b1001100 (
1"
#53442948
0"
#53461466
b1001101 (
1"
#53479984
0"
#53498502
b1001110 (
1"
#53517020
0"
#53535538
b1001111 (
1"
#53554056
0"
#53572574
b1010000 (
1"
#53591092
0"
#53609610
b1010001 (
1"
#53628128
0"
#53646646
b1010010 (
1"
#53665164
0"
#53683682
b1010011 (
1"
#53702200
0"
#53720718
b1010100 (
1"
#53739236
0"
#53757754
b1010101 (
1"
#53776272
0"
#53794790
b1010110 (
1"
#53813308
0"
#53831826
b1010111 (
1"
#53850344
0"
#53868862
b1011000 (
1"
#53887380
0"
#53905898
b1011001 (
1"
#53924416
0"
#53942934
b1011010 (
1"
#53961452
0"
#53979970
b1011011 (
1"
#53998488
0"
#54017006
b1011100 (
1"
#54035524
0"
#54054042
b1011101 (
1"
#54072560
0"
#54091078
b1011110 (
1"
#54109596
0"
#54128114
b1011111 (
1"
#54146632
0"
#54165150
b1100000 (
1"
#54183668
0"
#54202186
b1100001 (
1"
#54220704
0"
#54239222
b1100010 (
1"
#54257740
0"
#54276258
b1100011 (
1"
#54294776
0"
#54313294
b1100100 (
1"
#54331812
0"
#54350330
b1100101 (
1"
#54368848
0"
#54387366
b1100110 (
1"
#54405884
0"
#54424402
b1100111 (
1"
#54442920
0"
#54461438
b1101000 (
1"
#54479956
0"
#54498474
b1101001 (
1"
#54516992
0"
#54535510
b1101010 (
1"
#54554028
0"
#54572546
b1101011 (
1"
#54591064
0"
#54609582
b1101100 (
1"
#54628100
0"
#54646618
b1101101 (
1"
#54665136
0"
#54683654
b1101110 (
1"
#54702172
0"
#54720690
b1101111 (
1"
#54739208
0"
#54757726
b1110000 (
1"
#54776244
0"
#54794762
b1110001 (
1"
#54813280
0"
#54831798
b1110010 (
1"
#54850316
0"
#54868834
b1110011 (
1"
#54880000
0$
b11 0
#54887352
0"
#54905870
b1110100 (
0-
1"
#54924388
0"
#54942906
b1110101 (
0.
1"
#54961424
0"
#54979942
b1110110 (
1"
#54998460
0"
#55016978
b1110111 (
1"
#55035496
0"
#55054014
b1111000 (
1"
#55072532
0"
#55091050
b1111001 (
1"
#55109568
0"
#55128086
b1111010 (
1"
#55146604
0"
#55165122
b1111011 (
1"
#55183640
0"
#55202158
b1111100 (
1"
#55220676
0"
#55239194
b1111101 (
1"
#55257712
0"
#55276230
b1111110 (
1"
#55294748
0"
#55313266
b1111111 (
1"
#55331784
0"
#55350302
b10000000 (
1"
#55368820
0"
#55387338
b10000001 (
1"
#55405856
0"
#55424374
b10000010 (
1"
#55442892
0"
#55461410
b10000011 (
1"
#55479928
0"
#55498446
b10000100 (
1"
#55516964
0"
#55535482
b10000101 (
1"
#55554000
0"
#55572518
b10000110 (
1"
#55591036
0"
#55609554
b10000111 (
1"
#55628072
0"
#55646590
b10001000 (
1"
#55665108
0"
#55683626
b10001001 (
1"
#55702144
0"
#55720662
b10001010 (
1"
#55739180
0"
#55757698
b10001011 (
1"
#55776216
0"
#55794734
b10001100 (
1"
#55813252
0"
#55831770
b10001101 (
1"
#55850288
0"
#55868806
b10001110 (
1"
#55887324
0"
#55905842
b10001111 (
1"
#55924360
0"
#55942878
b10010000 (
1"
#55961396
0"
#55979914
b10010001 (
1"
#55998432
0"
#56016950
b10010010 (
1"
#56035468
0"
#56053986
b10010011 (
1"
#56072504
0"
#56091022
b10010100 (
1"
#56109540
0"
#56128058
b10010101 (
1"
#56146576
0"
#56165094
b10010110 (
1"
#56183612
0"
#56202130
b10010111 (
1"
#56220648
0"
#56239166
b10011000 (
1"
#56257684
0"
#56276202
b10011001 (
1"
#56294720
0"
#56313238
b10011010 (
1"
#56331756
0"
#56350274
b10011011 (
1"
#56368792
0"
#56387310
b10011100 (
1"
#56405828
0"
#56424346
b10011101 (
1"
#56442864
0"
#56461382
b10011110 (
1"
#56479900
0"
#56498418
b10011111 (
1"
#56516936
0"
#56535454
b10100000 (
1"
#56553972
0"
#56572490
b10100001 (
1"
#56591008
0"
#56609526
b10100010 (
1"
#56628044
0"
#56646562
b10100011 (
1"
#56665080
0"
#56683598
b10100100 (
1"
#56702116
0"
#56720634
b10100101 (
1"
#56739152
0"
#56757670
b10100110 (
1"
#56776188
0"
#56794706
b10100111 (
1"
#56813224
0"
#56831742
b10101000 (
1"
#56850260
0"
#56868778
b10101001 (
1"
#56887296
0"
#56905814
b10101010 (
1"
#56924332
0"
#56942850
b10101011 (
1"
#56961368
0"
#56979886
b10101100 (
1"
#56998404
0"
#57016922
b10101101 (
1"
#57035440
0"
#57053958
b10101110 (
1"
#57072476
0"
#57090994
b10101111 (
1"
#57109512
0"
#57128030
b10110000 (
1"
#57146548
0"
#57165066
b10110001 (
1"
#57183584
0"
#57202102
b10110010 (
1"
#57220620
0"
#57239138
b10110011 (
1"
#57257656
0"
#57276174
b10110100 (
1"
#57294692
0"
#57313210
b10110101 (
1"
#57331728
0"
#57350246
b10110110 (
1"
#57368764
0"
#57387282
b10110111 (
1"
#57405800
0"
#57424318
b10111000 (
1"
#57442836
0"
#57461354
b10111001 (
1"
#57479872
0"
#57498390
b10111010 (
1"
#57516908
0"
#57535426
b10111011 (
1"
#57553944
0"
#57572462
b10111100 (
1"
#57590980
0"
#57609498
b10111101 (
1"
#57628016
0"
#57646534
b10111110 (
1"
#57665052
0"
#57683570
b10111111 (
1"
#57702088
0"
#57720606
b11000000 (
1"
#57739124
0"
#57757642
b11000001 (
1"
#57776160
0"
#57794678
b11000010 (
1"
#57813196
0"
#57831714
b11000011 (
1"
#57850232
0"
#57868750
b11000100 (
1"
#57887268
0"
#57905786
b11000101 (
1"
#57924304
0"
#57942822
b11000110 (
1"
#57961340
0"
#57979858
b11000111 (
1"
#57998376
0"
#58016894
b11001000 (
1"
#58035412
0"
#58053930
b11001001 (
1"
#58072448
0"
#58090966
b11001010 (
1"
#58109484
0"
#58128002
b11001011 (
1"
#58146520
0"
#58165038
b11001100 (
1"
#58183556
0"
#58202074
b11001101 (
1"
#58220592
0"
#58239110
b11001110 (
1"
#58257628
0"
#58276146
b11001111 (
1"
#58294664
0"
#58313182
b11010000 (
1"
#58331700
0"
#58350218
b11010001 (
1"
#58368736
0"
#58387254
b11010010 (
1"
#58405772
0"
#58424290
b11010011 (
1"
#58442808
0"
#58461326
b11010100 (
1"
#58479844
0"
#58498362
b11010101 (
1"
#58516880
0"
#58535398
b11010110 (
1"
#58553916
0"
#58572434
b11010111 (
1"
#58590952
0"
#58609470
b11011000 (
1"
#58627988
0"
#58646506
b11011001 (
1"
#58665024
0"
#58683542
b11011010 (
1"
#58702060
0"
#58720578
b11011011 (
1"
#58739096
0"
#58757614
b11011100 (
1"
#58776132
0"
#58794650
b11011101 (
1"
#58813168
0"
#58831686
b11011110 (
1"
#58850204
0"
#58868722
b11011111 (
1"
#58887240
0"
#58905758
b11100000 (
1"
#58924276
0"
#58942794
b11100001 (
1"
#58961312
0"
#58979830
b11100010 (
1"
#58998348
0"
#59016866
b11100011 (
1"
#59035384
0"
#59053902
b11100100 (
1"
#59072420
0"
#59090938
b11100101 (
1"
#59109456
0"
#59127974
b11100110 (
1"
#59146492
0"
#59165010
b11100111 (
1"
#59183528
0"
#59202046
b11101000 (
1"
#59220564
0"
#59239082
b11101001 (
1"
#59257600
0"
#59276118
b100 )
b0 (
1"
#59294636
0"
#59313154
b1 (
1"
#59331672
0"
#59350190
b10 (
1"
#59368708
0"
#59387226
b11 (
1"
#59405744
0"
#59424262
b100 (
1"
#59442780
0"
#59461298
b101 (
1"
#59479816
0"
#59498334
b110 (
1"
#59516852
0"
#59535370
b111 (
1"
#59553888
0"
#59572406
b1000 (
1"
#59590924
0"
#59609442
b1001 (
1"
#59627960
0"
#59646478
b1010 (
1"
#59664996
0"
#59683514
b1011 (
1"
#59702032
0"
#59720550
b1100 (
1"
#59739068
0"
#59757586
b1101 (
1"
#59776104
0"
#59794622
b1110 (
1"
#59813140
0"
#59831658
b1111 (
1"
#59850176
0"
#59868694
b10000 (
1"
#59887212
0"
#59905730
b10001 (
1"
#59924248
0"
#59942766
b10010 (
1"
#59961284
0"
#59979802
b10011 (
1"
#59998320
0"
#60016838
b10100 (
1"
#60035356
0"
#60053874
b10101 (
1"
#60072392
0"
#60090910
b10110 (
1"
#60109428
0"
#60127946
b10111 (
1"
#60146464
0"
#60164982
b11000 (
1"
#60183500
0"
#60202018
b11001 (
1"
#60220536
0"
#60239054
b11010 (
1"
#60257572
0"
#60276090
b11011 (
1"
#60294608
0"
#60313126
b11100 (
1"
#60331644
0"
#60350162
b11101 (
1"
#60368680
0"
#60387198
b11110 (
1"
#60405716
0"
#60424234
b11111 (
1"
#60442752
0"
#60461270
b100000 (
1"
#60479788
0"
#60498306
b100001 (
1"
#60516824
0"
#60535342
b100010 (
1"
#60553860
0"
#60572378
b100011 (
1"
#60590896
0"
#60609414
b100100 (
1"
#60627932
0"
#60646450
b100101 (
1"
#60664968
0"
#60683486
b100110 (
1"
#60702004
0"
#60720522
b100111 (
1"
#60739040
0"
#60757558
b101000 (
1"
#60776076
0"
#60794594
b101001 (
1"
#60813112
0"
#60831630
b101010 (
1"
#60850148
0"
#60868666
b101011 (
1"
#60887184
0"
#60905702
b101100 (
1"
#60924220
0"
#60942738
b101101 (
1"
#60961256
0"
#60979774
b101110 (
1"
#60998292
0"
#61016810
b101111 (
1"
#61035328
0"
#61053846
b110000 (
1"
#61072364
0"
#61090882
b110001 (
1"
#61109400
0"
#61127918
b110010 (
1"
#61146436
0"
#61164954
b110011 (
1"
#61183472
0"
#61201990
b110100 (
1"
#61220508
0"
#61239026
b110101 (
1"
#61257544
0"
#61276062
b110110 (
1"
#61294580
0"
#61313098
b110111 (
1"
#61331616
0"
#61350134
b111000 (
1"
#61368652
0"
#61387170
b111001 (
1"
#61405688
0"
#61424206
b111010 (
1"
#61442724
0"
#61461242
b111011 (
1"
#61479760
0"
#61498278
b111100 (
1"
#61516796
0"
#61535314
b111101 (
1"
#61553832
0"
#61572350
b111110 (
1"
#61590868
0"
#61609386
b111111 (
1"
#61627904
0"
#61646422
b1000000 (
1"
#61664940
0"
#61683458
b1000001 (
1"
#61701976
0"
#61720494
b1000010 (
1"
#61739012
0"
#61757530
b1000011 (
1"
#61776048
0"
#61794566
b1000100 (
1"
#61813084
0"
#61831602
b1000101 (
1"
#61850120
0"
#61868638
b1000110 (
1"
#61887156
0"
#61905674
b1000111 (
1"
#61924192
0"
#61942710
b1001000 (
1"
#61961228
0"
#61979746
b1001001 (
1"
#61998264
0"
#62016782
b1001010 (
1"
#62035300
0"
#62053818
b1001011 (
1"
#62072336
0"
#62090854
b1001100 (
1"
#62109372
0"
#62127890
b1001101 (
1"
#62146408
0"
#62164926
b1001110 (
1"
#62183444
0"
#62201962
b1001111 (
1"
#62220480
0"
#62238998
b1010000 (
1"
#62257516
0"
#62276034
b1010001 (
1"
#62294552
0"
#62313070
b1010010 (
1"
#62331588
0"
#62350106
b1010011 (
1"
#62368624
0"
#62387142
b1010100 (
1"
#62405660
0"
#62424178
b1010101 (
1"
#62442696
0"
#62461214
b1010110 (
1"
#62479732
0"
#62498250
b1010111 (
1"
#62516768
0"
#62535286
b1011000 (
1"
#62553804
0"
#62572322
b1011001 (
1"
#62590840
0"
#62609358
b1011010 (
1"
#62627876
0"
#62646394
b1011011 (
1"
#62664912
0"
#62683430
b1011100 (
1"
#62701948
0"
#62720466
b1011101 (
1"
#62738984
0"
#62757502
b1011110 (
1"
#62776020
0"
#62794538
b1011111 (
1"
#62813056
0"
#62831574
b1100000 (
1"
#62850092
0"
#62868610
b1100001 (
1"
#62887128
0"
#62905646
b1100010 (
1"
#62924164
0"
#62942682
b1100011 (
1"
#62961200
0"
#62979718
b1100100 (
1"
#62998236
0"
#63016754
b1100101 (
1"
#63035272
0"
#63053790
b1100110 (
1"
#63072308
0"
#63090826
b1100111 (
1"
#63109344
0"
#63127862
b1101000 (
1"
#63146380
0"
#63164898
b1101001 (
1"
#63183416
0"
#63201934
b1101010 (
1"
#63220452
0"
#63238970
b1101011 (
1"
#63257488
0"
#63276006
b1101100 (
1"
#63294524
0"
#63313042
b1101101 (
1"
#63331560
0"
#63350078
b1101110 (
1"
#63368596
0"
#63387114
b1101111 (
1"
#63405632
0"
#63424150
b1110000 (
1"
#63442668
0"
#63461186
b1110001 (
1"
#63479704
0"
#63498222
b1110010 (
1"
#63516740
0"
#63535258
b1110011 (
1"
#63550000
1$
b100 0
#63553776
0"
#63572294
b1110100 (
1-
1"
#63590812
0"
#63609330
b1110101 (
1.
1"
#63627848
0"
#63646366
b1110110 (
1"
#63664884
0"
#63683402
b1110111 (
1"
#63701920
0"
#63720438
b1111000 (
1"
#63738956
0"
#63757474
b1111001 (
1"
#63775992
0"
#63794510
b1111010 (
1"
#63813028
0"
#63831546
b1111011 (
1"
#63850064
0"
#63868582
b1111100 (
1"
#63887100
0"
#63905618
b1111101 (
1"
#63924136
0"
#63942654
b1111110 (
1"
#63961172
0"
#63979690
b1111111 (
1"
#63998208
0"
#64016726
b10000000 (
1"
#64035244
0"
#64053762
b10000001 (
1"
#64072280
0"
#64090798
b10000010 (
1"
#64109316
0"
#64127834
b10000011 (
1"
#64146352
0"
#64164870
b10000100 (
1"
#64183388
0"
#64201906
b10000101 (
1"
#64220424
0"
#64238942
b10000110 (
1"
#64257460
0"
#64275978
b10000111 (
1"
#64294496
0"
#64313014
b10001000 (
1"
#64331532
0"
#64350050
b10001001 (
1"
#64368568
0"
#64387086
b10001010 (
1"
#64405604
0"
#64424122
b10001011 (
1"
#64442640
0"
#64461158
b10001100 (
1"
#64479676
0"
#64498194
b10001101 (
1"
#64516712
0"
#64535230
b10001110 (
1"
#64553748
0"
#64572266
b10001111 (
1"
#64590784
0"
#64609302
b10010000 (
1"
#64627820
0"
#64646338
b10010001 (
1"
#64664856
0"
#64683374
b10010010 (
1"
#64701892
0"
#64720410
b10010011 (
1"
#64738928
0"
#64757446
b10010100 (
1"
#64775964
0"
#64794482
b10010101 (
1"
#64813000
0"
#64831518
b10010110 (
1"
#64850036
0"
#64868554
b10010111 (
1"
#64887072
0"
#64905590
b10011000 (
1"
#64924108
0"
#64942626
b10011001 (
1"
#64961144
0"
#64979662
b10011010 (
1"
#64998180
0"
#65016698
b10011011 (
1"
#65035216
0"
#65053734
b10011100 (
1"
#65072252
0"
#65090770
b10011101 (
1"
#65109288
0"
#65127806
b10011110 (
1"
#65146324
0"
#65164842
b10011111 (
1"
#65183360
0"
#65201878
b10100000 (
1"
#65220396
0"
#65238914
b10100001 (
1"
#65257432
0"
#65275950
b10100010 (
1"
#65294468
0"
#65312986
b10100011 (
1"
#65331504
0"
#65350022
b10100100 (
1"
#65368540
0"
#65387058
b10100101 (
1"
#65405576
0"
#65424094
b10100110 (
1"
#65442612
0"
#65461130
b10100111 (
1"
#65479648
0"
#65498166
b10101000 (
1"
#65516684
0"
#65535202
b10101001 (
1"
#65553720
0"
#65572238
b10101010 (
1"
#65590756
0"
#65609274
b10101011 (
1"
#65627792
0"
#65646310
b10101100 (
1"
#65664828
0"
#65683346
b10101101 (
1"
#65701864
0"
#65720382
b10101110 (
1"
#65738900
0"
#65757418
b10101111 (
1"
#65775936
0"
#65794454
b10110000 (
1"
#65812972
0"
#65831490
b10110001 (
1"
#65850008
0"
#65868526
b10110010 (
1"
#65887044
0"
#65905562
b10110011 (
1"
#65924080
0"
#65942598
b10110100 (
1"
#65961116
0"
#65979634
b10110101 (
1"
#65998152
0"
#66016670
b10110110 (
1"
#66035188
0"
#66053706
b10110111 (
1"
#66072224
0"
#66090742
b10111000 (
1"
#66109260
0"
#66127778
b10111001 (
1"
#66146296
0"
#66164814
b10111010 (
1"
#66183332
0"
#66201850
b10111011 (
1"
#66220368
0"
#66238886
b10111100 (
1"
#66257404
0"
#66275922
b10111101 (
1"
#66294440
0"
#66312958
b10111110 (
1"
#66331476
0"
#66349994
b10111111 (
1"
#66368512
0"
#66387030
b11000000 (
1"
#66405548
0"
#66424066
b11000001 (
1"
#66442584
0"
#66461102
b11000010 (
1"
#66479620
0"
#66498138
b11000011 (
1"
#66516656
0"
#66535174
b11000100 (
1"
#66553692
0"
#66572210
b11000101 (
1"
#66590728
0"
#66609246
b11000110 (
1"
#66627764
0"
#66646282
b11000111 (
1"
#66664800
0"
#66683318
b11001000 (
1"
#66701836
0"
#66720354
b11001001 (
1"
#66738872
0"
#66757390
b11001010 (
1"
#66775908
0"
#66794426
b11001011 (
1"
#66812944
0"
#66831462
b11001100 (
1"
#66849980
0"
#66868498
b11001101 (
1"
#66887016
0"
#66905534
b11001110 (
1"
#66924052
0"
#66942570
b11001111 (
1"
#66961088
0"
#66979606
b11010000 (
1"
#66998124
0"
#67016642
b11010001 (
1"
#67035160
0"
#67053678
b11010010 (
1"
#67072196
0"
#67090714
b11010011 (
1"
#67109232
0"
#67127750
b11010100 (
1"
#67146268
0"
#67164786
b11010101 (
1"
#67183304
0"
#67201822
b11010110 (
1"
#67220340
0"
#67238858
b11010111 (
1"
#67257376
0"
#67275894
b11011000 (
1"
#67294412
0"
#67312930
b11011001 (
1"
#67331448
0"
#67349966
b11011010 (
1"
#67368484
0"
#67387002
b11011011 (
1"
#67405520
0"
#67424038
b11011100 (
1"
#67442556
0"
#67461074
b11011101 (
1"
#67479592
0"
#67498110
b11011110 (
1"
#67516628
0"
#67535146
b11011111 (
1"
#67553664
0"
#67572182
b11100000 (
1"
#67590700
0"
#67609218
b11100001 (
1"
#67627736
0"
#67646254
b11100010 (
1"
#67664772
0"
#67683290
b11100011 (
1"
#67701808
0"
#67720326
b11100100 (
1"
#67738844
0"
#67757362
b11100101 (
1"
#67775880
0"
#67794398
b11100110 (
1"
#67812916
0"
#67831434
b11100111 (
1"
#67849952
0"
#67868470
b11101000 (
1"
#67886988
0"
#67905506
b11101001 (
1"
#67924024
0"
#67942542
b101 )
b10101 +
b0 (
1"
#67961060
0"
#67979578
b1 (
1"
#67998096
0"
#68016614
b10 (
1"
#68035132
0"
#68053650
b11 (
1"
#68072168
0"
#68090686
b100 (
1"
#68109204
0"
#68127722
b101 (
1"
#68146240
0"
#68164758
b110 (
1"
#68183276
0"
#68201794
b111 (
1"
#68220312
0"
#68238830
b1000 (
1"
#68257348
0"
#68275866
b1001 (
1"
#68294384
0"
#68312902
b1010 (
1"
#68331420
0"
#68349938
b1011 (
1"
#68368456
0"
#68386974
b1100 (
1"
#68405492
0"
#68424010
b1101 (
1"
#68442528
0"
#68461046
b1110 (
1"
#68479564
0"
#68498082
b1111 (
1"
#68516600
0"
#68535118
b10000 (
1"
#68553636
0"
#68572154
b10001 (
1"
#68590672
0"
#68609190
b10010 (
1"
#68627708
0"
#68646226
b10011 (
1"
#68664744
0"
#68683262
b10100 (
1"
#68701780
0"
#68720298
b10101 (
1"
#68738816
0"
#68757334
b10110 (
1"
#68775852
0"
#68794370
b10111 (
1"
#68812888
0"
#68831406
b11000 (
1"
#68849924
0"
#68868442
b11001 (
1"
#68886960
0"
#68905478
b11010 (
1"
#68923996
0"
#68942514
b11011 (
1"
#68961032
0"
#68979550
b11100 (
1"
#68998068
0"
#69016586
b11101 (
1"
#69035104
0"
#69053622
b11110 (
1"
#69072140
0"
#69090658
b11111 (
1"
#69109176
0"
#69127694
b100000 (
1"
#69146212
0"
#69164730
b100001 (
1"
#69183248
0"
#69201766
b100010 (
1"
#69220284
0"
#69238802
b100011 (
1"
#69257320
0"
#69275838
b100100 (
1"
#69294356
0"
#69312874
b100101 (
1"
#69331392
0"
#69349910
b100110 (
1"
#69368428
0"
#69386946
b100111 (
1"
#69405464
0"
#69423982
b101000 (
1"
#69442500
0"
#69461018
b101001 (
1"
#69479536
0"
#69498054
b101010 (
1"
#69516572
0"
#69535090
b101011 (
1"
#69553608
0"
#69572126
b101100 (
1"
#69590644
0"
#69609162
b101101 (
1"
#69627680
0"
#69646198
b101110 (
1"
#69664716
0"
#69683234
b101111 (
1"
#69701752
0"
#69720270
b110000 (
1"
#69738788
0"
#69757306
b110001 (
1"
#69775824
0"
#69794342
b110010 (
1"
#69812860
0"
#69831378
b110011 (
1"
#69849896
0"
#69868414
b110100 (
1"
#69886932
0"
#69905450
b110101 (
1"
#69923968
0"
#69942486
b110110 (
1"
#69961004
0"
#69979522
b110111 (
1"
#69998040
0"
#70016558
b111000 (
1"
#70035076
0"
#70053594
b111001 (
1"
#70072112
0"
#70090630
b111010 (
1"
#70109148
0"
#70127666
b111011 (
1"
#70146184
0"
#70164702
b111100 (
1"
#70183220
0"
#70201738
b111101 (
1"
#70220256
0"
#70238774
b111110 (
1"
#70257292
0"
#70275810
b111111 (
1"
#70294328
0"
#70312846
b1000000 (
1"
#70331364
0"
#70349882
b1000001 (
1"
#70368400
0"
#70386918
b1000010 (
1"
#70405436
0"
#70423954
b1000011 (
1"
#70442472
0"
#70460990
b1000100 (
1"
#70479508
0"
#70498026
b1000101 (
1"
#70516544
0"
#70535062
b1000110 (
1"
#70553580
0"
#70572098
b1000111 (
1"
#70590616
0"
#70609134
b1001000 (
1"
#70627652
0"
#70646170
b1001001 (
1"
#70664688
0"
#70683206
b1001010 (
1"
#70701724
0"
#70720242
b1001011 (
1"
#70738760
0"
#70757278
b1001100 (
1"
#70775796
0"
#70794314
b1001101 (
1"
#70812832
0"
#70831350
b1001110 (
1"
#70849868
0"
#70868386
b1001111 (
1"
#70886904
0"
#70905422
b1010000 (
1"
#70923940
0"
#70942458
b1010001 (
1"
#70960976
0"
#70979494
b1010010 (
1"
#70998012
0"
#71016530
b1010011 (
1"
#71035048
0"
#71053566
b1010100 (
1"
#71072084
0"
#71090602
b1010101 (
1"
#71109120
0"
#71127638
b1010110 (
1"
#71146156
0"
#71164674
b1010111 (
1"
#71183192
0"
#71201710
b1011000 (
1"
#71220228
0"
#71238746
b1011001 (
1"
#71257264
0"
#71275782
b1011010 (
1"
#71294300
0"
#71312818
b1011011 (
1"
#71331336
0"
#71349854
b1011100 (
1"
#71368372
0"
#71386890
b1011101 (
1"
#71405408
0"
#71423926
b1011110 (
1"
#71442444
0"
#71460962
b1011111 (
1"
#71479480
0"
#71497998
b1100000 (
1"
#71516516
0"
#71535034
b1100001 (
1"
#71553552
0"
#71572070
b1100010 (
1"
#71590588
0"
#71609106
b1100011 (
1"
#71627624
0"
#71646142
b1100100 (
1"
#71664660
0"
#71683178
b1100101 (
1"
#71701696
0"
#71720214
b1100110 (
1"
#71738732
0"
#71757250
b1100111 (
1"
#71775768
0"
#71794286
b1101000 (
1"
#71812804
0"
#71831322
b1101001 (
1"
#71849840
0"
#71868358
b1101010 (
1"
#71886876
0"
#71905394
b1101011 (
1"
#71923912
0"
#71942430
b1101100 (
1"
#71960948
0"
#71979466
b1101101 (
1"
#71997984
0"
#72016502
b1101110 (
1"
#72035020
0"
#72053538
b1101111 (
1"
#72072056
0"
#72090574
b1110000 (
1"
#72109092
0"
#72127610
b1110001 (
1"
#72146128
0"
#72164646
b1110010 (
1"
#72183164
0"
#72201682
b1110011 (
1"
#72220000
0$
b101 0
#72220200
0"
#72238718
b1110100 (
0-
1"
#72257236
0"
#72275754
b1110101 (
0.
1"
#72294272
0"
#72312790
b1110110 (
1"
#72331308
0"
#72349826
b1110111 (
1"
#72368344
0"
#72386862
b1111000 (
1"
#72405380
0"
#72423898
b1111001 (
1"
#72442416
0"
#72460934
b1111010 (
1"
#72479452
0"
#72497970
b1111011 (
1"
#72516488
0"
#72535006
b1111100 (
1"
#72553524
0"
#72572042
b1111101 (
1"
#72590560
0"
#72609078
b1111110 (
1"
#72627596
0"
#72646114
b1111111 (
1"
#72664632
0"
#72683150
b10000000 (
1"
#72701668
0"
#72720186
b10000001 (
1"
#72738704
0"
#72757222
b10000010 (
1"
#72775740
0"
#72794258
b10000011 (
1"
#72812776
0"
#72831294
b10000100 (
1"
#72849812
0"
#72868330
b10000101 (
1"
#72886848
0"
#72905366
b10000110 (
1"
#72923884
0"
#72942402
b10000111 (
1"
#72960920
0"
#72979438
b10001000 (
1"
#72997956
0"
#73016474
b10001001 (
1"
#73034992
0"
#73053510
b10001010 (
1"
#73072028
0"
#73090546
b10001011 (
1"
#73109064
0"
#73127582
b10001100 (
1"
#73146100
0"
#73164618
b10001101 (
1"
#73183136
0"
#73201654
b10001110 (
1"
#73220172
0"
#73238690
b10001111 (
1"
#73257208
0"
#73275726
b10010000 (
1"
#73294244
0"
#73312762
b10010001 (
1"
#73331280
0"
#73349798
b10010010 (
1"
#73368316
0"
#73386834
b10010011 (
1"
#73405352
0"
#73423870
b10010100 (
1"
#73442388
0"
#73460906
b10010101 (
1"
#73479424
0"
#73497942
b10010110 (
1"
#73516460
0"
#73534978
b10010111 (
1"
#73553496
0"
#73572014
b10011000 (
1"
#73590532
0"
#73609050
b10011001 (
1"
#73627568
0"
#73646086
b10011010 (
1"
#73664604
0"
#73683122
b10011011 (
1"
#73701640
0"
#73720158
b10011100 (
1"
#73738676
0"
#73757194
b10011101 (
1"
#73775712
0"
#73794230
b10011110 (
1"
#73812748
0"
#73831266
b10011111 (
1"
#73849784
0"
#73868302
b10100000 (
1"
#73886820
0"
#73905338
b10100001 (
1"
#73923856
0"
#73942374
b10100010 (
1"
#73960892
0"
#73979410
b10100011 (
1"
#73997928
0"
#74016446
b10100100 (
1"
#74034964
0"
#74053482
b10100101 (
1"
#74072000
0"
#74090518
b10100110 (
1"
#74109036
0"
#74127554
b10100111 (
1"
#74146072
0"
#74164590
b10101000 (
1"
#74183108
0"
#74201626
b10101001 (
1"
#74220144
0"
#74238662
b10101010 (
1"
#74257180
0"
#74275698
b10101011 (
1"
#74294216
0"
#74312734
b10101100 (
1"
#74331252
0"
#74349770
b10101101 (
1"
#74368288
0"
#74386806
b10101110 (
1"
#74405324
0"
#74423842
b10101111 (
1"
#74442360
0"
#74460878
b10110000 (
1"
#74479396
0"
#74497914
b10110001 (
1"
#74516432
0"
#74534950
b10110010 (
1"
#74553468
0"
#74571986
b10110011 (
1"
#74590504
0"
#74609022
b10110100 (
1"
#74627540
0"
#74646058
b10110101 (
1"
#74664576
0"
#74683094
b10110110 (
1"
#74701612
0"
#74720130
b10110111 (
1"
#74738648
0"
#74757166
b10111000 (
1"
#74775684
0"
#74794202
b10111001 (
1"
#74812720
0"
#74831238
b10111010 (
1"
#74849756
0"
#74868274
b10111011 (
1"
#74886792
0"
#74905310
b10111100 (
1"
#74923828
0"
#74942346
b10111101 (
1"
#74960864
0"
#74979382
b10111110 (
1"
#74997900
0"
#75016418
b10111111 (
1"
#75034936
0"
#75053454
b11000000 (
1"
#75071972
0"
#75090490
b11000001 (
1"
#75109008
0"
#75127526
b11000010 (
1"
#75146044
0"
#75164562
b11000011 (
1"
#75183080
0"
#75201598
b11000100 (
1"
#75220116
0"
#75238634
b11000101 (
1"
#75257152
0"
#75275670
b11000110 (
1"
#75294188
0"
#75312706
b11000111 (
1"
#75331224
0"
#75349742
b11001000 (
1"
#75368260
0"
#75386778
b11001001 (
1"
#75405296
0"
#75423814
b11001010 (
1"
#75442332
0"
#75460850
b11001011 (
1"
#75479368
0"
#75497886
b11001100 (
1"
#75516404
0"
#75534922
b11001101 (
1"
#75553440
0"
#75571958
b11001110 (
1"
#75590476
0"
#75608994
b11001111 (
1"
#75627512
0"
#75646030
b11010000 (
1"
#75664548
0"
#75683066
b11010001 (
1"
#75701584
0"
#75720102
b11010010 (
1"
#75738620
0"
#75757138
b11010011 (
1"
#75775656
0"
#75794174
b11010100 (
1"
#75812692
0"
#75831210
b11010101 (
1"
#75849728
0"
#75868246
b11010110 (
1"
#75886764
0"
#75905282
b11010111 (
1"
#75923800
0"
#75942318
b11011000 (
1"
#75960836
0"
#75979354
b11011001 (
1"
#75997872
0"
#76016390
b11011010 (
1"
#76034908
0"
#76053426
b11011011 (
1"
#76071944
0"
#76090462
b11011100 (
1"
#76108980
0"
#76127498
b11011101 (
1"
#76146016
0"
#76164534
b11011110 (
1"
#76183052
0"
#76201570
b11011111 (
1"
#76220088
0"
#76238606
b11100000 (
1"
#76257124
0"
#76275642
b11100001 (
1"
#76294160
0"
#76312678
b11100010 (
1"
#76331196
0"
#76349714
b11100011 (
1"
#76368232
0"
#76386750
b11100100 (
1"
#76405268
0"
#76423786
b11100101 (
1"
#76442304
0"
#76460822
b11100110 (
1"
#76479340
0"
#76497858
b11100111 (
1"
#76516376
0"
#76534894
b11101000 (
1"
#76553412
0"
#76571930
b11101001 (
1"
#76590448
0"
#76608966
b110 )
b0 (
1"
#76627484
0"
#76646002
b1 (
1"
#76664520
0"
#76683038
b10 (
1"
#76701556
0"
#76720074
b11 (
1"
#76738592
0"
#76757110
b100 (
1"
#76775628
0"
#76794146
b101 (
1"
#76812664
0"
#76831182
b110 (
1"
#76849700
0"
#76868218
b111 (
1"
#76886736
0"
#76905254
b1000 (
1"
#76923772
0"
#76942290
b1001 (
1"
#76960808
0"
#76979326
b1010 (
1"
#76997844
0"
#77016362
b1011 (
1"
#77034880
0"
#77053398
b1100 (
1"
#77071916
0"
#77090434
b1101 (
1"
#77108952
0"
#77127470
b1110 (
1"
#77145988
0"
#77164506
b1111 (
1"
#77183024
0"
#77201542
b10000 (
1"
#77220060
0"
#77238578
b10001 (
1"
#77257096
0"
#77275614
b10010 (
1"
#77294132
0"
#77312650
b10011 (
1"
#77331168
0"
#77349686
b10100 (
1"
#77368204
0"
#77386722
b10101 (
1"
#77405240
0"
#77423758
b10110 (
1"
#77442276
0"
#77460794
b10111 (
1"
#77479312
0"
#77497830
b11000 (
1"
#77516348
0"
#77534866
b11001 (
1"
#77553384
0"
#77571902
b11010 (
1"
#77590420
0"
#77608938
b11011 (
1"
#77627456
0"
#77645974
b11100 (
1"
#77664492
0"
#77683010
b11101 (
1"
#77701528
0"
#77720046
b11110 (
1"
#77738564
0"
#77757082
b11111 (
1"
#77775600
0"
#77794118
b100000 (
1"
#77812636
0"
#77831154
b100001 (
1"
#77849672
0"
#77868190
b100010 (
1"
#77886708
0"
#77905226
b100011 (
1"
#77923744
0"
#77942262
b100100 (
1"
#77960780
0"
#77979298
b100101 (
1"
#77997816
0"
#78016334
b100110 (
1"
#78034852
0"
#78053370
b100111 (
1"
#78071888
0"
#78090406
b101000 (
1"
#78108924
0"
#78127442
b101001 (
1"
#78145960
0"
#78164478
b101010 (
1"
#78182996
0"
#78201514
b101011 (
1"
#78220032
0"
#78238550
b101100 (
1"
#78257068
0"
#78275586
b101101 (
1"
#78294104
0"
#78312622
b101110 (
1"
#78331140
0"
#78349658
b101111 (
1"
#78368176
0"
#78386694
b110000 (
1"
#78405212
0"
#78423730
b110001 (
1"
#78442248
0"
#78460766
b110010 (
1"
#78479284
0"
#78497802
b110011 (
1"
#78516320
0"
#78534838
b110100 (
1"
#78553356
0"
#78571874
b110101 (
1"
#78590392
0"
#78608910
b110110 (
1"
#78627428
0"
#78645946
b110111 (
1"
#78664464
0"
#78682982
b111000 (
1"
#78701500
0"
#78720018
b111001 (
1"
#78738536
0"
#78757054
b111010 (
1"
#78775572
0"
#78794090
b111011 (
1"
#78812608
0"
#78831126
b111100 (
1"
#78849644
0"
#78868162
b111101 (
1"
#78886680
0"
#78905198
b111110 (
1"
#78923716
0"
#78942234
b111111 (
1"
#78960752
0"
#78979270
b1000000 (
1"
#78997788
0"
#79016306
b1000001 (
1"
#79034824
0"
#79053342
b1000010 (
1"
#79071860
0"
#79090378
b1000011 (
1"
#79108896
0"
#79127414
b1000100 (
1"
#79145932
0"
#79164450
b1000101 (
1"
#79182968
0"
#79201486
b1000110 (
1"
#79220004
0"
#79238522
b1000111 (
1"
#79257040
0"
#79275558
b1001000 (
1"
#79294076
0"
#79312594
b1001001 (
1"
#79331112
0"
#79349630
b1001010 (
1"
#79368148
0"
#79386666
b1001011 (
1"
#79405184
0"
#79423702
b1001100 (
1"
#79442220
0"
#79460738
b1001101 (
1"
#79479256
0"
#79497774
b1001110 (
1"
#79516292
0"
#79534810
b1001111 (
1"
#79553328
0"
#79571846
b1010000 (
1"
#79590364
0"
#79608882
b1010001 (
1"
#79627400
0"
#79645918
b1010010 (
1"
#79664436
0"
#79682954
b1010011 (
1"
#79701472
0"
#79719990
b1010100 (
1"
#79738508
0"
#79757026
b1010101 (
1"
#79775544
0"
#79794062
b1010110 (
1"
#79812580
0"
#79831098
b1010111 (
1"
#79849616
0"
#79868134
b1011000 (
1"
#79886652
0"
#79905170
b1011001 (
1"
#79923688
0"
#79942206
b1011010 (
1"
#79960724
0"
#79979242
b1011011 (
1"
#79997760
0"
#80016278
b1011100 (
1"
#80034796
0"
#80053314
b1011101 (
1"
#80071832
0"
#80090350
b1011110 (
1"
#80108868
0"
#80127386
b1011111 (
1"
#80145904
0"
#80164422
b1100000 (
1"
#80182940
0"
#80201458
b1100001 (
1"
#80219976
0"
#80238494
b1100010 (
1"
#80257012
0"
#80275530
b1100011 (
1"
#80294048
0"
#80312566
b1100100 (
1"
#80331084
0"
#80349602
b1100101 (
1"
#80368120
0"
#80386638
b1100110 (
1"
#80405156
0"
#80423674
b1100111 (
1"
#80442192
0"
#80460710
b1101000 (
1"
#80479228
0"
#80497746
b1101001 (
1"
#80516264
0"
#80534782
b1101010 (
1"
#80553300
0"
#80571818
b1101011 (
1"
#80590336
0"
#80608854
b1101100 (
1"
#80627372
0"
#80645890
b1101101 (
1"
#80664408
0"
#80682926
b1101110 (
1"
#80701444
0"
#80719962
b1101111 (
1"
#80738480
0"
#80756998
b1110000 (
1"
#80775516
0"
#80794034
b1110001 (
1"
#80812552
0"
#80831070
b1110010 (
1"
#80849588
0"
#80868106
b1110011 (
1"
#80886624
0"
#80890000
1$
b110 0
#80905142
b1110100 (
1-
1"
#80923660
0"
#80942178
b1110101 (
1.
1"
#80960696
0"
#80979214
b1110110 (
1"
#80997732
0"
#81016250
b1110111 (
1"
#81034768
0"
#81053286
b1111000 (
1"
#81071804
0"
#81090322
b1111001 (
1"
#81108840
0"
#81127358
b1111010 (
1"
#81145876
0"
#81164394
b1111011 (
1"
#81182912
0"
#81201430
b1111100 (
1"
#81219948
0"
#81238466
b1111101 (
1"
#81256984
0"
#81275502
b1111110 (
1"
#81294020
0"
#81312538
b1111111 (
1"
#81331056
0"
#81349574
b10000000 (
1"
#81368092
0"
#81386610
b10000001 (
1"
#81405128
0"
#81423646
b10000010 (
1"
#81442164
0"
#81460682
b10000011 (
1"
#81479200
0"
#81497718
b10000100 (
1"
#81516236
0"
#81534754
b10000101 (
1"
#81553272
0"
#81571790
b10000110 (
1"
#81590308
0"
#81608826
b10000111 (
1"
#81627344
0"
#81645862
b10001000 (
1"
#81664380
0"
#81682898
b10001001 (
1"
#81701416
0"
#81719934
b10001010 (
1"
#81738452
0"
#81756970
b10001011 (
1"
#81775488
0"
#81794006
b10001100 (
1"
#81812524
0"
#81831042
b10001101 (
1"
#81849560
0"
#81868078
b10001110 (
1"
#81886596
0"
#81905114
b10001111 (
1"
#81923632
0"
#81942150
b10010000 (
1"
#81960668
0"
#81979186
b10010001 (
1"
#81997704
0"
#82016222
b10010010 (
1"
#82034740
0"
#82053258
b10010011 (
1"
#82071776
0"
#82090294
b10010100 (
1"
#82108812
0"
#82127330
b10010101 (
1"
#82145848
0"
#82164366
b10010110 (
1"
#82182884
0"
#82201402
b10010111 (
1"
#82219920
0"
#82238438
b10011000 (
1"
#82256956
0"
#82275474
b10011001 (
1"
#82293992
0"
#82312510
b10011010 (
1"
#82331028
0"
#82349546
b10011011 (
1"
#82368064
0"
#82386582
b10011100 (
1"
#82405100
0"
#82423618
b10011101 (
1"
#82442136
0"
#82460654
b10011110 (
1"
#82479172
0"
#82497690
b10011111 (
1"
#82516208
0"
#82534726
b10100000 (
1"
#82553244
0"
#82571762
b10100001 (
1"
#82590280
0"
#82608798
b10100010 (
1"
#82627316
0"
#82645834
b10100011 (
1"
#82664352
0"
#82682870
b10100100 (
1"
#82701388
0"
#82719906
b10100101 (
1"
#82738424
0"
#82756942
b10100110 (
1"
#82775460
0"
#82793978
b10100111 (
1"
#82812496
0"
#82831014
b10101000 (
1"
#82849532
0"
#82868050
b10101001 (
1"
#82886568
0"
#82905086
b10101010 (
1"
#82923604
0"
#82942122
b10101011 (
1"
#82960640
0"
#82979158
b10101100 (
1"
#82997676
0"
#83016194
b10101101 (
1"
#83034712
0"
#83053230
b10101110 (
1"
#83071748
0"
#83090266
b10101111 (
1"
#83108784
0"
#83127302
b10110000 (
1"
#83145820
0"
#83164338
b10110001 (
1"
#83182856
0"
#83201374
b10110010 (
1"
#83219892
0"
#83238410
b10110011 (
1"
#83256928
0"
#83275446
b10110100 (
1"
#83293964
0"
#83312482
b10110101 (
1"
#83331000
0"
#83349518
b10110110 (
1"
#83368036
0"
#83386554
b10110111 (
1"
#83405072
0"
#83423590
b10111000 (
1"
#83442108
0"
#83460626
b10111001 (
1"
#83479144
0"
#83497662
b10111010 (
1"
#83516180
0"
#83534698
b10111011 (
1"
#83553216
0"
#83571734
b10111100 (
1"
#83590252
0"
#83608770
b10111101 (
1"
#83627288
0"
#83645806
b10111110 (
1"
#83664324
0"
#83682842
b10111111 (
1"
#83701360
0"
#83719878
b11000000 (
1"
#83738396
0"
#83756914
b11000001 (
1"
#83775432
0"
#83793950
b11000010 (
1"
#83812468
0"
#83830986
b11000011 (
1"
#83849504
0"
#83868022
b11000100 (
1"
#83886540
0"
#83905058
b11000101 (
1"
#83923576
0"
#83942094
b11000110 (
1"
#83960612
0"
#83979130
b11000111 (
1"
#83997648
0"
#84016166
b11001000 (
1"
#84034684
0"
#84053202
b11001001 (
1"
#84071720
0"
#84090238
b11001010 (
1"
#84108756
0"
#84127274
b11001011 (
1"
#84145792
0"
#84164310
b11001100 (
1"
#84182828
0"
#84201346
b11001101 (
1"
#84219864
0"
#84238382
b11001110 (
1"
#84256900
0"
#84275418
b11001111 (
1"
#84293936
0"
#84312454
b11010000 (
1"
#84330972
0"
#84349490
b11010001 (
1"
#84368008
0"
#84386526
b11010010 (
1"
#84405044
0"
#84423562
b11010011 (
1"
#84442080
0"
#84460598
b11010100 (
1"
#84479116
0"
#84497634
b11010101 (
1"
#84516152
0"
#84534670
b11010110 (
1"
#84553188
0"
#84571706
b11010111 (
1"
#84590224
0"
#84608742
b11011000 (
1"
#84627260
0"
#84645778
b11011001 (
1"
#84664296
0"
#84682814
b11011010 (
1"
#84701332
0"
#84719850
b11011011 (
1"
#84738368
0"
#84756886
b11011100 (
1"
#84775404
0"
#84793922
b11011101 (
1"
#84812440
0"
#84830958
b11011110 (
1"
#84849476
0"
#84867994
b11011111 (
1"
#84886512
0"
#84905030
b11100000 (
1"
#84923548
0"
#84942066
b11100001 (
1"
#84960584
0"
#84979102
b11100010 (
1"
#84997620
0"
#85016138
b11100011 (
1"
#85034656
0"
#85053174
b11100100 (
1"
#85071692
0"
#85090210
b11100101 (
1"
#85108728
0"
#85127246
b11100110 (
1"
#85145764
0"
#85164282
b11100111 (
1"
#85182800
0"
#85201318
b11101000 (
1"
#85219836
0"
#85238354
b11101001 (
1"
#85256872
0"
#85275390
b111 )
b1010101 +
b0 (
1"
#85293908
0"
#85312426
b1 (
1"
#85330944
0"
#85349462
b10 (
1"
#85367980
0"
#85386498
b11 (
1"
#85405016
0"
#85423534
b100 (
1"
#85442052
0"
#85460570
b101 (
1"
#85479088
0"
#85497606
b110 (
1"
#85516124
0"
#85534642
b111 (
1"
#85553160
0"
#85571678
b1000 (
1"
#85590196
0"
#85608714
b1001 (
1"
#85627232
0"
#85645750
b1010 (
1"
#85664268
0"
#85682786
b1011 (
1"
#85701304
0"
#85719822
b1100 (
1"
#85738340
0"
#85756858
b1101 (
1"
#85775376
0"
#85793894
b1110 (
1"
#85812412
0"
#85830930
b1111 (
1"
#85849448
0"
#85867966
b10000 (
1"
#85886484
0"
#85905002
b10001 (
1"
#85923520
0"
#85942038
b10010 (
1"
#85960556
0"
#85979074
b10011 (
1"
#85997592
0"
#86016110
b10100 (
1"
#86034628
0"
#86053146
b10101 (
1"
#86071664
0"
#86090182
b10110 (
1"
#86108700
0"
#86127218
b10111 (
1"
#86145736
0"
#86164254
b11000 (
1"
#86182772
0"
#86201290
b11001 (
1"
#86219808
0"
#86238326
b11010 (
1"
#86256844
0"
#86275362
b11011 (
1"
#86293880
0"
#86312398
b11100 (
1"
#86330916
0"
#86349434
b11101 (
1"
#86367952
0"
#86386470
b11110 (
1"
#86404988
0"
#86423506
b11111 (
1"
#86442024
0"
#86460542
b100000 (
1"
#86479060
0"
#86497578
b100001 (
1"
#86516096
0"
#86534614
b100010 (
1"
#86553132
0"
#86571650
b100011 (
1"
#86590168
0"
#86608686
b100100 (
1"
#86627204
0"
#86645722
b100101 (
1"
#86664240
0"
#86682758
b100110 (
1"
#86701276
0"
#86719794
b100111 (
1"
#86738312
0"
#86756830
b101000 (
1"
#86775348
0"
#86793866
b101001 (
1"
#86812384
0"
#86830902
b101010 (
1"
#86849420
0"
#86867938
b101011 (
1"
#86886456
0"
#86904974
b101100 (
1"
#86923492
0"
#86942010
b101101 (
1"
#86960528
0"
#86979046
b101110 (
1"
#86997564
0"
#87016082
b101111 (
1"
#87034600
0"
#87053118
b110000 (
1"
#87071636
0"
#87090154
b110001 (
1"
#87108672
0"
#87127190
b110010 (
1"
#87145708
0"
#87164226
b110011 (
1"
#87182744
0"
#87201262
b110100 (
1"
#87219780
0"
#87238298
b110101 (
1"
#87256816
0"
#87275334
b110110 (
1"
#87293852
0"
#87312370
b110111 (
1"
#87330888
0"
#87349406
b111000 (
1"
#87367924
0"
#87386442
b111001 (
1"
#87404960
0"
#87423478
b111010 (
1"
#87441996
0"
#87460514
b111011 (
1"
#87479032
0"
#87497550
b111100 (
1"
#87516068
0"
#87534586
b111101 (
1"
#87553104
0"
#87571622
b111110 (
1"
#87590140
0"
#87608658
b111111 (
1"
#87627176
0"
#87645694
b1000000 (
1"
#87664212
0"
#87682730
b1000001 (
1"
#87701248
0"
#87719766
b1000010 (
1"
#87738284
0"
#87756802
b1000011 (
1"
#87775320
0"
#87793838
b1000100 (
1"
#87812356
0"
#87830874
b1000101 (
1"
#87849392
0"
#87867910
b1000110 (
1"
#87886428
0"
#87904946
b1000111 (
1"
#87923464
0"
#87941982
b1001000 (
1"
#87960500
0"
#87979018
b1001001 (
1"
#87997536
0"
#88016054
b1001010 (
1"
#88034572
0"
#88053090
b1001011 (
1"
#88071608
0"
#88090126
b1001100 (
1"
#88108644
0"
#88127162
b1001101 (
1"
#88145680
0"
#88164198
b1001110 (
1"
#88182716
0"
#88201234
b1001111 (
1"
#88219752
0"
#88238270
b1010000 (
1"
#88256788
0"
#88275306
b1010001 (
1"
#88293824
0"
#88312342
b1010010 (
1"
#88330860
0"
#88349378
b1010011 (
1"
#88367896
0"
#88386414
b1010100 (
1"
#88404932
0"
#88423450
b1010101 (
1"
#88441968
0"
#88460486
b1010110 (
1"
#88479004
0"
#88497522
b1010111 (
1"
#88516040
0"
#88534558
b1011000 (
1"
#88553076
0"
#88571594
b1011001 (
1"
#88590112
0"
#88608630
b1011010 (
1"
#88627148
0"
#88645666
b1011011 (
1"
#88664184
0"
#88682702
b1011100 (
1"
#88701220
0"
#88719738
b1011101 (
1"
#88738256
0"
#88756774
b1011110 (
1"
#88775292
0"
#88793810
b1011111 (
1"
#88812328
0"
#88830846
b1100000 (
1"
#88849364
0"
#88867882
b1100001 (
1"
#88886400
0"
#88904918
b1100010 (
1"
#88923436
0"
#88941954
b1100011 (
1"
#88960472
0"
#88978990
b1100100 (
1"
#88997508
0"
#89016026
b1100101 (
1"
#89034544
0"
#89053062
b1100110 (
1"
#89071580
0"
#89090098
b1100111 (
1"
#89108616
0"
#89127134
b1101000 (
1"
#89145652
0"
#89164170
b1101001 (
1"
#89182688
0"
#89201206
b1101010 (
1"
#89219724
0"
#89238242
b1101011 (
1"
#89256760
0"
#89275278
b1101100 (
1"
#89293796
0"
#89312314
b1101101 (
1"
#89330832
0"
#89349350
b1101110 (
1"
#89367868
0"
#89386386
b1101111 (
1"
#89404904
0"
#89423422
b1110000 (
1"
#89441940
0"
#89460458
b1110001 (
1"
#89478976
0"
#89497494
b1110010 (
1"
#89516012
0"
#89534530
b1110011 (
1"
#89553048
0"
#89560000
0$
b111 0
#89571566
b1110100 (
0-
1"
#89590084
0"
#89608602
b1110101 (
0.
1"
#89627120
0"
#89645638
b1110110 (
1"
#89664156
0"
#89682674
b1110111 (
1"
#89701192
0"
#89719710
b1111000 (
1"
#89738228
0"
#89756746
b1111001 (
1"
#89775264
0"
#89793782
b1111010 (
1"
#89812300
0"
#89830818
b1111011 (
1"
#89849336
0"
#89867854
b1111100 (
1"
#89886372
0"
#89904890
b1111101 (
1"
#89923408
0"
#89941926
b1111110 (
1"
#89960444
0"
#89978962
b1111111 (
1"
#89997480
0"
#90015998
b10000000 (
1"
#90034516
0"
#90053034
b10000001 (
1"
#90071552
0"
#90090070
b10000010 (
1"
#90108588
0"
#90127106
b10000011 (
1"
#90145624
0"
#90164142
b10000100 (
1"
#90182660
0"
#90201178
b10000101 (
1"
#90219696
0"
#90238214
b10000110 (
1"
#90256732
0"
#90275250
b10000111 (
1"
#90293768
0"
#90312286
b10001000 (
1"
#90330804
0"
#90349322
b10001001 (
1"
#90367840
0"
#90386358
b10001010 (
1"
#90404876
0"
#90423394
b10001011 (
1"
#90441912
0"
#90460430
b10001100 (
1"
#90478948
0"
#90497466
b10001101 (
1"
#90515984
0"
#90534502
b10001110 (
1"
#90553020
0"
#90571538
b10001111 (
1"
#90590056
0"
#90608574
b10010000 (
1"
#90627092
0"
#90645610
b10010001 (
1"
#90664128
0"
#90682646
b10010010 (
1"
#90701164
0"
#90719682
b10010011 (
1"
#90738200
0"
#90756718
b10010100 (
1"
#90775236
0"
#90793754
b10010101 (
1"
#90812272
0"
#90830790
b10010110 (
1"
#90849308
0"
#90867826
b10010111 (
1"
#90886344
0"
#90904862
b10011000 (
1"
#90923380
0"
#90941898
b10011001 (
1"
#90960416
0"
#90978934
b10011010 (
1"
#90997452
0"
#91015970
b10011011 (
1"
#91034488
0"
#91053006
b10011100 (
1"
#91071524
0"
#91090042
b10011101 (
1"
#91108560
0"
#91127078
b10011110 (
1"
#91145596
0"
#91164114
b10011111 (
1"
#91182632
0"
#91201150
b10100000 (
1"
#91219668
0"
#91238186
b10100001 (
1"
#91256704
0"
#91275222
b10100010 (
1"
#91293740
0"
#91312258
b10100011 (
1"
#91330776
0"
#91349294
b10100100 (
1"
#91367812
0"
#91386330
b10100101 (
1"
#91404848
0"
#91423366
b10100110 (
1"
#91441884
0"
#91460402
b10100111 (
1"
#91478920
0"
#91497438
b10101000 (
1"
#91515956
0"
#91534474
b10101001 (
1"
#91552992
0"
#91571510
b10101010 (
1"
#91590028
0"
#91608546
b10101011 (
1"
#91627064
0"
#91645582
b10101100 (
1"
#91664100
0"
#91682618
b10101101 (
1"
#91701136
0"
#91719654
b10101110 (
1"
#91738172
0"
#91756690
b10101111 (
1"
#91775208
0"
#91793726
b10110000 (
1"
#91812244
0"
#91830762
b10110001 (
1"
#91849280
0"
#91867798
b10110010 (
1"
#91886316
0"
#91904834
b10110011 (
1"
#91923352
0"
#91941870
b10110100 (
1"
#91960388
0"
#91978906
b10110101 (
1"
#91997424
0"
#92015942
b10110110 (
1"
#92034460
0"
#92052978
b10110111 (
1"
#92071496
0"
#92090014
b10111000 (
1"
#92108532
0"
#92127050
b10111001 (
1"
#92145568
0"
#92164086
b10111010 (
1"
#92182604
0"
#92201122
b10111011 (
1"
#92219640
0"
#92238158
b10111100 (
1"
#92256676
0"
#92275194
b10111101 (
1"
#92293712
0"
#92312230
b10111110 (
1"
#92330748
0"
#92349266
b10111111 (
1"
#92367784
0"
#92386302
b11000000 (
1"
#92404820
0"
#92423338
b11000001 (
1"
#92441856
0"
#92460374
b11000010 (
1"
#92478892
0"
#92497410
b11000011 (
1"
#92515928
0"
#92534446
b11000100 (
1"
#92552964
0"
#92571482
b11000101 (
1"
#92590000
0"
#92608518
b11000110 (
1"
#92627036
0"
#92645554
b11000111 (
1"
#92664072
0"
#92682590
b11001000 (
1"
#92701108
0"
#92719626
b11001001 (
1"
#92738144
0"
#92756662
b11001010 (
1"
#92775180
0"
#92793698
b11001011 (
1"
#92812216
0"
#92830734
b11001100 (
1"
#92849252
0"
#92867770
b11001101 (
1"
#92886288
0"
#92904806
b11001110 (
1"
#92923324
0"
#92941842
b11001111 (
1"
#92960360
0"
#92978878
b11010000 (
1"
#92997396
0"
#93015914
b11010001 (
1"
#93034432
0"
#93052950
b11010010 (
1"
#93071468
0"
#93089986
b11010011 (
1"
#93108504
0"
#93127022
b11010100 (
1"
#93145540
0"
#93164058
b11010101 (
1"
#93182576
0"
#93201094
b11010110 (
1"
#93219612
0"
#93238130
b11010111 (
1"
#93256648
0"
#93275166
b11011000 (
1"
#93293684
0"
#93312202
b11011001 (
1"
#93330720
0"
#93349238
b11011010 (
1"
#93367756
0"
#93386274
b11011011 (
1"
#93404792
0"
#93423310
b11011100 (
1"
#93441828
0"
#93460346
b11011101 (
1"
#93478864
0"
#93497382
b11011110 (
1"
#93515900
0"
#93534418
b11011111 (
1"
#93552936
0"
#93571454
b11100000 (
1"
#93589972
0"
#93608490
b11100001 (
1"
#93627008
0"
#93645526
b11100010 (
1"
#93664044
0"
#93682562
b11100011 (
1"
#93701080
0"
#93719598
b11100100 (
1"
#93738116
0"
#93756634
b11100101 (
1"
#93775152
0"
#93793670
b11100110 (
1"
#93812188
0"
#93830706
b11100111 (
1"
#93849224
0"
#93867742
b11101000 (
1"
#93886260
0"
#93904778
b11101001 (
1"
#93923296
0"
#93941814
b11 ,
b0 (
1"
#93960332
0"
#93978850
b1 (
1"
#93997368
0"
#94015886
b10 (
1"
#94034404
0"
#94052922
b11 (
1"
#94071440
0"
#94089958
b100 (
1"
#94108476
0"
#94126994
b101 (
1"
#94145512
0"
#94164030
b110 (
1"
#94182548
0"
#94201066
b111 (
1"
#94219584
0"
#94238102
b1000 (
1"
#94256620
0"
#94275138
b1001 (
1"
#94293656
0"
#94312174
b1010 (
1"
#94330692
0"
#94349210
b1011 (
1"
#94367728
0"
#94386246
b1100 (
1"
#94404764
0"
#94423282
b1101 (
1"
#94441800
0"
#94460318
b1110 (
1"
#94478836
0"
#94497354
b1111 (
1"
#94515872
0"
#94534390
b10000 (
1"
#94552908
0"
#94571426
b10001 (
1"
#94589944
0"
#94608462
b10010 (
1"
#94626980
0"
#94645498
b10011 (
1"
#94664016
0"
#94682534
b10100 (
1"
#94701052
0"
#94719570
b10101 (
1"
#94738088
0"
#94756606
b10110 (
1"
#94775124
0"
#94793642
b10111 (
1"
#94812160
0"
#94830678
b11000 (
1"
#94849196
0"
#94867714
b11001 (
1"
#94886232
0"
#94904750
b11010 (
1"
#94923268
0"
#94941786
b11011 (
1"
#94960304
0"
#94978822
b11100 (
1"
#94997340
0"
#95015858
b11101 (
1"
#95034376
0"
#95052894
b11110 (
1"
#95071412
0"
#95089930
b11111 (
1"
#95108448
0"
#95126966
b100000 (
1"
#95145484
0"
#95164002
b100001 (
1"
#95182520
0"
#95201038
b100010 (
1"
#95219556
0"
#95238074
b100011 (
1"
#95256592
0"
#95275110
b100100 (
1"
#95293628
0"
#95312146
b100101 (
1"
#95330664
0"
#95349182
b100110 (
1"
#95367700
0"
#95386218
b100111 (
1"
#95404736
0"
#95423254
b101000 (
1"
#95441772
0"
#95460290
b101001 (
1"
#95478808
0"
#95497326
b101010 (
1"
#95515844
0"
#95534362
b101011 (
1"
#95552880
0"
#95571398
b101100 (
1"
#95589916
0"
#95608434
b101101 (
1"
#95626952
0"
#95645470
b101110 (
1"
#95663988
0"
#95682506
b101111 (
1"
#95701024
0"
#95719542
b110000 (
1"
#95738060
0"
#95756578
b110001 (
1"
#95775096
0"
#95793614
b110010 (
1"
#95812132
0"
#95830650
b110011 (
1"
#95849168
0"
#95867686
b110100 (
1"
#95886204
0"
#95904722
b110101 (
1"
#95923240
0"
#95941758
b110110 (
1"
#95960276
0"
#95978794
b110111 (
1"
#95997312
0"
#96015830
b111000 (
1"
#96034348
0"
#96052866
b111001 (
1"
#96071384
0"
#96089902
b111010 (
1"
#96108420
0"
#96126938
b111011 (
1"
#96145456
0"
#96163974
b111100 (
1"
#96182492
0"
#96201010
b111101 (
1"
#96219528
0"
#96238046
b111110 (
1"
#96256564
0"
#96275082
b111111 (
1"
#96293600
0"
#96312118
b1000000 (
1"
#96330636
0"
#96349154
b1000001 (
1"
#96367672
0"
#96386190
b1000010 (
1"
#96404708
0"
#96423226
b1000011 (
1"
#96441744
0"
#96460262
b1000100 (
1"
#96478780
0"
#96497298
b1000101 (
1"
#96515816
0"
#96534334
b1000110 (
1"
#96552852
0"
#96571370
b1000111 (
1"
#96589888
0"
#96608406
b1001000 (
1"
#96626924
0"
#96645442
b1001001 (
1"
#96663960
0"
#96682478
b1001010 (
1"
#96700996
0"
#96719514
b1001011 (
1"
#96738032
0"
#96756550
b1001100 (
1"
#96775068
0"
#96793586
b1001101 (
1"
#96812104
0"
#96830622
b1001110 (
1"
#96849140
0"
#96867658
b1001111 (
1"
#96886176
0"
#96904694
b1010000 (
1"
#96923212
0"
#96941730
b1010001 (
1"
#96960248
0"
#96978766
b1010010 (
1"
#96997284
0"
#97015802
b1010011 (
1"
#97034320
0"
#97052838
b1010100 (
1"
#97071356
0"
#97089874
b1010101 (
1"
#97108392
0"
#97126910
b1010110 (
1"
#97145428
0"
#97163946
b1010111 (
1"
#97182464
0"
#97200982
b1011000 (
1"
#97219500
0"
#97238018
b1011001 (
1"
#97256536
0"
#97275054
b1011010 (
1"
#97293572
0"
#97312090
b1011011 (
1"
#97330608
0"
#97349126
b1011100 (
1"
#97367644
0"
#97386162
b1011101 (
1"
#97404680
0"
#97423198
b1011110 (
1"
#97441716
0"
#97460234
b1011111 (
1"
#97478752
0"
#97497270
b1100000 (
1"
#97515788
0"
#97534306
b1100001 (
1"
#97552824
0"
#97571342
b1100010 (
1"
#97589860
0"
#97608378
b1100011 (
1"
#97626896
0"
#97645414
b1100100 (
1"
#97663932
0"
#97682450
b1100101 (
1"
#97700968
0"
#97719486
b1100110 (
1"
#97738004
0"
#97756522
b1100111 (
1"
#97775040
0"
#97793558
b1101000 (
1"
#97812076
0"
#97830594
b1101001 (
1"
#97849112
0"
#97867630
b1101010 (
1"
#97886148
0"
#97904666
b1101011 (
1"
#97923184
0"
#97941702
b1101100 (
1"
#97960220
0"
#97978738
b1101101 (
1"
#97997256
0"
#98015774
b1101110 (
1"
#98034292
0"
#98052810
b1101111 (
1"
#98071328
0"
#98089846
b1110000 (
1"
#98108364
0"
#98126882
b1110001 (
1"
#98145400
0"
#98163918
b1110010 (
1"
#98182436
0"
#98200954
b1110011 (
1"
#98219472
0"
#98230000
1$
b1000 0
#98237990
b1110100 (
1-
1"
#98256508
0"
#98275026
b1110101 (
1.
1"
#98293544
0"
#98312062
b1110110 (
1"
#98330580
0"
#98349098
b1110111 (
1"
#98367616
0"
#98386134
b1111000 (
1"
#98404652
0"
#98423170
b1111001 (
1"
#98441688
0"
#98460206
b1111010 (
1"
#98478724
0"
#98497242
b1111011 (
1"
#98515760
0"
#98534278
b1111100 (
1"
#98552796
0"
#98571314
b1111101 (
1"
#98589832
0"
#98608350
b1111110 (
1"
#98626868
0"
#98645386
b1111111 (
1"
#98663904
0"
#98682422
b10000000 (
1"
#98700940
0"
#98719458
b10000001 (
1"
#98737976
0"
#98756494
b10000010 (
1"
#98775012
0"
#98793530
b10000011 (
1"
#98812048
0"
#98830566
b10000100 (
1"
#98849084
0"
#98867602
b10000101 (
1"
#98886120
0"
#98904638
b10000110 (
1"
#98923156
0"
#98941674
b10000111 (
1"
#98960192
0"
#98978710
b10001000 (
1"
#98997228
0"
#99015746
b10001001 (
1"
#99034264
0"
#99052782
b10001010 (
1"
#99071300
0"
#99089818
b10001011 (
1"
#99108336
0"
#99126854
b10001100 (
1"
#99145372
0"
#99163890
b10001101 (
1"
#99182408
0"
#99200926
b10001110 (
1"
#99219444
0"
#99237962
b10001111 (
1"
#99256480
0"
#99274998
b10010000 (
1"
#99293516
0"
#99312034
b10010001 (
1"
#99330552
0"
#99349070
b10010010 (
1"
#99367588
0"
#99386106
b10010011 (
1"
#99404624
0"
#99423142
b10010100 (
1"
#99441660
0"
#99460178
b10010101 (
1"
#99478696
0"
#99497214
b10010110 (
1"
#99515732
0"
#99534250
b10010111 (
1"
#99552768
0"
#99571286
b10011000 (
1"
#99589804
0"
#99608322
b10011001 (
1"
#99626840
0"
#99645358
b10011010 (
1"
#99663876
0"
#99682394
b10011011 (
1"
#99700912
0"
#99719430
b10011100 (
1"
#99737948
0"
#99756466
b10011101 (
1"
#99774984
0"
#99793502
b10011110 (
1"
#99812020
0"
#99830538
b10011111 (
1"
#99849056
0"
#99867574
b10100000 (
1"
#99886092
0"
#99904610
b10100001 (
1"
#99923128
0"
#99941646
b10100010 (
1"
#99960164
0"
#99978682
b10100011 (
1"
#99997200
0"
#100015718
b10100100 (
1"
#100034236
0"
#100052754
b10100101 (
1"
#100071272
0"
#100089790
b10100110 (
1"
#100108308
0"
#100126826
b10100111 (
1"
#100145344
0"
#100163862
b10101000 (
1"
#100182380
0"
#100200898
b10101001 (
1"
#100219416
0"
#100237934
b10101010 (
1"
#100256452
0"
#100274970
b10101011 (
1"
#100293488
0"
#100312006
b10101100 (
1"
#100330524
0"
#100349042
b10101101 (
1"
#100367560
0"
#100386078
b10101110 (
1"
#100404596
0"
#100423114
b10101111 (
1"
#100441632
0"
#100460150
b10110000 (
1"
#100478668
0"
#100497186
b10110001 (
1"
#100515704
0"
#100534222
b10110010 (
1"
#100552740
0"
#100571258
b10110011 (
1"
#100589776
0"
#100608294
b10110100 (
1"
#100626812
0"
#100645330
b10110101 (
1"
#100663848
0"
#100682366
b10110110 (
1"
#100700884
0"
#100719402
b10110111 (
1"
#100737920
0"
#100756438
b10111000 (
1"
#100774956
0"
#100793474
b10111001 (
1"
#100811992
0"
#100830510
b10111010 (
1"
#100849028
0"
#100867546
b10111011 (
1"
#100886064
0"
#100904582
b10111100 (
1"
#100923100
0"
#100941618
b10111101 (
1"
#100960136
0"
#100978654
b10111110 (
1"
#100997172
0"
#101015690
b10111111 (
1"
#101034208
0"
#101052726
b11000000 (
1"
#101071244
0"
#101089762
b11000001 (
1"
#101108280
0"
#101126798
b11000010 (
1"
#101145316
0"
#101163834
b11000011 (
1"
#101182352
0"
#101200870
b11000100 (
1"
#101219388
0"
#101237906
b11000101 (
1"
#101256424
0"
#101274942
b11000110 (
1"
#101293460
0"
#101311978
b11000111 (
1"
#101330496
0"
#101349014
b11001000 (
1"
#101367532
0"
#101386050
b11001001 (
1"
#101404568
0"
#101423086
b11001010 (
1"
#101441604
0"
#101460122
b11001011 (
1"
#101478640
0"
#101497158
b11001100 (
1"
#101515676
0"
#101534194
b11001101 (
1"
#101552712
0"
#101571230
b11001110 (
1"
#101589748
0"
#101608266
b11001111 (
1"
#101626784
0"
#101645302
b11010000 (
1"
#101663820
0"
#101682338
b11010001 (
1"
#101700856
0"
#101719374
b11010010 (
1"
#101737892
0"
#101756410
b11010011 (
1"
#101774928
0"
#101793446
b11010100 (
1"
#101811964
0"
#101830482
b11010101 (
1"
#101849000
0"
#101867518
b11010110 (
1"
#101886036
0"
#101904554
b11010111 (
1"
#101923072
0"
#101941590
b11011000 (
1"
#101960108
0"
#101978626
b11011001 (
1"
#101997144
0"
#102015662
b11011010 (
1"
#102034180
0"
#102052698
b11011011 (
1"
#102071216
0"
#102089734
b11011100 (
1"
#102108252
0"
#102126770
b11011101 (
1"
#102145288
0"
#102163806
b11011110 (
1"
#102182324
0"
#102200842
b11011111 (
1"
#102219360
0"
#102237878
b11100000 (
1"
#102256396
0"
#102274914
b11100001 (
1"
#102293432
0"
#102311950
b11100010 (
1"
#102330468
0"
#102348986
b11100011 (
1"
#102367504
0"
#102386022
b11100100 (
1"
#102404540
0"
#102423058
b11100101 (
1"
#102441576
0"
#102460094
b11100110 (
1"
#102478612
0"
#102497130
b11100111 (
1"
#102515648
0"
#102534166
b11101000 (
1"
#102552684
0"
#102571202
b11101001 (
1"
#102589720
0"
#102608238
b100 ,
b0 (
1"
#102626756
0"
#102645274
b101010 !
b101010 %
b0 ,
b1010101 *
1"
#102663792
0"
#102682310
b0 )
1"
#102700828
0"
#102719346
1"
#102737864
0"
#102756382
1"
#102774900
0"
#102793418
1"
#102811936
0"
#102830454
1"
#102848972
0"
#102867490
1"
#102886008
0"
#102904526
1"
#102923044
0"
#102941562
1"
#102960080
0"
#102978598
1"
#102997116
0"
#103015634
1"
#103034152
0"
#103052670
1"
#103071188
0"
#103089706
1"
#103108224
0"
#103126742
1"
#103145260
0"
#103163778
1"
#103182296
0"
#103200814
1"
#103219332
0"
#103237850
1"
#103256368
0"
#103274886
1"
#103293404
0"
#103311922
1"
#103330440
0"
#103348958
1"
#103367476
0"
#103385994
1"
#103404512
0"
#103423030
1"
#103441548
0"
#103460066
1"
#103478584
0"
#103497102
1"
#103515620
0"
#103534138
1"
#103552656
0"
#103571174
1"
#103589692
0"
#103608210
1"
#103626728
0"
#103645246
1"
#103663764
0"
#103682282
1"
#103700800
0"
#103719318
1"
#103737836
0"
#103756354
1"
#103774872
0"
#103793390
1"
#103811908
0"
#103830426
1"
#103848944
0"
#103867462
1"
#103885980
0"
#103904498
1"
#103923016
0"
#103941534
1"
#103960052
0"
#103978570
1"
#103997088
0"
#104015606
1"
#104034124
0"
#104052642
1"
#104071160
0"
#104089678
1"
#104108196
0"
#104126714
1"
#104145232
0"
#104163750
1"
#104182268
0"
#104200786
1"
#104219304
0"
#104237822
1"
#104256340
0"
#104274858
1"
#104293376
0"
#104311894
1"
#104330412
0"
#104348930
1"
#104367448
0"
#104385966
1"
#104404484
0"
#104423002
1"
#104441520
0"
#104460038
1"
#104478556
0"
#104497074
1"
#104515592
0"
#104534110
1"
#104552628
0"
#104571146
1"
#104589664
0"
#104608182
1"
#104626700
0"
#104645218
1"
#104663736
0"
#104682254
1"
#104700772
0"
#104719290
1"
#104737808
0"
#104756326
1"
#104774844
0"
#104793362
1"
#104811880
0"
#104830398
1"
#104848916
0"
#104867434
1"
#104885952
0"
#104904470
1"
#104922988
0"
#104941506
1"
#104960024
0"
#104978542
1"
#104997060
0"
#105015578
1"
#105034096
0"
#105052614
1"
#105071132
0"
#105089650
1"
#105108168
0"
#105126686
1"
#105145204
0"
#105163722
1"
#105182240
0"
#105200758
1"
#105219276
0"
#105237794
1"
#105256312
0"
#105274830
1"
#105293348
0"
#105311866
1"
#105330384
0"
#105348902
1"
#105367420
0"
#105385938
1"
#105404456
0"
#105422974
1"
#105441492
0"
#105460010
1"
#105478528
0"
#105497046
1"
#105515564
0"
#105534082
1"
#105552600
0"
#105571118
1"
#105589636
0"
#105608154
1"
#105626672
0"
#105645190
1"
#105663708
0"
#105682226
1"
#105700744
0"
#105719262
1"
#105737780
0"
#105756298
1"
#105774816
0"
#105793334
1"
#105811852
0"
#105830370
1"
#105848888
0"
#105867406
1"
#105885924
0"
#105904442
1"
#105922960
0"
#105941478
1"
#105959996
0"
#105978514
1"
#105997032
0"
#106015550
1"
#106034068
0"
#106052586
1"
#106071104
0"
#106089622
1"
#106108140
0"
#106126658
1"
#106145176
0"
#106163694
1"
#106182212
0"
#106200730
1"
#106219248
0"
#106237766
1"
#106256284
0"
#106274802
1"
#106293320
0"
#106311838
1"
#106330356
0"
#106348874
1"
#106367392
0"
#106385910
1"
#106404428
0"
#106422946
1"
#106441464
0"
#106459982
1"
#106478500
0"
#106497018
1"
#106515536
0"
#106534054
1"
#106552572
0"
#106571090
1"
#106589608
0"
#106608126
1"
#106626644
0"
#106645162
1"
#106663680
0"
#106682198
1"
#106700716
0"
#106719234
1"
#106737752
0"
#106756270
1"
#106774788
0"
#106793306
1"
#106811824
0"
#106830342
1"
#106848860
0"
#106867378
1"
#106885896
0"
#106904414
1"
#106922932
0"
#106941450
1"
#106959968
0"
#106978486
1"
#106997004
0"
#107015522
1"
#107034040
0"
#107052558
1"
#107071076
0"
#107089594
1"
#107108112
0"
#107126630
1"
#107145148
0"
#107163666
1"
#107182184
0"
#107200702
1"
#107219220
0"
#107237738
1"
#107256256
0"
#107274774
1"
#107293292
0"
#107311810
1"
#107330328
0"
#107348846
1"
#107367364
0"
#107385882
1"
#107404400
0"
#107422918
1"
#107441436
0"
#107459954
1"
#107478472
0"
#107496990
1"
#107515508
0"
#107534026
1"
#107552544
0"
#107571062
1"
#107589580
0"
#107608098
1"
#107626616
0"
#107645134
1"
#107663652
0"
#107682170
1"
#107700688
0"
#107719206
1"
#107737724
0"
#107756242
1"
#107774760
0"
#107793278
1"
#107811796
0"
#107830314
1"
#107848832
0"
#107867350
1"
#107885868
0"
#107904386
1"
#107922904
0"
#107941422
1"
#107959940
0"
#107978458
1"
#107996976
0"
#108015494
1"
#108034012
0"
#108052530
1"
#108071048
0"
#108089566
1"
#108108084
0"
#108126602
1"
#108145120
0"
#108163638
1"
#108182156
0"
#108200674
1"
#108219192
0"
#108237710
1"
#108256228
0"
#108274746
1"
#108293264
0"
#108311782
1"
#108330300
0"
#108348818
1"
#108367336
0"
#108385854
1"
#108404372
0"
#108422890
1"
#108441408
0"
#108459926
1"
#108478444
0"
#108496962
1"
#108515480
0"
#108533998
1"
#108552516
0"
#108571034
1"
#108589552
0"
#108608070
1"
#108626588
0"
#108645106
1"
#108663624
0"
#108682142
1"
#108700660
0"
#108719178
1"
#108737696
0"
#108756214
1"
#108774732
0"
#108793250
1"
#108811768
0"
#108830286
1"
#108848804
0"
#108867322
1"
#108885840
0"
#108904358
1"
#108922876
0"
#108941394
1"
#108959912
0"
#108978430
1"
#108996948
0"
#109015466
1"
#109033984
0"
#109052502
1"
#109071020
0"
#109089538
1"
#109108056
0"
#109126574
1"
#109145092
0"
#109163610
1"
#109182128
0"
#109200646
1"
#109219164
0"
#109237682
1"
#109256200
0"
#109274718
1"
#109293236
0"
#109311754
1"
#109330272
0"
#109348790
1"
#109367308
0"
#109385826
1"
#109404344
0"
#109422862
1"
#109441380
0"
#109459898
1"
#109478416
0"
#109496934
1"
#109515452
0"
#109533970
1"
#109552488
0"
#109571006
1"
#109589524
0"
#109608042
1"
#109626560
0"
#109645078
1"
#109663596
0"
#109682114
1"
#109700632
0"
#109719150
1"
#109737668
0"
#109756186
1"
#109774704
0"
#109793222
1"
#109811740
0"
#109830258
1"
#109848776
0"
#109867294
1"
#109885812
0"
#109904330
1"
#109922848
0"
#109941366
1"
#109959884
0"
#109978402
1"
#109996920
0"
#110015438
1"
#110033956
0"
#110052474
1"
#110070992
0"
#110089510
1"
#110108028
0"
#110126546
1"
#110145064
0"
#110163582
1"
#110182100
0"
#110200618
1"
#110219136
0"
#110237654
1"
#110256172
0"
#110274690
1"
#110293208
0"
#110311726
1"
#110330244
0"
#110348762
1"
#110367280
0"
#110385798
1"
#110404316
0"
#110422834
1"
#110441352
0"
#110459870
1"
#110478388
0"
#110496906
1"
#110515424
0"
#110533942
1"
#110552460
0"
#110570978
1"
#110589496
0"
#110608014
1"
#110626532
0"
#110645050
1"
#110663568
0"
#110682086
1"
#110700604
0"
#110719122
1"
#110737640
0"
#110756158
1"
#110774676
0"
#110793194
1"
#110811712
0"
#110830230
1"
#110848748
0"
#110867266
1"
#110885784
0"
#110904302
1"
#110922820
0"
#110941338
1"
#110959856
0"
#110978374
1"
#110996892
0"
#111015410
1"
#111033928
0"
#111052446
1"
#111070964
0"
#111089482
1"
#111108000
0"
#111126518
1"
#111145036
0"
#111163554
1"
#111182072
0"
#111200590
1"
#111219108
0"
#111237626
1"
#111256144
0"
#111274662
1"
#111293180
0"
#111311698
1"
#111330216
0"
#111348734
1"
#111367252
0"
#111385770
1"
#111404288
0"
#111422806
1"
#111441324
0"
#111459842
1"
#111478360
0"
#111496878
1"
#111515396
0"
#111533914
1"
#111552432
0"
#111570950
1"
#111589468
0"
#111607986
1"
#111626504
0"
#111645022
1"
#111663540
0"
#111682058
1"
#111700576
0"
#111719094
1"
#111737612
0"
#111756130
1"
#111774648
0"
#111793166
1"
#111811684
0"
#111830202
1"
#111848720
0"
#111867238
1"
#111885756
0"
#111904274
1"
#111922792
0"
#111941310
1"
#111959828
0"
#111978346
1"
#111996864
0"
#112015382
1"
#112033900
0"
#112052418
1"
#112070936
0"
#112089454
1"
#112107972
0"
#112126490
1"
#112145008
0"
#112163526
1"
#112182044
0"
#112200562
1"
#112219080
0"
#112237598
1"
#112256116
0"
#112274634
1"
#112293152
0"
#112311670
1"
#112330188
0"
#112348706
1"
#112367224
0"
#112385742
1"
#112404260
0"
#112422778
1"
#112441296
0"
#112459814
1"
#112478332
0"
#112496850
1"
#112515368
0"
#112533886
1"
#112552404
0"
#112570922
1"
#112589440
0"
#112607958
1"
#112626476
0"
#112644994
1"
#112663512
0"
#112682030
1"
#112700548
0"
#112719066
1"
#112737584
0"
#112756102
1"
#112774620
0"
#112793138
1"
#112811656
0"
#112830174
1"
#112848692
0"
#112867210
1"
#112885728
0"
#112904246
1"
#112922764
0"
#112941282
1"
#112959800
0"
#112978318
1"
#112996836
0"
#113015354
1"
#113033872
0"
#113052390
1"
#113070908
0"
#113089426
1"
#113107944
0"
#113126462
1"
#113144980
0"
#113163498
1"
#113182016
0"
#113200534
1"
#113219052
0"
#113237570
1"
#113256088
0"
#113274606
1"
#113293124
0"
#113311642
1"
#113330160
0"
#113348678
1"
#113367196
0"
#113385714
1"
#113404232
0"
#113422750
1"
#113441268
0"
#113459786
1"
#113478304
0"
#113496822
1"
#113515340
0"
#113533858
1"
#113552376
0"
#113570894
1"
#113589412
0"
#113607930
1"
#113626448
0"
#113644966
1"
#113663484
0"
#113682002
1"
#113700520
0"
#113719038
1"
#113737556
0"
#113756074
1"
#113774592
0"
#113793110
1"
#113811628
0"
#113830146
1"
#113848664
0"
#113867182
1"
#113885700
0"
#113904218
1"
#113922736
0"
#113941254
1"
#113959772
0"
#113978290
1"
#113996808
0"
#114015326
1"
#114033844
0"
#114052362
1"
#114070880
0"
#114089398
1"
#114107916
0"
#114126434
1"
#114144952
0"
#114163470
1"
#114181988
0"
#114200506
1"
#114219024
0"
#114237542
1"
#114256060
0"
#114274578
1"
#114293096
0"
#114311614
1"
#114330132
0"
#114348650
1"
#114367168
0"
#114385686
1"
#114404204
0"
#114422722
1"
#114441240
0"
#114459758
1"
#114478276
0"
#114496794
1"
#114515312
0"
#114533830
1"
#114552348
0"
#114570866
1"
#114589384
0"
#114607902
1"
#114626420
0"
#114644938
1"
#114663456
0"
#114681974
1"
#114700492
0"
#114719010
1"
#114737528
0"
#114756046
1"
#114774564
0"
#114793082
1"
#114811600
0"
#114830118
1"
#114848636
0"
#114867154
1"
#114885672
0"
#114904190
1"
#114922708
0"
#114941226
1"
#114959744
0"
#114978262
1"
#114996780
0"
#115015298
1"
#115033816
0"
#115052334
1"
#115070852
0"
#115089370
1"
#115107888
0"
#115126406
1"
#115144924
0"
#115163442
1"
#115181960
0"
#115200478
1"
#115218996
0"
#115237514
1"
#115256032
0"
#115274550
1"
#115293068
0"
#115311586
1"
#115330104
0"
#115348622
1"
#115367140
0"
#115385658
1"
#115404176
0"
#115422694
1"
#115441212
0"
#115459730
1"
#115478248
0"
#115496766
1"
#115515284
0"
#115533802
1"
#115552320
0"
#115570838
1"
#115589356
0"
#115607874
1"
#115626392
0"
#115644910
1"
#115663428
0"
#115681946
1"
#115700464
0"
#115718982
1"
#115737500
0"
#115756018
1"
#115774536
0"
#115793054
1"
#115811572
0"
#115830090
1"
#115848608
0"
#115867126
1"
#115885644
0"
#115904162
1"
#115922680
0"
#115941198
1"
#115959716
0"
#115978234
1"
#115996752
0"
#116015270
1"
#116033788
0"
#116052306
1"
#116070824
0"
#116089342
1"
#116107860
0"
#116126378
1"
#116144896
0"
#116163414
1"
#116181932
0"
#116200450
1"
#116218968
0"
#116237486
1"
#116256004
0"
#116274522
1"
#116293040
0"
#116311558
1"
#116330076
0"
#116348594
1"
#116367112
0"
#116385630
1"
#116404148
0"
#116422666
1"
#116441184
0"
#116459702
1"
#116478220
0"
#116496738
1"
#116515256
0"
#116533774
1"
#116552292
0"
#116570810
1"
#116589328
0"
#116607846
1"
#116626364
0"
#116644882
1"
#116663400
0"
#116681918
1"
#116700436
0"
#116718954
1"
#116737472
0"
#116755990
1"
#116774508
0"
#116793026
1"
#116811544
0"
#116830062
1"
#116848580
0"
#116867098
1"
#116885616
0"
#116904134
1"
#116922652
0"
#116941170
1"
#116959688
0"
#116978206
1"
#116996724
0"
#117015242
1"
#117033760
0"
#117052278
1"
#117070796
0"
#117089314
1"
#117107832
0"
#117126350
1"
#117144868
0"
#117163386
1"
#117181904
0"
#117200422
1"
#117218940
0"
#117237458
1"
#117255976
0"
#117274494
1"
#117293012
0"
#117311530
1"
#117330048
0"
#117348566
1"
#117367084
0"
#117385602
1"
#117404120
0"
#117422638
1"
#117441156
0"
#117459674
1"
#117478192
0"
#117496710
1"
#117515228
0"
#117533746
1"
#117552264
0"
#117570782
1"
#117589300
0"
#117607818
1"
#117626336
0"
#117644854
1"
#117663372
0"
#117681890
1"
#117700408
0"
#117718926
1"
#117737444
0"
#117755962
1"
#117774480
0"
#117792998
1"
#117811516
0"
#117830034
1"
#117848552
0"
#117867070
1"
#117885588
0"
#117904106
1"
#117922624
0"
#117941142
1"
#117959660
0"
#117978178
1"
#117996696
0"
#118015214
1"
#118033732
0"
#118052250
1"
#118070768
0"
#118089286
1"
#118107804
0"
#118126322
1"
#118144840
0"
#118163358
1"
#118181876
0"
#118200394
1"
#118218912
0"
#118237430
1"
#118255948
0"
#118274466
1"
#118292984
0"
#118311502
1"
#118330020
0"
#118348538
1"
#118367056
0"
#118385574
1"
#118404092
0"
#118422610
1"
#118441128
0"
#118459646
1"
#118478164
0"
#118496682
1"
#118515200
0"
#118533718
1"
#118552236
0"
#118570754
1"
#118589272
0"
#118607790
1"
#118626308
0"
#118644826
1"
#118663344
0"
#118681862
1"
#118700380
0"
#118718898
1"
#118737416
0"
#118755934
1"
#118774452
0"
#118792970
1"
#118811488
0"
#118830006
1"
#118848524
0"
#118867042
1"
#118885560
0"
#118904078
1"
#118922596
0"
#118941114
1"
#118959632
0"
#118978150
1"
#118996668
0"
#119015186
1"
#119033704
0"
#119052222
1"
#119070740
0"
#119089258
1"
#119107776
0"
#119126294
1"
#119144812
0"
#119163330
1"
#119181848
0"
#119200366
1"
#119218884
0"
#119237402
1"
#119255920
0"
#119274438
1"
#119292956
0"
#119311474
1"
#119329992
0"
#119348510
1"
#119367028
0"
#119385546
1"
#119404064
0"
#119422582
1"
#119441100
0"
#119459618
1"
#119478136
0"
#119496654
1"
#119515172
0"
#119533690
1"
#119552208
0"
#119570726
1"
#119589244
0"
#119607762
1"
#119626280
0"
#119644798
1"
#119663316
0"
#119681834
1"
#119700352
0"
#119718870
1"
#119737388
0"
#119755906
1"
#119774424
0"
#119792942
1"
#119811460
0"
#119829978
1"
#119848496
0"
#119867014
1"
#119885532
0"
#119904050
1"
#119922568
0"
#119941086
1"
#119959604
0"
#119978122
1"
#119996640
0"
#120015158
1"
#120033676
0"
#120052194
1"
#120070712
0"
#120089230
1"
#120107748
0"
#120126266
1"
#120144784
0"
#120163302
1"
#120181820
0"
#120200338
1"
#120218856
0"
#120237374
1"
#120255892
0"
#120274410
1"
#120292928
0"
#120311446
1"
#120329964
0"
#120348482
1"
#120367000
0"
#120385518
1"
#120404036
0"
#120422554
1"
#120441072
0"
#120459590
1"
#120478108
0"
#120496626
1"
#120515144
0"
#120533662
1"
#120552180
0"
#120570698
1"
#120589216
0"
#120607734
1"
#120626252
0"
#120644770
1"
#120663288
0"
#120681806
1"
#120700324
0"
#120718842
1"
#120737360
0"
#120755878
1"
#120774396
0"
#120792914
1"
#120811432
0"
#120829950
1"
#120848468
0"
#120866986
1"
#120885504
0"
#120904022
1"
#120922540
0"
#120941058
1"
#120959576
0"
#120978094
1"
#120996612
0"
#121015130
1"
#121033648
0"
#121052166
1"
#121070684
0"
#121089202
1"
#121107720
0"
#121126238
1"
#121144756
0"
#121163274
1"
#121181792
0"
#121200310
1"
#121218828
0"
#121237346
1"
#121255864
0"
#121274382
1"
#121292900
0"
#121311418
1"
#121329936
0"
#121348454
1"
#121366972
0"
#121385490
1"
#121404008
0"
#121422526
1"
#121441044
0"
#121459562
1"
#121478080
0"
#121496598
1"
#121515116
0"
#121533634
1"
#121552152
0"
#121570670
1"
#121589188
0"
#121607706
1"
#121626224
0"
#121644742
1"
#121663260
0"
#121681778
1"
#121700296
0"
#121718814
1"
#121737332
0"
#121755850
1"
#121774368
0"
#121792886
1"
#121811404
0"
#121829922
1"
#121848440
0"
#121866958
1"
#121885476
0"
#121903994
1"
#121922512
0"
#121941030
1"
#121959548
0"
#121978066
1"
#121996584
0"
#122015102
1"
#122033620
0"
#122052138
1"
#122070656
0"
#122089174
1"
#122107692
0"
#122126210
1"
#122144728
0"
#122163246
1"
#122181764
0"
#122200282
1"
#122218800
0"
#122237318
1"
#122255836
0"
#122274354
1"
#122292872
0"
#122311390
1"
#122329908
0"
#122348426
1"
#122366944
0"
#122385462
1"
#122403980
0"
#122422498
1"
#122441016
0"
#122459534
1"
#122478052
0"
#122496570
1"
#122515088
0"
#122533606
1"
#122552124
0"
#122570642
1"
#122589160
0"
#122607678
1"
#122626196
0"
#122644714
1"
#122663232
0"
#122681750
1"
#122700268
0"
#122718786
1"
#122737304
0"
#122755822
1"
#122774340
0"
#122792858
1"
#122811376
0"
#122829894
1"
#122848412
0"
#122866930
1"
#122885448
0"
#122903966
1"
#122922484
0"
#122941002
1"
#122959520
0"
#122978038
1"
#122996556
0"
#123015074
1"
#123033592
0"
#123052110
1"
#123070628
0"
#123089146
1"
#123107664
0"
#123126182
1"
#123144700
0"
#123163218
1"
#123181736
0"
#123200254
1"
#123218772
0"
#123237290
1"
#123255808
0"
#123274326
1"
#123292844
0"
#123311362
1"
#123329880
0"
#123348398
1"
#123366916
0"
#123385434
1"
#123403952
0"
#123422470
1"
#123440988
0"
#123459506
1"
#123478024
0"
#123496542
1"
#123515060
0"
#123533578
1"
#123552096
0"
#123570614
1"
#123589132
0"
#123607650
1"
#123626168
0"
#123644686
1"
#123663204
0"
#123681722
1"
#123700240
0"
#123718758
1"
#123737276
0"
#123755794
1"
#123774312
0"
#123792830
1"
#123811348
0"
#123829866
1"
#123848384
0"
#123866902
1"
#123885420
0"
#123903938
1"
#123922456
0"
#123940974
1"
#123959492
0"
#123978010
1"
#123996528
0"
#124015046
1"
#124033564
0"
#124052082
1"
#124070600
0"
#124089118
1"
#124107636
0"
#124126154
1"
#124144672
0"
#124163190
1"
#124181708
0"
#124200226
1"
#124218744
0"
#124237262
1"
#124255780
0"
#124274298
1"
#124292816
0"
#124311334
1"
#124329852
0"
#124348370
1"
#124366888
0"
#124385406
1"
#124403924
0"
#124422442
1"
#124440960
0"
#124459478
1"
#124477996
0"
#124496514
1"
#124515032
0"
#124533550
1"
#124552068
0"
#124570586
1"
#124589104
0"
#124607622
1"
#124626140
0"
#124644658
1"
#124663176
0"
#124681694
1"
#124700212
0"
#124718730
1"
#124737248
0"
#124755766
1"
#124774284
0"
#124792802
1"
#124811320
0"
#124829838
1"
#124848356
0"
#124866874
1"
#124885392
0"
#124903910
1"
#124922428
0"
#124940946
1"
#124959464
0"
#124977982
1"
#124996500
0"
#125015018
1"
#125033536
0"
#125052054
1"
#125070572
0"
#125089090
1"
#125107608
0"
#125126126
1"
#125144644
0"
#125163162
1"
#125181680
0"
#125200198
1"
#125218716
0"
#125237234
1"
#125255752
0"
#125274270
1"
#125292788
0"
#125311306
1"
#125329824
0"
#125348342
1"
#125366860
0"
#125385378
1"
#125403896
0"
#125422414
1"
#125440932
0"
#125459450
1"
#125477968
0"
#125496486
1"
#125515004
0"
#125533522
1"
#125552040
0"
#125570558
1"
#125589076
0"
#125607594
1"
#125626112
0"
#125644630
1"
#125663148
0"
#125681666
1"
#125700184
0"
#125718702
1"
#125737220
0"
#125755738
1"
#125774256
0"
#125792774
1"
#125811292
0"
#125829810
1"
#125848328
0"
#125866846
1"
#125885364
0"
#125903882
1"
#125922400
0"
#125940918
1"
#125959436
0"
#125977954
1"
#125996472
0"
#126014990
1"
#126033508
0"
#126052026
1"
#126070544
0"
#126089062
1"
#126107580
0"
#126126098
1"
#126144616
0"
#126163134
1"
#126181652
0"
#126200170
1"
#126218688
0"
#126237206
1"
#126255724
0"
#126274242
1"
#126292760
0"
#126311278
1"
#126329796
0"
#126348314
1"
#126366832
0"
#126385350
1"
#126403868
0"
#126422386
1"
#126440904
0"
#126459422
1"
#126477940
0"
#126496458
1"
#126514976
0"
#126533494
1"
#126552012
0"
#126570530
1"
#126589048
0"
#126607566
1"
#126626084
0"
#126644602
1"
#126663120
0"
#126681638
1"
#126700156
0"
#126718674
1"
#126737192
0"
#126755710
1"
#126774228
0"
#126792746
1"
#126811264
0"
#126829782
1"
#126848300
0"
#126866818
1"
#126885336
0"
#126903854
1"
#126922372
0"
#126940890
1"
#126959408
0"
#126977926
1"
#126996444
0"
#127014962
1"
#127033480
0"
#127051998
1"
#127070516
0"
#127089034
1"
#127107552
0"
#127126070
1"
#127144588
0"
#127163106
1"
#127181624
0"
#127200142
1"
#127218660
0"
#127237178
1"
#127255696
0"
#127274214
1"
#127292732
0"
#127311250
1"
#127329768
0"
#127348286
1"
#127366804
0"
#127385322
1"
#127403840
0"
#127422358
1"
#127440876
0"
#127459394
1"
#127477912
0"
#127496430
1"
#127514948
0"
#127533466
1"
#127551984
0"
#127570502
1"
#127589020
0"
#127607538
1"
#127626056
0"
#127644574
1"
#127663092
0"
#127681610
1"
#127700128
0"
#127718646
1"
#127737164
0"
#127755682
1"
#127774200
0"
#127792718
1"
#127811236
0"
#127829754
1"
#127848272
0"
#127866790
1"
#127885308
0"
#127903826
1"
#127922344
0"
#127940862
1"
#127959380
0"
#127977898
1"
#127996416
0"
#128014934
1"
#128033452
0"
#128051970
1"
#128070488
0"
#128089006
1"
#128107524
0"
#128126042
1"
#128144560
0"
#128163078
1"
#128181596
0"
#128200114
1"
#128218632
0"
#128237150
1"
#128255668
0"
#128274186
1"
#128292704
0"
#128311222
1"
#128329740
0"
#128348258
1"
#128366776
0"
#128385294
1"
#128403812
0"
#128422330
1"
#128440848
0"
#128459366
1"
#128477884
0"
#128496402
1"
#128514920
0"
#128533438
1"
#128551956
0"
#128570474
1"
#128588992
0"
#128607510
1"
#128626028
0"
#128644546
1"
#128663064
0"
#128681582
1"
#128700100
0"
#128718618
1"
#128737136
0"
#128755654
1"
#128774172
0"
#128792690
1"
#128811208
0"
#128829726
1"
#128848244
0"
#128866762
1"
#128885280
0"
#128903798
1"
#128922316
0"
#128940834
1"
#128959352
0"
#128977870
1"
#128996388
0"
#129014906
1"
#129033424
0"
#129051942
1"
#129070460
0"
#129088978
1"
#129107496
0"
#129126014
1"
#129144532
0"
#129163050
1"
#129181568
0"
#129200086
1"
#129218604
0"
#129237122
1"
#129255640
0"
#129274158
1"
#129292676
0"
#129311194
1"
#129329712
0"
#129348230
1"
#129366748
0"
#129385266
1"
#129403784
0"
#129422302
1"
#129440820
0"
#129459338
1"
#129477856
0"
#129496374
1"
#129514892
0"
#129533410
1"
#129551928
0"
#129570446
1"
#129588964
0"
#129607482
1"
#129626000
0"
#129644518
1"
#129663036
0"
#129681554
1"
#129700072
0"
#129718590
1"
#129737108
0"
#129755626
1"
#129774144
0"
#129792662
1"
#129811180
0"
#129829698
1"
#129848216
0"
#129866734
1"
#129885252
0"
#129903770
1"
#129922288
0"
#129940806
1"
#129959324
0"
#129977842
1"
#129996360
0"
#130014878
1"
#130033396
0"
#130051914
1"
#130070432
0"
#130088950
1"
#130107468
0"
#130125986
1"
#130144504
0"
#130163022
1"
#130181540
0"
#130200058
1"
#130218576
0"
#130237094
1"
#130255612
0"
#130274130
1"
#130292648
0"
#130311166
1"
#130329684
0"
#130348202
1"
#130366720
0"
#130385238
1"
#130403756
0"
#130422274
1"
#130440792
0"
#130459310
1"
#130477828
0"
#130496346
1"
#130514864
0"
#130533382
1"
#130551900
0"
#130570418
1"
#130588936
0"
#130607454
1"
#130625972
0"
#130644490
1"
#130663008
0"
#130681526
1"
#130700044
0"
#130718562
1"
#130737080
0"
#130755598
1"
#130774116
0"
#130792634
1"
#130811152
0"
#130829670
1"
#130848188
0"
#130866706
1"
#130885224
0"
#130903742
1"
#130922260
0"
#130940778
1"
#130959296
0"
#130977814
1"
#130996332
0"
#131014850
1"
#131033368
0"
#131051886
1"
#131070404
0"
#131088922
1"
#131107440
0"
#131125958
1"
#131144476
0"
#131162994
1"
#131181512
0"
#131200030
1"
#131218548
0"
#131237066
1"
#131255584
0"
#131274102
1"
#131292620
0"
#131311138
1"
#131329656
0"
#131348174
1"
#131366692
0"
#131385210
1"
#131403728
0"
#131422246
1"
#131440764
0"
#131459282
1"
#131477800
0"
#131496318
1"
#131514836
0"
#131533354
1"
#131551872
0"
#131570390
1"
#131588908
0"
#131607426
1"
#131625944
0"
#131644462
1"
#131662980
0"
#131681498
1"
#131700016
0"
#131718534
1"
#131737052
0"
#131755570
1"
#131774088
0"
#131792606
1"
#131811124
0"
#131829642
1"
#131848160
0"
#131866678
1"
#131885196
0"
#131903714
1"
#131922232
0"
#131940750
1"
#131959268
0"
#131977786
1"
#131996304
0"
#132014822
1"
#132033340
0"
#132051858
1"
#132070376
0"
#132088894
1"
#132107412
0"
#132125930
1"
#132144448
0"
#132162966
1"
#132181484
0"
#132200002
1"
#132218520
0"
#132237038
1"
#132255556
0"
#132274074
1"
#132292592
0"
#132311110
1"
#132329628
0"
#132348146
1"
#132366664
0"
#132385182
1"
#132403700
0"
#132422218
1"
#132440736
0"
#132459254
1"
#132477772
0"
#132496290
1"
#132514808
0"
#132533326
1"
#132551844
0"
#132570362
1"
#132588880
0"
#132607398
1"
#132625916
0"
#132644434
1"
#132662952
0"
#132681470
1"
#132699988
0"
#132718506
1"
#132737024
0"
#132755542
1"
#132774060
0"
#132792578
1"
#132811096
0"
#132829614
1"
#132848132
0"
#132866650
1"
#132885168
0"
#132903686
1"
#132922204
0"
#132940722
1"
#132959240
0"
#132977758
1"
#132996276
0"
#133014794
1"
#133033312
0"
#133051830
1"
#133070348
0"
#133088866
1"
#133107384
0"
#133125902
1"
#133144420
0"
#133162938
1"
#133181456
0"
#133199974
1"
#133218492
0"
#133237010
1"
#133255528
0"
#133274046
1"
#133292564
0"
#133311082
1"
#133329600
0"
#133348118
1"
#133366636
0"
#133385154
1"
#133403672
0"
#133422190
1"
#133440708
0"
#133459226
1"
#133477744
0"
#133496262
1"
#133514780
0"
#133533298
1"
#133551816
0"
#133570334
1"
#133588852
0"
#133607370
1"
#133625888
0"
#133644406
1"
#133662924
0"
#133681442
1"
#133699960
0"
#133718478
1"
#133736996
0"
#133755514
1"
#133774032
0"
#133792550
1"
#133811068
0"
#133829586
1"
#133848104
0"
#133866622
1"
#133885140
0"
#133903658
1"
#133922176
0"
#133940694
1"
#133959212
0"
#133977730
1"
#133996248
0"
#134014766
1"
#134033284
0"
#134051802
1"
#134070320
0"
#134088838
1"
#134107356
0"
#134125874
1"
#134144392
0"
#134162910
1"
#134181428
0"
#134199946
1"
#134218464
0"
#134236982
1"
#134255500
0"
#134274018
1"
#134292536
0"
#134311054
1"
#134329572
0"
#134348090
1"
#134366608
0"
#134385126
1"
#134403644
0"
#134422162
1"
#134440680
0"
#134459198
1"
#134477716
0"
#134496234
1"
#134514752
0"
#134533270
1"
#134551788
0"
#134570306
1"
#134588824
0"
#134607342
1"
#134625860
0"
#134644378
1"
#134662896
0"
#134681414
1"
#134699932
0"
#134718450
1"
#134736968
0"
#134755486
1"
#134774004
0"
#134792522
1"
#134811040
0"
#134829558
1"
#134848076
0"
#134866594
1"
#134885112
0"
#134903630
1"
#134922148
0"
#134940666
1"
#134959184
0"
#134977702
1"
#134996220
0"
#135014738
1"
#135033256
0"
#135051774
1"
#135070292
0"
#135088810
1"
#135107328
0"
#135125846
1"
#135144364
0"
#135162882
1"
#135181400
0"
#135199918
1"
#135218436
0"
#135236954
1"
#135255472
0"
#135273990
1"
#135292508
0"
#135311026
1"
#135329544
0"
#135348062
1"
#135366580
0"
#135385098
1"
#135403616
0"
#135422134
1"
#135440652
0"
#135459170
1"
#135477688
0"
#135496206
1"
#135514724
0"
#135533242
1"
#135551760
0"
#135570278
1"
#135588796
0"
#135607314
1"
#135625832
0"
#135644350
1"
#135662868
0"
#135681386
1"
#135699904
0"
#135718422
1"
#135736940
0"
#135755458
1"
#135773976
0"
#135792494
1"
#135811012
0"
#135829530
1"
#135848048
0"
#135866566
1"
#135885084
0"
#135903602
1"
#135922120
0"
#135940638
1"
#135959156
0"
#135977674
1"
#135996192
0"
#136014710
1"
#136033228
0"
#136051746
1"
#136070264
0"
#136088782
1"
#136107300
0"
#136125818
1"
#136144336
0"
#136162854
1"
#136181372
0"
#136199890
1"
#136218408
0"
#136236926
1"
#136255444
0"
#136273962
1"
#136292480
0"
#136310998
1"
#136329516
0"
#136348034
1"
#136366552
0"
#136385070
1"
#136403588
0"
#136422106
1"
#136440624
0"
#136459142
1"
#136477660
0"
#136496178
1"
#136514696
0"
#136533214
1"
#136551732
0"
#136570250
1"
#136588768
0"
#136607286
1"
#136625804
0"
#136644322
1"
#136662840
0"
#136681358
1"
#136699876
0"
#136718394
1"
#136736912
0"
#136755430
1"
#136773948
0"
#136792466
1"
#136810984
0"
#136829502
1"
#136848020
0"
#136866538
1"
#136885056
0"
#136903574
1"
#136922092
0"
#136940610
1"
#136959128
0"
#136977646
1"
#136996164
0"
#137014682
1"
#137033200
0"
#137051718
1"
#137070236
0"
#137088754
1"
#137107272
0"
#137125790
1"
#137144308
0"
#137162826
1"
#137181344
0"
#137199862
1"
#137218380
0"
#137236898
1"
#137255416
0"
#137273934
1"
#137292452
0"
#137310970
1"
#137329488
0"
#137348006
1"
#137366524
0"
#137385042
1"
#137403560
0"
#137422078
1"
#137440596
0"
#137459114
1"
#137477632
0"
#137496150
1"
#137514668
0"
#137533186
1"
#137551704
0"
#137570222
1"
#137588740
0"
#137607258
1"
#137625776
0"
#137644294
1"
#137662812
0"
#137681330
1"
#137699848
0"
#137718366
1"
#137736884
0"
#137755402
1"
#137773920
0"
#137792438
1"
#137810956
0"
#137829474
1"
#137847992
0"
#137866510
1"
#137885028
0"
#137903546
1"
#137922064
0"
#137940582
1"
#137959100
0"
#137977618
1"
#137996136
0"
#138014654
1"
#138033172
0"
#138051690
1"
#138070208
0"
#138088726
1"
#138107244
0"
#138125762
1"
#138144280
0"
#138162798
1"
#138181316
0"
#138199834
1"
#138218352
0"
#138236870
1"
#138255388
0"
#138273906
1"
#138292424
0"
#138310942
1"
#138329460
0"
#138347978
1"
#138366496
0"
#138385014
1"
#138403532
0"
#138422050
1"
#138440568
0"
#138459086
1"
#138477604
0"
#138496122
1"
#138514640
0"
#138533158
1"
#138551676
0"
#138570194
1"
#138588712
0"
#138607230
1"
#138625748
0"
#138644266
1"
#138662784
0"
#138681302
1"
#138699820
0"
#138718338
1"
#138736856
0"
#138755374
1"
#138773892
0"
#138792410
1"
#138810928
0"
#138829446
1"
#138847964
0"
#138866482
1"
#138885000
0"
#138903518
1"
#138922036
0"
#138940554
1"
#138959072
0"
#138977590
1"
#138996108
0"
#139014626
1"
#139033144
0"
#139051662
1"
#139070180
0"
#139088698
1"
#139107216
0"
#139125734
1"
#139144252
0"
#139162770
1"
#139181288
0"
#139199806
1"
#139218324
0"
#139236842
1"
#139255360
0"
#139273878
1"
#139292396
0"
#139310914
1"
#139329432
0"
#139347950
1"
#139366468
0"
#139384986
1"
#139403504
0"
#139422022
1"
#139440540
0"
#139459058
1"
#139477576
0"
#139496094
1"
#139514612
0"
#139533130
1"
#139551648
0"
#139570166
1"
#139588684
0"
#139607202
1"
#139625720
0"
#139644238
1"
#139662756
0"
#139681274
1"
#139699792
0"
#139718310
1"
#139736828
0"
#139755346
1"
#139773864
0"
#139792382
1"
#139810900
0"
#139829418
1"
#139847936
0"
#139866454
1"
#139884972
0"
#139903490
1"
#139922008
0"
#139940526
1"
#139959044
0"
#139977562
1"
#139996080
0"
#140014598
1"
#140033116
0"
#140051634
1"
#140070152
0"
#140088670
1"
#140107188
0"
#140125706
1"
#140144224
0"
#140162742
1"
#140181260
0"
#140199778
1"
#140218296
0"
#140236814
1"
#140255332
0"
#140273850
1"
#140292368
0"
#140310886
1"
#140329404
0"
#140347922
1"
#140366440
0"
#140384958
1"
#140403476
0"
#140421994
1"
#140440512
0"
#140459030
1"
#140477548
0"
#140496066
1"
#140514584
0"
#140533102
1"
#140551620
0"
#140570138
1"
#140588656
0"
#140607174
1"
#140625692
0"
#140644210
1"
#140662728
0"
#140681246
1"
#140699764
0"
#140718282
1"
#140736800
0"
#140755318
1"
#140773836
0"
#140792354
1"
#140810872
0"
#140829390
1"
#140847908
0"
#140866426
1"
#140884944
0"
#140903462
1"
#140921980
0"
#140940498
1"
#140959016
0"
#140977534
1"
#140996052
0"
#141014570
1"
#141033088
0"
#141051606
1"
#141070124
0"
#141088642
1"
#141107160
0"
#141125678
1"
#141144196
0"
#141162714
1"
#141181232
0"
#141199750
1"
#141218268
0"
#141236786
1"
#141255304
0"
#141273822
1"
#141292340
0"
#141310858
1"
#141329376
0"
#141347894
1"
#141366412
0"
#141384930
1"
#141403448
0"
#141421966
1"
#141440484
0"
#141459002
1"
#141477520
0"
#141496038
1"
#141514556
0"
#141533074
1"
#141551592
0"
#141570110
1"
#141588628
0"
#141607146
1"
#141625664
0"
#141644182
1"
#141662700
0"
#141681218
1"
#141699736
0"
#141718254
1"
#141736772
0"
#141755290
1"
#141773808
0"
#141792326
1"
#141810844
0"
#141829362
1"
#141847880
0"
#141866398
1"
#141884916
0"
#141903434
1"
#141921952
0"
#141940470
1"
#141958988
0"
#141977506
1"
#141996024
0"
#142014542
1"
#142033060
0"
#142051578
1"
#142070096
0"
#142088614
1"
#142107132
0"
#142125650
1"
#142144168
0"
#142162686
1"
#142181204
0"
#142199722
1"
#142218240
0"
#142236758
1"
#142255276
0"
#142273794
1"
#142292312
0"
#142310830
1"
#142329348
0"
#142347866
1"
#142366384
0"
#142384902
1"
#142403420
0"
#142421938
1"
#142440456
0"
#142458974
1"
#142477492
0"
#142496010
1"
#142514528
0"
#142533046
1"
#142551564
0"
#142570082
1"
#142588600
0"
#142607118
1"
#142625636
0"
#142644154
1"
#142662672
0"
#142681190
1"
#142699708
0"
#142718226
1"
#142736744
0"
#142755262
1"
#142773780
0"
#142792298
1"
#142810816
0"
#142829334
1"
#142847852
0"
#142866370
1"
#142884888
0"
#142903406
1"
#142921924
0"
#142940442
1"
#142958960
0"
#142977478
1"
#142995996
0"
#143014514
1"
#143033032
0"
#143051550
1"
#143070068
0"
#143088586
1"
#143107104
0"
#143125622
1"
#143144140
0"
#143162658
1"
#143181176
0"
#143199694
1"
#143218212
0"
#143236730
1"
#143255248
0"
#143273766
1"
#143292284
0"
#143310802
1"
#143329320
0"
#143347838
1"
#143366356
0"
#143384874
1"
#143403392
0"
#143421910
1"
#143440428
0"
#143458946
1"
#143477464
0"
#143495982
1"
#143514500
0"
#143533018
1"
#143551536
0"
#143570054
1"
#143588572
0"
#143607090
1"
#143625608
0"
#143644126
1"
#143662644
0"
#143681162
1"
#143699680
0"
#143718198
1"
#143736716
0"
#143755234
1"
#143773752
0"
#143792270
1"
#143810788
0"
#143829306
1"
#143847824
0"
#143866342
1"
#143884860
0"
#143903378
1"
#143921896
0"
#143940414
1"
#143958932
0"
#143977450
1"
#143995968
0"
#144014486
1"
#144033004
0"
#144051522
1"
#144070040
0"
#144088558
1"
#144107076
0"
#144125594
1"
#144144112
0"
#144162630
1"
#144181148
0"
#144199666
1"
#144218184
0"
#144236702
1"
#144255220
0"
#144273738
1"
#144292256
0"
#144310774
1"
#144329292
0"
#144347810
1"
#144366328
0"
#144384846
1"
#144403364
0"
#144421882
1"
#144440400
0"
#144458918
1"
#144477436
0"
#144495954
1"
#144514472
0"
#144532990
1"
#144551508
0"
#144570026
1"
#144588544
0"
#144607062
1"
#144625580
0"
#144644098
1"
#144662616
0"
#144681134
1"
#144699652
0"
#144718170
1"
#144736688
0"
#144755206
1"
#144773724
0"
#144792242
1"
#144810760
0"
#144829278
1"
#144847796
0"
#144866314
1"
#144884832
0"
#144903350
1"
#144921868
0"
#144940386
1"
#144958904
0"
#144977422
1"
#144995940
0"
#145014458
1"
#145032976
0"
#145051494
1"
#145070012
0"
#145088530
1"
#145107048
0"
#145125566
1"
#145144084
0"
#145162602
1"
#145181120
0"
#145199638
1"
#145218156
0"
#145236674
1"
#145255192
0"
#145273710
1"
#145292228
0"
#145310746
1"
#145329264
0"
#145347782
1"
#145366300
0"
#145384818
1"
#145403336
0"
#145421854
1"
#145440372
0"
#145458890
1"
#145477408
0"
#145495926
1"
#145514444
0"
#145532962
1"
#145551480
0"
#145569998
1"
#145588516
0"
#145607034
1"
#145625552
0"
#145644070
1"
#145662588
0"
#145681106
1"
#145699624
0"
#145718142
1"
#145736660
0"
#145755178
1"
#145773696
0"
#145792214
1"
#145810732
0"
#145829250
1"
#145847768
0"
#145866286
1"
#145884804
0"
#145903322
1"
#145921840
0"
#145940358
1"
#145958876
0"
#145977394
1"
#145995912
0"
#146014430
1"
#146032948
0"
#146051466
1"
#146069984
0"
#146088502
1"
#146107020
0"
#146125538
1"
#146144056
0"
#146162574
1"
#146181092
0"
#146199610
1"
#146218128
0"
#146236646
1"
#146255164
0"
#146273682
1"
#146292200
0"
#146310718
1"
#146329236
0"
#146347754
1"
#146366272
0"
#146384790
1"
#146403308
0"
#146421826
1"
#146440344
0"
#146458862
1"
#146477380
0"
#146495898
1"
#146514416
0"
#146532934
1"
#146551452
0"
#146569970
1"
#146588488
0"
#146607006
1"
#146625524
0"
#146644042
1"
#146662560
0"
#146681078
1"
#146699596
0"
#146718114
1"
#146736632
0"
#146755150
1"
#146773668
0"
#146792186
1"
#146810704
0"
#146829222
1"
#146847740
0"
#146866258
1"
#146884776
0"
#146903294
1"
#146921812
0"
#146940330
1"
#146958848
0"
#146977366
1"
#146995884
0"
#147014402
1"
#147032920
0"
#147051438
1"
#147069956
0"
#147088474
1"
#147106992
0"
#147125510
1"
#147144028
0"
#147162546
1"
#147181064
0"
#147199582
1"
#147218100
0"
#147236618
1"
#147255136
0"
#147273654
1"
#147292172
0"
#147310690
1"
#147329208
0"
#147347726
1"
#147366244
0"
#147384762
1"
#147403280
0"
#147421798
1"
#147440316
0"
#147458834
1"
#147477352
0"
#147495870
1"
#147514388
0"
#147532906
1"
#147551424
0"
#147569942
1"
#147588460
0"
#147606978
1"
#147625496
0"
#147644014
1"
#147662532
0"
#147681050
1"
#147699568
0"
#147718086
1"
#147736604
0"
#147755122
1"
#147773640
0"
#147792158
1"
#147810676
0"
#147829194
1"
#147847712
0"
#147866230
1"
#147884748
0"
#147903266
1"
#147921784
0"
#147940302
1"
#147958820
0"
#147977338
1"
#147995856
0"
#148014374
1"
#148032892
0"
#148051410
1"
#148069928
0"
#148088446
1"
#148106964
0"
#148125482
1"
#148144000
0"
#148162518
1"
#148181036
0"
#148199554
1"
#148218072
0"
#148236590
1"
#148255108
0"
#148273626
1"
#148292144
0"
#148310662
1"
#148329180
0"
#148347698
1"
#148366216
0"
#148384734
1"
#148403252
0"
#148421770
1"
#148440288
0"
#148458806
1"
#148477324
0"
#148495842
1"
#148514360
0"
#148532878
1"
#148551396
0"
#148569914
1"
#148588432
0"
#148606950
1"
#148625468
0"
#148643986
1"
#148662504
0"
#148681022
1"
#148699540
0"
#148718058
1"
#148736576
0"
#148755094
1"
#148773612
0"
#148792130
1"
#148810648
0"
#148829166
1"
#148847684
0"
#148866202
1"
#148884720
0"
#148903238
1"
#148921756
0"
#148940274
1"
#148958792
0"
#148977310
1"
#148995828
0"
#149014346
1"
#149032864
0"
#149051382
1"
#149069900
0"
#149088418
1"
#149106936
0"
#149125454
1"
#149143972
0"
#149162490
1"
#149181008
0"
#149199526
1"
#149218044
0"
#149236562
1"
#149255080
0"
#149273598
1"
#149292116
0"
#149310634
1"
#149329152
0"
#149347670
1"
#149366188
0"
#149384706
1"
#149403224
0"
#149421742
1"
#149440260
0"
#149458778
1"
#149477296
0"
#149495814
1"
#149514332
0"
#149532850
1"
#149551368
0"
#149569886
1"
#149588404
0"
#149606922
1"
#149625440
0"
#149643958
1"
#149662476
0"
#149680994
1"
#149699512
0"
#149718030
1"
#149736548
0"
#149755066
1"
#149773584
0"
#149792102
1"
#149810620
0"
#149829138
1"
#149847656
0"
#149866174
1"
#149884692
0"
#149903210
1"
#149921728
0"
#149940246
1"
#149958764
0"
#149977282
1"
#149995800
0"
#150014318
1"
#150032836
0"
#150051354
1"
#150069872
0"
#150088390
1"
#150106908
0"
#150125426
1"
#150143944
0"
#150162462
1"
#150180980
0"
#150199498
1"
#150218016
0"
#150236534
1"
#150255052
0"
#150273570
1"
#150292088
0"
#150310606
1"
#150329124
0"
#150347642
1"
#150366160
0"
#150384678
1"
#150403196
0"
#150421714
1"
#150440232
0"
#150458750
1"
#150477268
0"
#150495786
1"
#150514304
0"
#150532822
1"
#150551340
0"
#150569858
1"
#150588376
0"
#150606894
1"
#150625412
0"
#150643930
1"
#150662448
0"
#150680966
1"
#150699484
0"
#150718002
1"
#150736520
0"
#150755038
1"
#150773556
0"
#150792074
1"
#150810592
0"
#150829110
1"
#150847628
0"
#150866146
1"
#150884664
0"
#150903182
1"
#150921700
0"
#150940218
1"
#150958736
0"
#150977254
1"
#150995772
0"
#151014290
1"
#151032808
0"
#151051326
1"
#151069844
0"
#151088362
1"
#151106880
0"
#151125398
1"
#151143916
0"
#151162434
1"
#151180952
0"
#151199470
1"
#151217988
0"
#151236506
1"
#151255024
0"
#151273542
1"
#151292060
0"
#151310578
1"
#151329096
0"
#151347614
1"
#151366132
0"
#151384650
1"
#151403168
0"
#151421686
1"
#151440204
0"
#151458722
1"
#151477240
0"
#151495758
1"
#151514276
0"
#151532794
1"
#151551312
0"
#151569830
1"
#151588348
0"
#151606866
1"
#151625384
0"
#151643902
1"
#151662420
0"
#151680938
1"
#151699456
0"
#151717974
1"
#151736492
0"
#151755010
1"
#151773528
0"
#151792046
1"
#151810564
0"
#151829082
1"
#151847600
0"
#151866118
1"
#151884636
0"
#151903154
1"
#151921672
0"
#151940190
1"
#151958708
0"
#151977226
1"
#151995744
0"
#152014262
1"
#152032780
0"
#152051298
1"
#152069816
0"
#152088334
1"
#152106852
0"
#152125370
1"
#152143888
0"
#152162406
1"
#152180924
0"
#152199442
1"
#152217960
0"
#152236478
1"
#152254996
0"
#152273514
1"
#152292032
0"
#152310550
1"
#152329068
0"
#152347586
1"
#152366104
0"
#152384622
1"
#152403140
0"
#152421658
1"
#152440176
0"
#152458694
1"
#152477212
0"
#152495730
1"
#152514248
0"
#152532766
1"
#152551284
0"
#152569802
1"
#152588320
0"
#152606838
1"
#152625356
0"
#152643874
1"
#152662392
0"
#152680910
1"
#152699428
0"
#152717946
1"
#152736464
0"
#152754982
1"
#152773500
0"
#152792018
1"
#152810536
0"
#152829054
1"
#152847572
0"
#152866090
1"
#152884608
0"
#152903126
1"
#152921644
0"
#152940162
1"
#152958680
0"
#152977198
1"
#152995716
0"
#153014234
1"
#153032752
0"
#153051270
1"
#153069788
0"
#153088306
1"
#153106824
0"
#153125342
1"
#153143860
0"
#153162378
1"
#153180896
0"
#153199414
1"
#153217932
0"
#153236450
1"
#153254968
0"
#153273486
1"
#153292004
0"
#153310522
1"
#153329040
0"
#153347558
1"
#153366076
0"
#153384594
1"
#153403112
0"
#153421630
1"
#153440148
0"
#153458666
1"
#153477184
0"
#153495702
1"
#153514220
0"
#153532738
1"
#153551256
0"
#153569774
1"
#153588292
0"
#153606810
1"
#153625328
0"
#153643846
1"
#153662364
0"
#153680882
1"
#153699400
0"
#153717918
1"
#153736436
0"
#153754954
1"
#153773472
0"
#153791990
1"
#153810508
0"
#153829026
1"
#153847544
0"
#153866062
1"
#153884580
0"
#153903098
1"
#153921616
0"
#153940134
1"
#153958652
0"
#153977170
1"
#153995688
0"
#154014206
1"
#154032724
0"
#154051242
1"
#154069760
0"
#154088278
1"
#154106796
0"
#154125314
1"
#154143832
0"
#154162350
1"
#154180868
0"
#154199386
1"
#154217904
0"
#154236422
1"
#154254940
0"
#154273458
1"
#154291976
0"
#154310494
1"
#154329012
0"
#154347530
1"
#154366048
0"
#154384566
1"
#154403084
0"
#154421602
1"
#154440120
0"
#154458638
1"
#154477156
0"
#154495674
1"
#154514192
0"
#154532710
1"
#154551228
0"
#154569746
1"
#154588264
0"
#154606782
1"
#154625300
0"
#154643818
1"
#154662336
0"
#154680854
1"
#154699372
0"
#154717890
1"
#154736408
0"
#154754926
1"
#154773444
0"
#154791962
1"
#154810480
0"
#154828998
1"
#154847516
0"
#154866034
1"
#154884552
0"
#154903070
1"
#154921588
0"
#154940106
1"
#154958624
0"
#154977142
1"
#154995660
0"
#155014178
1"
#155032696
0"
#155051214
1"
#155069732
0"
#155088250
1"
#155106768
0"
#155125286
1"
#155143804
0"
#155162322
1"
#155180840
0"
#155199358
1"
#155217876
0"
#155236394
1"
#155254912
0"
#155273430
1"
#155291948
0"
#155310466
1"
#155328984
0"
#155347502
1"
#155366020
0"
#155384538
1"
#155403056
0"
#155421574
1"
#155440092
0"
#155458610
1"
#155477128
0"
#155495646
1"
#155514164
0"
#155532682
1"
#155551200
0"
#155569718
1"
#155588236
0"
#155606754
1"
#155625272
0"
#155643790
1"
#155662308
0"
#155680826
1"
#155699344
0"
#155717862
1"
#155736380
0"
#155754898
1"
#155773416
0"
#155791934
1"
#155810452
0"
#155828970
1"
#155847488
0"
#155866006
1"
#155884524
0"
#155903042
1"
#155921560
0"
#155940078
1"
#155958596
0"
#155977114
1"
#155995632
0"
#156014150
1"
#156032668
0"
#156051186
1"
#156069704
0"
#156088222
1"
#156106740
0"
#156125258
1"
#156143776
0"
#156162294
1"
#156180812
0"
#156199330
1"
#156217848
0"
#156236366
1"
#156254884
0"
#156273402
1"
#156291920
0"
#156310438
1"
#156328956
0"
#156347474
1"
#156365992
0"
#156384510
1"
#156403028
0"
#156421546
1"
#156440064
0"
#156458582
1"
#156477100
0"
#156495618
1"
#156514136
0"
#156532654
1"
#156551172
0"
#156569690
1"
#156588208
0"
#156606726
1"
#156625244
0"
#156643762
1"
#156662280
0"
#156680798
1"
#156699316
0"
#156717834
1"
#156736352
0"
#156754870
1"
#156773388
0"
#156791906
1"
#156810424
0"
#156828942
1"
#156847460
0"
#156865978
1"
#156884496
0"
#156900000
0$
b1000001 /
#156903014
0-
1"
#156921532
0"
#156940050
0.
1"
#156958568
0"
#156977086
b1 ,
1"
#156995604
0"
#157014122
b1 (
1"
#157032640
0"
#157051158
b10 (
1"
#157069676
0"
#157088194
b11 (
1"
#157106712
0"
#157125230
b100 (
1"
#157143748
0"
#157162266
b101 (
1"
#157180784
0"
#157199302
b110 (
1"
#157217820
0"
#157236338
b111 (
1"
#157254856
0"
#157273374
b1000 (
1"
#157291892
0"
#157310410
b1001 (
1"
#157328928
0"
#157347446
b1010 (
1"
#157365964
0"
#157384482
b1011 (
1"
#157403000
0"
#157421518
b1100 (
1"
#157440036
0"
#157458554
b1101 (
1"
#157477072
0"
#157495590
b1110 (
1"
#157514108
0"
#157532626
b1111 (
1"
#157551144
0"
#157569662
b10000 (
1"
#157588180
0"
#157606698
b10001 (
1"
#157625216
0"
#157643734
b10010 (
1"
#157662252
0"
#157680770
b10011 (
1"
#157699288
0"
#157717806
b10100 (
1"
#157736324
0"
#157754842
b10101 (
1"
#157773360
0"
#157791878
b10110 (
1"
#157810396
0"
#157828914
b10111 (
1"
#157847432
0"
#157865950
b11000 (
1"
#157884468
0"
#157902986
b11001 (
1"
#157921504
0"
#157940022
b11010 (
1"
#157958540
0"
#157977058
b11011 (
1"
#157995576
0"
#158014094
b11100 (
1"
#158032612
0"
#158051130
b11101 (
1"
#158069648
0"
#158088166
b11110 (
1"
#158106684
0"
#158125202
b11111 (
1"
#158143720
0"
#158162238
b100000 (
1"
#158180756
0"
#158199274
b100001 (
1"
#158217792
0"
#158236310
b100010 (
1"
#158254828
0"
#158273346
b100011 (
1"
#158291864
0"
#158310382
b100100 (
1"
#158328900
0"
#158347418
b100101 (
1"
#158365936
0"
#158384454
b100110 (
1"
#158402972
0"
#158421490
b100111 (
1"
#158440008
0"
#158458526
b101000 (
1"
#158477044
0"
#158495562
b101001 (
1"
#158514080
0"
#158532598
b101010 (
1"
#158551116
0"
#158569634
b101011 (
1"
#158588152
0"
#158606670
b101100 (
1"
#158625188
0"
#158643706
b101101 (
1"
#158662224
0"
#158680742
b101110 (
1"
#158699260
0"
#158717778
b101111 (
1"
#158736296
0"
#158754814
b110000 (
1"
#158773332
0"
#158791850
b110001 (
1"
#158810368
0"
#158828886
b110010 (
1"
#158847404
0"
#158865922
b110011 (
1"
#158884440
0"
#158902958
b110100 (
1"
#158921476
0"
#158939994
b110101 (
1"
#158958512
0"
#158977030
b110110 (
1"
#158995548
0"
#159014066
b110111 (
1"
#159032584
0"
#159051102
b111000 (
1"
#159069620
0"
#159088138
b111001 (
1"
#159106656
0"
#159125174
b111010 (
1"
#159143692
0"
#159162210
b111011 (
1"
#159180728
0"
#159199246
b111100 (
1"
#159217764
0"
#159236282
b111101 (
1"
#159254800
0"
#159273318
b111110 (
1"
#159291836
0"
#159310354
b111111 (
1"
#159328872
0"
#159347390
b1000000 (
1"
#159365908
0"
#159384426
b1000001 (
1"
#159402944
0"
#159421462
b1000010 (
1"
#159439980
0"
#159458498
b1000011 (
1"
#159477016
0"
#159495534
b1000100 (
1"
#159514052
0"
#159532570
b1000101 (
1"
#159551088
0"
#159569606
b1000110 (
1"
#159588124
0"
#159606642
b1000111 (
1"
#159625160
0"
#159643678
b1001000 (
1"
#159662196
0"
#159680714
b1001001 (
1"
#159699232
0"
#159717750
b1001010 (
1"
#159736268
0"
#159754786
b1001011 (
1"
#159773304
0"
#159791822
b1001100 (
1"
#159810340
0"
#159828858
b1001101 (
1"
#159847376
0"
#159865894
b1001110 (
1"
#159884412
0"
#159902930
b1001111 (
1"
#159921448
0"
#159939966
b1010000 (
1"
#159958484
0"
#159977002
b1010001 (
1"
#159995520
0"
#160014038
b1010010 (
1"
#160032556
0"
#160051074
b1010011 (
1"
#160069592
0"
#160088110
b1010100 (
1"
#160106628
0"
#160125146
b1010101 (
1"
#160143664
0"
#160162182
b1010110 (
1"
#160180700
0"
#160199218
b1010111 (
1"
#160217736
0"
#160236254
b1011000 (
1"
#160254772
0"
#160273290
b1011001 (
1"
#160291808
0"
#160310326
b1011010 (
1"
#160328844
0"
#160347362
b1011011 (
1"
#160365880
0"
#160384398
b1011100 (
1"
#160402916
0"
#160421434
b1011101 (
1"
#160439952
0"
#160458470
b1011110 (
1"
#160476988
0"
#160495506
b1011111 (
1"
#160514024
0"
#160532542
b1100000 (
1"
#160551060
0"
#160569578
b1100001 (
1"
#160588096
0"
#160606614
b1100010 (
1"
#160625132
0"
#160643650
b1100011 (
1"
#160662168
0"
#160680686
b1100100 (
1"
#160699204
0"
#160717722
b1100101 (
1"
#160736240
0"
#160754758
b1100110 (
1"
#160773276
0"
#160791794
b1100111 (
1"
#160810312
0"
#160828830
b1101000 (
1"
#160847348
0"
#160865866
b1101001 (
1"
#160884384
0"
#160902902
b1101010 (
1"
#160921420
0"
#160939938
b1101011 (
1"
#160958456
0"
#160976974
b1101100 (
1"
#160995492
0"
#161014010
b1101101 (
1"
#161032528
0"
#161051046
b1101110 (
1"
#161069564
0"
#161088082
b1101111 (
1"
#161106600
0"
#161125118
b1110000 (
1"
#161143636
0"
#161162154
b1110001 (
1"
#161180672
0"
#161199190
b1110010 (
1"
#161217708
0"
#161236226
b1110011 (
1"
#161254744
0"
#161273262
b1110100 (
1"
#161291780
0"
#161310298
b10 ,
b0 (
1"
#161328816
0"
#161347334
b1 (
1"
#161365852
0"
#161384370
b10 (
1"
#161402888
0"
#161421406
b11 (
1"
#161439924
0"
#161458442
b100 (
1"
#161476960
0"
#161495478
b101 (
1"
#161513996
0"
#161532514
b110 (
1"
#161551032
0"
#161569550
b111 (
1"
#161588068
0"
#161606586
b1000 (
1"
#161625104
0"
#161643622
b1001 (
1"
#161662140
0"
#161680658
b1010 (
1"
#161699176
0"
#161717694
b1011 (
1"
#161736212
0"
#161754730
b1100 (
1"
#161773248
0"
#161791766
b1101 (
1"
#161810284
0"
#161828802
b1110 (
1"
#161847320
0"
#161865838
b1111 (
1"
#161884356
0"
#161902874
b10000 (
1"
#161921392
0"
#161939910
b10001 (
1"
#161958428
0"
#161976946
b10010 (
1"
#161995464
0"
#162013982
b10011 (
1"
#162032500
0"
#162051018
b10100 (
1"
#162069536
0"
#162088054
b10101 (
1"
#162106572
0"
#162125090
b10110 (
1"
#162143608
0"
#162162126
b10111 (
1"
#162180644
0"
#162199162
b11000 (
1"
#162217680
0"
#162236198
b11001 (
1"
#162254716
0"
#162273234
b11010 (
1"
#162291752
0"
#162310270
b11011 (
1"
#162328788
0"
#162347306
b11100 (
1"
#162365824
0"
#162384342
b11101 (
1"
#162402860
0"
#162421378
b11110 (
1"
#162439896
0"
#162458414
b11111 (
1"
#162476932
0"
#162495450
b100000 (
1"
#162513968
0"
#162532486
b100001 (
1"
#162551004
0"
#162569522
b100010 (
1"
#162588040
0"
#162606558
b100011 (
1"
#162625076
0"
#162643594
b100100 (
1"
#162662112
0"
#162680630
b100101 (
1"
#162699148
0"
#162717666
b100110 (
1"
#162736184
0"
#162754702
b100111 (
1"
#162773220
0"
#162791738
b101000 (
1"
#162810256
0"
#162828774
b101001 (
1"
#162847292
0"
#162865810
b101010 (
1"
#162884328
0"
#162902846
b101011 (
1"
#162921364
0"
#162939882
b101100 (
1"
#162958400
0"
#162976918
b101101 (
1"
#162995436
0"
#163013954
b101110 (
1"
#163032472
0"
#163050990
b101111 (
1"
#163069508
0"
#163088026
b110000 (
1"
#163106544
0"
#163125062
b110001 (
1"
#163143580
0"
#163162098
b110010 (
1"
#163180616
0"
#163199134
b110011 (
1"
#163217652
0"
#163236170
b110100 (
1"
#163254688
0"
#163273206
b110101 (
1"
#163291724
0"
#163310242
b110110 (
1"
#163328760
0"
#163347278
b110111 (
1"
#163365796
0"
#163384314
b111000 (
1"
#163402832
0"
#163421350
b111001 (
1"
#163439868
0"
#163458386
b111010 (
1"
#163476904
0"
#163495422
b111011 (
1"
#163513940
0"
#163532458
b111100 (
1"
#163550976
0"
#163569494
b111101 (
1"
#163588012
0"
#163606530
b111110 (
1"
#163625048
0"
#163643566
b111111 (
1"
#163662084
0"
#163680602
b1000000 (
1"
#163699120
0"
#163717638
b1000001 (
1"
#163736156
0"
#163754674
b1000010 (
1"
#163773192
0"
#163791710
b1000011 (
1"
#163810228
0"
#163828746
b1000100 (
1"
#163847264
0"
#163865782
b1000101 (
1"
#163884300
0"
#163902818
b1000110 (
1"
#163921336
0"
#163939854
b1000111 (
1"
#163958372
0"
#163976890
b1001000 (
1"
#163995408
0"
#164013926
b1001001 (
1"
#164032444
0"
#164050962
b1001010 (
1"
#164069480
0"
#164087998
b1001011 (
1"
#164106516
0"
#164125034
b1001100 (
1"
#164143552
0"
#164162070
b1001101 (
1"
#164180588
0"
#164199106
b1001110 (
1"
#164217624
0"
#164236142
b1001111 (
1"
#164254660
0"
#164273178
b1010000 (
1"
#164291696
0"
#164310214
b1010001 (
1"
#164328732
0"
#164347250
b1010010 (
1"
#164365768
0"
#164384286
b1010011 (
1"
#164402804
0"
#164421322
b1010100 (
1"
#164439840
0"
#164458358
b1010101 (
1"
#164476876
0"
#164495394
b1010110 (
1"
#164513912
0"
#164532430
b1010111 (
1"
#164550948
0"
#164569466
b1011000 (
1"
#164587984
0"
#164606502
b1011001 (
1"
#164625020
0"
#164643538
b1011010 (
1"
#164662056
0"
#164680574
b1011011 (
1"
#164699092
0"
#164717610
b1011100 (
1"
#164736128
0"
#164754646
b1011101 (
1"
#164773164
0"
#164791682
b1011110 (
1"
#164810200
0"
#164828718
b1011111 (
1"
#164847236
0"
#164865754
b1100000 (
1"
#164884272
0"
#164902790
b1100001 (
1"
#164921308
0"
#164939826
b1100010 (
1"
#164958344
0"
#164976862
b1100011 (
1"
#164995380
0"
#165013898
b1100100 (
1"
#165032416
0"
#165050934
b1100101 (
1"
#165069452
0"
#165087970
b1100110 (
1"
#165106488
0"
#165125006
b1100111 (
1"
#165143524
0"
#165162042
b1101000 (
1"
#165180560
0"
#165199078
b1101001 (
1"
#165217596
0"
#165236114
b1101010 (
1"
#165254632
0"
#165273150
b1101011 (
1"
#165291668
0"
#165310186
b1101100 (
1"
#165328704
0"
#165347222
b1101101 (
1"
#165365740
0"
#165384258
b1101110 (
1"
#165402776
0"
#165421294
b1101111 (
1"
#165439812
0"
#165458330
b1110000 (
1"
#165476848
0"
#165495366
b1110001 (
1"
#165513884
0"
#165532402
b1110010 (
1"
#165550920
0"
#165569438
b1110011 (
1"
#165570000
1$
b0 0
#165587956
0"
#165606474
b1110100 (
1-
1"
#165624992
0"
#165643510
b1110101 (
1.
1"
#165662028
0"
#165680546
b1110110 (
1"
#165699064
0"
#165717582
b1110111 (
1"
#165736100
0"
#165754618
b1111000 (
1"
#165773136
0"
#165791654
b1111001 (
1"
#165810172
0"
#165828690
b1111010 (
1"
#165847208
0"
#165865726
b1111011 (
1"
#165884244
0"
#165902762
b1111100 (
1"
#165921280
0"
#165939798
b1111101 (
1"
#165958316
0"
#165976834
b1111110 (
1"
#165995352
0"
#166013870
b1111111 (
1"
#166032388
0"
#166050906
b10000000 (
1"
#166069424
0"
#166087942
b10000001 (
1"
#166106460
0"
#166124978
b10000010 (
1"
#166143496
0"
#166162014
b10000011 (
1"
#166180532
0"
#166199050
b10000100 (
1"
#166217568
0"
#166236086
b10000101 (
1"
#166254604
0"
#166273122
b10000110 (
1"
#166291640
0"
#166310158
b10000111 (
1"
#166328676
0"
#166347194
b10001000 (
1"
#166365712
0"
#166384230
b10001001 (
1"
#166402748
0"
#166421266
b10001010 (
1"
#166439784
0"
#166458302
b10001011 (
1"
#166476820
0"
#166495338
b10001100 (
1"
#166513856
0"
#166532374
b10001101 (
1"
#166550892
0"
#166569410
b10001110 (
1"
#166587928
0"
#166606446
b10001111 (
1"
#166624964
0"
#166643482
b10010000 (
1"
#166662000
0"
#166680518
b10010001 (
1"
#166699036
0"
#166717554
b10010010 (
1"
#166736072
0"
#166754590
b10010011 (
1"
#166773108
0"
#166791626
b10010100 (
1"
#166810144
0"
#166828662
b10010101 (
1"
#166847180
0"
#166865698
b10010110 (
1"
#166884216
0"
#166902734
b10010111 (
1"
#166921252
0"
#166939770
b10011000 (
1"
#166958288
0"
#166976806
b10011001 (
1"
#166995324
0"
#167013842
b10011010 (
1"
#167032360
0"
#167050878
b10011011 (
1"
#167069396
0"
#167087914
b10011100 (
1"
#167106432
0"
#167124950
b10011101 (
1"
#167143468
0"
#167161986
b10011110 (
1"
#167180504
0"
#167199022
b10011111 (
1"
#167217540
0"
#167236058
b10100000 (
1"
#167254576
0"
#167273094
b10100001 (
1"
#167291612
0"
#167310130
b10100010 (
1"
#167328648
0"
#167347166
b10100011 (
1"
#167365684
0"
#167384202
b10100100 (
1"
#167402720
0"
#167421238
b10100101 (
1"
#167439756
0"
#167458274
b10100110 (
1"
#167476792
0"
#167495310
b10100111 (
1"
#167513828
0"
#167532346
b10101000 (
1"
#167550864
0"
#167569382
b10101001 (
1"
#167587900
0"
#167606418
b10101010 (
1"
#167624936
0"
#167643454
b10101011 (
1"
#167661972
0"
#167680490
b10101100 (
1"
#167699008
0"
#167717526
b10101101 (
1"
#167736044
0"
#167754562
b10101110 (
1"
#167773080
0"
#167791598
b10101111 (
1"
#167810116
0"
#167828634
b10110000 (
1"
#167847152
0"
#167865670
b10110001 (
1"
#167884188
0"
#167902706
b10110010 (
1"
#167921224
0"
#167939742
b10110011 (
1"
#167958260
0"
#167976778
b10110100 (
1"
#167995296
0"
#168013814
b10110101 (
1"
#168032332
0"
#168050850
b10110110 (
1"
#168069368
0"
#168087886
b10110111 (
1"
#168106404
0"
#168124922
b10111000 (
1"
#168143440
0"
#168161958
b10111001 (
1"
#168180476
0"
#168198994
b10111010 (
1"
#168217512
0"
#168236030
b10111011 (
1"
#168254548
0"
#168273066
b10111100 (
1"
#168291584
0"
#168310102
b10111101 (
1"
#168328620
0"
#168347138
b10111110 (
1"
#168365656
0"
#168384174
b10111111 (
1"
#168402692
0"
#168421210
b11000000 (
1"
#168439728
0"
#168458246
b11000001 (
1"
#168476764
0"
#168495282
b11000010 (
1"
#168513800
0"
#168532318
b11000011 (
1"
#168550836
0"
#168569354
b11000100 (
1"
#168587872
0"
#168606390
b11000101 (
1"
#168624908
0"
#168643426
b11000110 (
1"
#168661944
0"
#168680462
b11000111 (
1"
#168698980
0"
#168717498
b11001000 (
1"
#168736016
0"
#168754534
b11001001 (
1"
#168773052
0"
#168791570
b11001010 (
1"
#168810088
0"
#168828606
b11001011 (
1"
#168847124
0"
#168865642
b11001100 (
1"
#168884160
0"
#168902678
b11001101 (
1"
#168921196
0"
#168939714
b11001110 (
1"
#168958232
0"
#168976750
b11001111 (
1"
#168995268
0"
#169013786
b11010000 (
1"
#169032304
0"
#169050822
b11010001 (
1"
#169069340
0"
#169087858
b11010010 (
1"
#169106376
0"
#169124894
b11010011 (
1"
#169143412
0"
#169161930
b11010100 (
1"
#169180448
0"
#169198966
b11010101 (
1"
#169217484
0"
#169236002
b11010110 (
1"
#169254520
0"
#169273038
b11010111 (
1"
#169291556
0"
#169310074
b11011000 (
1"
#169328592
0"
#169347110
b11011001 (
1"
#169365628
0"
#169384146
b11011010 (
1"
#169402664
0"
#169421182
b11011011 (
1"
#169439700
0"
#169458218
b11011100 (
1"
#169476736
0"
#169495254
b11011101 (
1"
#169513772
0"
#169532290
b11011110 (
1"
#169550808
0"
#169569326
b11011111 (
1"
#169587844
0"
#169606362
b11100000 (
1"
#169624880
0"
#169643398
b11100001 (
1"
#169661916
0"
#169680434
b11100010 (
1"
#169698952
0"
#169717470
b11100011 (
1"
#169735988
0"
#169754506
b11100100 (
1"
#169773024
0"
#169791542
b11100101 (
1"
#169810060
0"
#169828578
b11100110 (
1"
#169847096
0"
#169865614
b11100111 (
1"
#169884132
0"
#169902650
b11101000 (
1"
#169921168
0"
#169939686
b11101001 (
1"
#169958204
0"
#169976722
b1 )
b0 (
1"
#169995240
0"
#170013758
b1 (
1"
#170032276
0"
#170050794
b10 (
1"
#170069312
0"
#170087830
b11 (
1"
#170106348
0"
#170124866
b100 (
1"
#170143384
0"
#170161902
b101 (
1"
#170180420
0"
#170198938
b110 (
1"
#170217456
0"
#170235974
b111 (
1"
#170254492
0"
#170273010
b1000 (
1"
#170291528
0"
#170310046
b1001 (
1"
#170328564
0"
#170347082
b1010 (
1"
#170365600
0"
#170384118
b1011 (
1"
#170402636
0"
#170421154
b1100 (
1"
#170439672
0"
#170458190
b1101 (
1"
#170476708
0"
#170495226
b1110 (
1"
#170513744
0"
#170532262
b1111 (
1"
#170550780
0"
#170569298
b10000 (
1"
#170587816
0"
#170606334
b10001 (
1"
#170624852
0"
#170643370
b10010 (
1"
#170661888
0"
#170680406
b10011 (
1"
#170698924
0"
#170717442
b10100 (
1"
#170735960
0"
#170754478
b10101 (
1"
#170772996
0"
#170791514
b10110 (
1"
#170810032
0"
#170828550
b10111 (
1"
#170847068
0"
#170865586
b11000 (
1"
#170884104
0"
#170902622
b11001 (
1"
#170921140
0"
#170939658
b11010 (
1"
#170958176
0"
#170976694
b11011 (
1"
#170995212
0"
#171013730
b11100 (
1"
#171032248
0"
#171050766
b11101 (
1"
#171069284
0"
#171087802
b11110 (
1"
#171106320
0"
#171124838
b11111 (
1"
#171143356
0"
#171161874
b100000 (
1"
#171180392
0"
#171198910
b100001 (
1"
#171217428
0"
#171235946
b100010 (
1"
#171254464
0"
#171272982
b100011 (
1"
#171291500
0"
#171310018
b100100 (
1"
#171328536
0"
#171347054
b100101 (
1"
#171365572
0"
#171384090
b100110 (
1"
#171402608
0"
#171421126
b100111 (
1"
#171439644
0"
#171458162
b101000 (
1"
#171476680
0"
#171495198
b101001 (
1"
#171513716
0"
#171532234
b101010 (
1"
#171550752
0"
#171569270
b101011 (
1"
#171587788
0"
#171606306
b101100 (
1"
#171624824
0"
#171643342
b101101 (
1"
#171661860
0"
#171680378
b101110 (
1"
#171698896
0"
#171717414
b101111 (
1"
#171735932
0"
#171754450
b110000 (
1"
#171772968
0"
#171791486
b110001 (
1"
#171810004
0"
#171828522
b110010 (
1"
#171847040
0"
#171865558
b110011 (
1"
#171884076
0"
#171902594
b110100 (
1"
#171921112
0"
#171939630
b110101 (
1"
#171958148
0"
#171976666
b110110 (
1"
#171995184
0"
#172013702
b110111 (
1"
#172032220
0"
#172050738
b111000 (
1"
#172069256
0"
#172087774
b111001 (
1"
#172106292
0"
#172124810
b111010 (
1"
#172143328
0"
#172161846
b111011 (
1"
#172180364
0"
#172198882
b111100 (
1"
#172217400
0"
#172235918
b111101 (
1"
#172254436
0"
#172272954
b111110 (
1"
#172291472
0"
#172309990
b111111 (
1"
#172328508
0"
#172347026
b1000000 (
1"
#172365544
0"
#172384062
b1000001 (
1"
#172402580
0"
#172421098
b1000010 (
1"
#172439616
0"
#172458134
b1000011 (
1"
#172476652
0"
#172495170
b1000100 (
1"
#172513688
0"
#172532206
b1000101 (
1"
#172550724
0"
#172569242
b1000110 (
1"
#172587760
0"
#172606278
b1000111 (
1"
#172624796
0"
#172643314
b1001000 (
1"
#172661832
0"
#172680350
b1001001 (
1"
#172698868
0"
#172717386
b1001010 (
1"
#172735904
0"
#172754422
b1001011 (
1"
#172772940
0"
#172791458
b1001100 (
1"
#172809976
0"
#172828494
b1001101 (
1"
#172847012
0"
#172865530
b1001110 (
1"
#172884048
0"
#172902566
b1001111 (
1"
#172921084
0"
#172939602
b1010000 (
1"
#172958120
0"
#172976638
b1010001 (
1"
#172995156
0"
#173013674
b1010010 (
1"
#173032192
0"
#173050710
b1010011 (
1"
#173069228
0"
#173087746
b1010100 (
1"
#173106264
0"
#173124782
b1010101 (
1"
#173143300
0"
#173161818
b1010110 (
1"
#173180336
0"
#173198854
b1010111 (
1"
#173217372
0"
#173235890
b1011000 (
1"
#173254408
0"
#173272926
b1011001 (
1"
#173291444
0"
#173309962
b1011010 (
1"
#173328480
0"
#173346998
b1011011 (
1"
#173365516
0"
#173384034
b1011100 (
1"
#173402552
0"
#173421070
b1011101 (
1"
#173439588
0"
#173458106
b1011110 (
1"
#173476624
0"
#173495142
b1011111 (
1"
#173513660
0"
#173532178
b1100000 (
1"
#173550696
0"
#173569214
b1100001 (
1"
#173587732
0"
#173606250
b1100010 (
1"
#173624768
0"
#173643286
b1100011 (
1"
#173661804
0"
#173680322
b1100100 (
1"
#173698840
0"
#173717358
b1100101 (
1"
#173735876
0"
#173754394
b1100110 (
1"
#173772912
0"
#173791430
b1100111 (
1"
#173809948
0"
#173828466
b1101000 (
1"
#173846984
0"
#173865502
b1101001 (
1"
#173884020
0"
#173902538
b1101010 (
1"
#173921056
0"
#173939574
b1101011 (
1"
#173958092
0"
#173976610
b1101100 (
1"
#173995128
0"
#174013646
b1101101 (
1"
#174032164
0"
#174050682
b1101110 (
1"
#174069200
0"
#174087718
b1101111 (
1"
#174106236
0"
#174124754
b1110000 (
1"
#174143272
0"
#174161790
b1110001 (
1"
#174180308
0"
#174198826
b1110010 (
1"
#174217344
0"
#174235862
b1110011 (
1"
#174240000
0$
b1 0
#174254380
0"
#174272898
b1110100 (
0-
1"
#174291416
0"
#174309934
b1110101 (
0.
1"
#174328452
0"
#174346970
b1110110 (
1"
#174365488
0"
#174384006
b1110111 (
1"
#174402524
0"
#174421042
b1111000 (
1"
#174439560
0"
#174458078
b1111001 (
1"
#174476596
0"
#174495114
b1111010 (
1"
#174513632
0"
#174532150
b1111011 (
1"
#174550668
0"
#174569186
b1111100 (
1"
#174587704
0"
#174606222
b1111101 (
1"
#174624740
0"
#174643258
b1111110 (
1"
#174661776
0"
#174680294
b1111111 (
1"
#174698812
0"
#174717330
b10000000 (
1"
#174735848
0"
#174754366
b10000001 (
1"
#174772884
0"
#174791402
b10000010 (
1"
#174809920
0"
#174828438
b10000011 (
1"
#174846956
0"
#174865474
b10000100 (
1"
#174883992
0"
#174902510
b10000101 (
1"
#174921028
0"
#174939546
b10000110 (
1"
#174958064
0"
#174976582
b10000111 (
1"
#174995100
0"
#175013618
b10001000 (
1"
#175032136
0"
#175050654
b10001001 (
1"
#175069172
0"
#175087690
b10001010 (
1"
#175106208
0"
#175124726
b10001011 (
1"
#175143244
0"
#175161762
b10001100 (
1"
#175180280
0"
#175198798
b10001101 (
1"
#175217316
0"
#175235834
b10001110 (
1"
#175254352
0"
#175272870
b10001111 (
1"
#175291388
0"
#175309906
b10010000 (
1"
#175328424
0"
#175346942
b10010001 (
1"
#175365460
0"
#175383978
b10010010 (
1"
#175402496
0"
#175421014
b10010011 (
1"
#175439532
0"
#175458050
b10010100 (
1"
#175476568
0"
#175495086
b10010101 (
1"
#175513604
0"
#175532122
b10010110 (
1"
#175550640
0"
#175569158
b10010111 (
1"
#175587676
0"
#175606194
b10011000 (
1"
#175624712
0"
#175643230
b10011001 (
1"
#175661748
0"
#175680266
b10011010 (
1"
#175698784
0"
#175717302
b10011011 (
1"
#175735820
0"
#175754338
b10011100 (
1"
#175772856
0"
#175791374
b10011101 (
1"
#175809892
0"
#175828410
b10011110 (
1"
#175846928
0"
#175865446
b10011111 (
1"
#175883964
0"
#175902482
b10100000 (
1"
#175921000
0"
#175939518
b10100001 (
1"
#175958036
0"
#175976554
b10100010 (
1"
#175995072
0"
#176013590
b10100011 (
1"
#176032108
0"
#176050626
b10100100 (
1"
#176069144
0"
#176087662
b10100101 (
1"
#176106180
0"
#176124698
b10100110 (
1"
#176143216
0"
#176161734
b10100111 (
1"
#176180252
0"
#176198770
b10101000 (
1"
#176217288
0"
#176235806
b10101001 (
1"
#176254324
0"
#176272842
b10101010 (
1"
#176291360
0"
#176309878
b10101011 (
1"
#176328396
0"
#176346914
b10101100 (
1"
#176365432
0"
#176383950
b10101101 (
1"
#176402468
0"
#176420986
b10101110 (
1"
#176439504
0"
#176458022
b10101111 (
1"
#176476540
0"
#176495058
b10110000 (
1"
#176513576
0"
#176532094
b10110001 (
1"
#176550612
0"
#176569130
b10110010 (
1"
#176587648
0"
#176606166
b10110011 (
1"
#176624684
0"
#176643202
b10110100 (
1"
#176661720
0"
#176680238
b10110101 (
1"
#176698756
0"
#176717274
b10110110 (
1"
#176735792
0"
#176754310
b10110111 (
1"
#176772828
0"
#176791346
b10111000 (
1"
#176809864
0"
#176828382
b10111001 (
1"
#176846900
0"
#176865418
b10111010 (
1"
#176883936
0"
#176902454
b10111011 (
1"
#176920972
0"
#176939490
b10111100 (
1"
#176958008
0"
#176976526
b10111101 (
1"
#176995044
0"
#177013562
b10111110 (
1"
#177032080
0"
#177050598
b10111111 (
1"
#177069116
0"
#177087634
b11000000 (
1"
#177106152
0"
#177124670
b11000001 (
1"
#177143188
0"
#177161706
b11000010 (
1"
#177180224
0"
#177198742
b11000011 (
1"
#177217260
0"
#177235778
b11000100 (
1"
#177254296
0"
#177272814
b11000101 (
1"
#177291332
0"
#177309850
b11000110 (
1"
#177328368
0"
#177346886
b11000111 (
1"
#177365404
0"
#177383922
b11001000 (
1"
#177402440
0"
#177420958
b11001001 (
1"
#177439476
0"
#177457994
b11001010 (
1"
#177476512
0"
#177495030
b11001011 (
1"
#177513548
0"
#177532066
b11001100 (
1"
#177550584
0"
#177569102
b11001101 (
1"
#177587620
0"
#177606138
b11001110 (
1"
#177624656
0"
#177643174
b11001111 (
1"
#177661692
0"
#177680210
b11010000 (
1"
#177698728
0"
#177717246
b11010001 (
1"
#177735764
0"
#177754282
b11010010 (
1"
#177772800
0"
#177791318
b11010011 (
1"
#177809836
0"
#177828354
b11010100 (
1"
#177846872
0"
#177865390
b11010101 (
1"
#177883908
0"
#177902426
b11010110 (
1"
#177920944
0"
#177939462
b11010111 (
1"
#177957980
0"
#177976498
b11011000 (
1"
#177995016
0"
#178013534
b11011001 (
1"
#178032052
0"
#178050570
b11011010 (
1"
#178069088
0"
#178087606
b11011011 (
1"
#178106124
0"
#178124642
b11011100 (
1"
#178143160
0"
#178161678
b11011101 (
1"
#178180196
0"
#178198714
b11011110 (
1"
#178217232
0"
#178235750
b11011111 (
1"
#178254268
0"
#178272786
b11100000 (
1"
#178291304
0"
#178309822
b11100001 (
1"
#178328340
0"
#178346858
b11100010 (
1"
#178365376
0"
#178383894
b11100011 (
1"
#178402412
0"
#178420930
b11100100 (
1"
#178439448
0"
#178457966
b11100101 (
1"
#178476484
0"
#178495002
b11100110 (
1"
#178513520
0"
#178532038
b11100111 (
1"
#178550556
0"
#178569074
b11101000 (
1"
#178587592
0"
#178606110
b11101001 (
1"
#178624628
0"
#178643146
b10 )
b0 (
1"
#178661664
0"
#178680182
b1 (
1"
#178698700
0"
#178717218
b10 (
1"
#178735736
0"
#178754254
b11 (
1"
#178772772
0"
#178791290
b100 (
1"
#178809808
0"
#178828326
b101 (
1"
#178846844
0"
#178865362
b110 (
1"
#178883880
0"
#178902398
b111 (
1"
#178920916
0"
#178939434
b1000 (
1"
#178957952
0"
#178976470
b1001 (
1"
#178994988
0"
#179013506
b1010 (
1"
#179032024
0"
#179050542
b1011 (
1"
#179069060
0"
#179087578
b1100 (
1"
#179106096
0"
#179124614
b1101 (
1"
#179143132
0"
#179161650
b1110 (
1"
#179180168
0"
#179198686
b1111 (
1"
#179217204
0"
#179235722
b10000 (
1"
#179254240
0"
#179272758
b10001 (
1"
#179291276
0"
#179309794
b10010 (
1"
#179328312
0"
#179346830
b10011 (
1"
#179365348
0"
#179383866
b10100 (
1"
#179402384
0"
#179420902
b10101 (
1"
#179439420
0"
#179457938
b10110 (
1"
#179476456
0"
#179494974
b10111 (
1"
#179513492
0"
#179532010
b11000 (
1"
#179550528
0"
#179569046
b11001 (
1"
#179587564
0"
#179606082
b11010 (
1"
#179624600
0"
#179643118
b11011 (
1"
#179661636
0"
#179680154
b11100 (
1"
#179698672
0"
#179717190
b11101 (
1"
#179735708
0"
#179754226
b11110 (
1"
#179772744
0"
#179791262
b11111 (
1"
#179809780
0"
#179828298
b100000 (
1"
#179846816
0"
#179865334
b100001 (
1"
#179883852
0"
#179902370
b100010 (
1"
#179920888
0"
#179939406
b100011 (
1"
#179957924
0"
#179976442
b100100 (
1"
#179994960
0"
#180013478
b100101 (
1"
#180031996
0"
#180050514
b100110 (
1"
#180069032
0"
#180087550
b100111 (
1"
#180106068
0"
#180124586
b101000 (
1"
#180143104
0"
#180161622
b101001 (
1"
#180180140
0"
#180198658
b101010 (
1"
#180217176
0"
#180235694
b101011 (
1"
#180254212
0"
#180272730
b101100 (
1"
#180291248
0"
#180309766
b101101 (
1"
#180328284
0"
#180346802
b101110 (
1"
#180365320
0"
#180383838
b101111 (
1"
#180402356
0"
#180420874
b110000 (
1"
#180439392
0"
#180457910
b110001 (
1"
#180476428
0"
#180494946
b110010 (
1"
#180513464
0"
#180531982
b110011 (
1"
#180550500
0"
#180569018
b110100 (
1"
#180587536
0"
#180606054
b110101 (
1"
#180624572
0"
#180643090
b110110 (
1"
#180661608
0"
#180680126
b110111 (
1"
#180698644
0"
#180717162
b111000 (
1"
#180735680
0"
#180754198
b111001 (
1"
#180772716
0"
#180791234
b111010 (
1"
#180809752
0"
#180828270
b111011 (
1"
#180846788
0"
#180865306
b111100 (
1"
#180883824
0"
#180902342
b111101 (
1"
#180920860
0"
#180939378
b111110 (
1"
#180957896
0"
#180976414
b111111 (
1"
#180994932
0"
#181013450
b1000000 (
1"
#181031968
0"
#181050486
b1000001 (
1"
#181069004
0"
#181087522
b1000010 (
1"
#181106040
0"
#181124558
b1000011 (
1"
#181143076
0"
#181161594
b1000100 (
1"
#181180112
0"
#181198630
b1000101 (
1"
#181217148
0"
#181235666
b1000110 (
1"
#181254184
0"
#181272702
b1000111 (
1"
#181291220
0"
#181309738
b1001000 (
1"
#181328256
0"
#181346774
b1001001 (
1"
#181365292
0"
#181383810
b1001010 (
1"
#181402328
0"
#181420846
b1001011 (
1"
#181439364
0"
#181457882
b1001100 (
1"
#181476400
0"
#181494918
b1001101 (
1"
#181513436
0"
#181531954
b1001110 (
1"
#181550472
0"
#181568990
b1001111 (
1"
#181587508
0"
#181606026
b1010000 (
1"
#181624544
0"
#181643062
b1010001 (
1"
#181661580
0"
#181680098
b1010010 (
1"
#181698616
0"
#181717134
b1010011 (
1"
#181735652
0"
#181754170
b1010100 (
1"
#181772688
0"
#181791206
b1010101 (
1"
#181809724
0"
#181828242
b1010110 (
1"
#181846760
0"
#181865278
b1010111 (
1"
#181883796
0"
#181902314
b1011000 (
1"
#181920832
0"
#181939350
b1011001 (
1"
#181957868
0"
#181976386
b1011010 (
1"
#181994904
0"
#182013422
b1011011 (
1"
#182031940
0"
#182050458
b1011100 (
1"
#182068976
0"
#182087494
b1011101 (
1"
#182106012
0"
#182124530
b1011110 (
1"
#182143048
0"
#182161566
b1011111 (
1"
#182180084
0"
#182198602
b1100000 (
1"
#182217120
0"
#182235638
b1100001 (
1"
#182254156
0"
#182272674
b1100010 (
1"
#182291192
0"
#182309710
b1100011 (
1"
#182328228
0"
#182346746
b1100100 (
1"
#182365264
0"
#182383782
b1100101 (
1"
#182402300
0"
#182420818
b1100110 (
1"
#182439336
0"
#182457854
b1100111 (
1"
#182476372
0"
#182494890
b1101000 (
1"
#182513408
0"
#182531926
b1101001 (
1"
#182550444
0"
#182568962
b1101010 (
1"
#182587480
0"
#182605998
b1101011 (
1"
#182624516
0"
#182643034
b1101100 (
1"
#182661552
0"
#182680070
b1101101 (
1"
#182698588
0"
#182717106
b1101110 (
1"
#182735624
0"
#182754142
b1101111 (
1"
#182772660
0"
#182791178
b1110000 (
1"
#182809696
0"
#182828214
b1110001 (
1"
#182846732
0"
#182865250
b1110010 (
1"
#182883768
0"
#182902286
b1110011 (
1"
#182910000
b10 0
#182920804
0"
#182939322
b1110100 (
1"
#182957840
0"
#182976358
b1110101 (
1"
#182994876
0"
#183013394
b1110110 (
1"
#183031912
0"
#183050430
b1110111 (
1"
#183068948
0"
#183087466
b1111000 (
1"
#183105984
0"
#183124502
b1111001 (
1"
#183143020
0"
#183161538
b1111010 (
1"
#183180056
0"
#183198574
b1111011 (
1"
#183217092
0"
#183235610
b1111100 (
1"
#183254128
0"
#183272646
b1111101 (
1"
#183291164
0"
#183309682
b1111110 (
1"
#183328200
0"
#183346718
b1111111 (
1"
#183365236
0"
#183383754
b10000000 (
1"
#183402272
0"
#183420790
b10000001 (
1"
#183439308
0"
#183457826
b10000010 (
1"
#183476344
0"
#183494862
b10000011 (
1"
#183513380
0"
#183531898
b10000100 (
1"
#183550416
0"
#183568934
b10000101 (
1"
#183587452
0"
#183605970
b10000110 (
1"
#183624488
0"
#183643006
b10000111 (
1"
#183661524
0"
#183680042
b10001000 (
1"
#183698560
0"
#183717078
b10001001 (
1"
#183735596
0"
#183754114
b10001010 (
1"
#183772632
0"
#183791150
b10001011 (
1"
#183809668
0"
#183828186
b10001100 (
1"
#183846704
0"
#183865222
b10001101 (
1"
#183883740
0"
#183902258
b10001110 (
1"
#183920776
0"
#183939294
b10001111 (
1"
#183957812
0"
#183976330
b10010000 (
1"
#183994848
0"
#184013366
b10010001 (
1"
#184031884
0"
#184050402
b10010010 (
1"
#184068920
0"
#184087438
b10010011 (
1"
#184105956
0"
#184124474
b10010100 (
1"
#184142992
0"
#184161510
b10010101 (
1"
#184180028
0"
#184198546
b10010110 (
1"
#184217064
0"
#184235582
b10010111 (
1"
#184254100
0"
#184272618
b10011000 (
1"
#184291136
0"
#184309654
b10011001 (
1"
#184328172
0"
#184346690
b10011010 (
1"
#184365208
0"
#184383726
b10011011 (
1"
#184402244
0"
#184420762
b10011100 (
1"
#184439280
0"
#184457798
b10011101 (
1"
#184476316
0"
#184494834
b10011110 (
1"
#184513352
0"
#184531870
b10011111 (
1"
#184550388
0"
#184568906
b10100000 (
1"
#184587424
0"
#184605942
b10100001 (
1"
#184624460
0"
#184642978
b10100010 (
1"
#184661496
0"
#184680014
b10100011 (
1"
#184698532
0"
#184717050
b10100100 (
1"
#184735568
0"
#184754086
b10100101 (
1"
#184772604
0"
#184791122
b10100110 (
1"
#184809640
0"
#184828158
b10100111 (
1"
#184846676
0"
#184865194
b10101000 (
1"
#184883712
0"
#184902230
b10101001 (
1"
#184920748
0"
#184939266
b10101010 (
1"
#184957784
0"
#184976302
b10101011 (
1"
#184994820
0"
#185013338
b10101100 (
1"
#185031856
0"
#185050374
b10101101 (
1"
#185068892
0"
#185087410
b10101110 (
1"
#185105928
0"
#185124446
b10101111 (
1"
#185142964
0"
#185161482
b10110000 (
1"
#185180000
0"
#185198518
b10110001 (
1"
#185217036
0"
#185235554
b10110010 (
1"
#185254072
0"
#185272590
b10110011 (
1"
#185291108
0"
#185309626
b10110100 (
1"
#185328144
0"
#185346662
b10110101 (
1"
#185365180
0"
#185383698
b10110110 (
1"
#185402216
0"
#185420734
b10110111 (
1"
#185439252
0"
#185457770
b10111000 (
1"
#185476288
0"
#185494806
b10111001 (
1"
#185513324
0"
#185531842
b10111010 (
1"
#185550360
0"
#185568878
b10111011 (
1"
#185587396
0"
#185605914
b10111100 (
1"
#185624432
0"
#185642950
b10111101 (
1"
#185661468
0"
#185679986
b10111110 (
1"
#185698504
0"
#185717022
b10111111 (
1"
#185735540
0"
#185754058
b11000000 (
1"
#185772576
0"
#185791094
b11000001 (
1"
#185809612
0"
#185828130
b11000010 (
1"
#185846648
0"
#185865166
b11000011 (
1"
#185883684
0"
#185902202
b11000100 (
1"
#185920720
0"
#185939238
b11000101 (
1"
#185957756
0"
#185976274
b11000110 (
1"
#185994792
0"
#186013310
b11000111 (
1"
#186031828
0"
#186050346
b11001000 (
1"
#186068864
0"
#186087382
b11001001 (
1"
#186105900
0"
#186124418
b11001010 (
1"
#186142936
0"
#186161454
b11001011 (
1"
#186179972
0"
#186198490
b11001100 (
1"
#186217008
0"
#186235526
b11001101 (
1"
#186254044
0"
#186272562
b11001110 (
1"
#186291080
0"
#186309598
b11001111 (
1"
#186328116
0"
#186346634
b11010000 (
1"
#186365152
0"
#186383670
b11010001 (
1"
#186402188
0"
#186420706
b11010010 (
1"
#186439224
0"
#186457742
b11010011 (
1"
#186476260
0"
#186494778
b11010100 (
1"
#186513296
0"
#186531814
b11010101 (
1"
#186550332
0"
#186568850
b11010110 (
1"
#186587368
0"
#186605886
b11010111 (
1"
#186624404
0"
#186642922
b11011000 (
1"
#186661440
0"
#186679958
b11011001 (
1"
#186698476
0"
#186716994
b11011010 (
1"
#186735512
0"
#186754030
b11011011 (
1"
#186772548
0"
#186791066
b11011100 (
1"
#186809584
0"
#186828102
b11011101 (
1"
#186846620
0"
#186865138
b11011110 (
1"
#186883656
0"
#186902174
b11011111 (
1"
#186920692
0"
#186939210
b11100000 (
1"
#186957728
0"
#186976246
b11100001 (
1"
#186994764
0"
#187013282
b11100010 (
1"
#187031800
0"
#187050318
b11100011 (
1"
#187068836
0"
#187087354
b11100100 (
1"
#187105872
0"
#187124390
b11100101 (
1"
#187142908
0"
#187161426
b11100110 (
1"
#187179944
0"
#187198462
b11100111 (
1"
#187216980
0"
#187235498
b11101000 (
1"
#187254016
0"
#187272534
b11101001 (
1"
#187291052
0"
#187309570
b11 )
b1010001 +
b0 (
1"
#187328088
0"
#187346606
b1 (
1"
#187365124
0"
#187383642
b10 (
1"
#187402160
0"
#187420678
b11 (
1"
#187439196
0"
#187457714
b100 (
1"
#187476232
0"
#187494750
b101 (
1"
#187513268
0"
#187531786
b110 (
1"
#187550304
0"
#187568822
b111 (
1"
#187587340
0"
#187605858
b1000 (
1"
#187624376
0"
#187642894
b1001 (
1"
#187661412
0"
#187679930
b1010 (
1"
#187698448
0"
#187716966
b1011 (
1"
#187735484
0"
#187754002
b1100 (
1"
#187772520
0"
#187791038
b1101 (
1"
#187809556
0"
#187828074
b1110 (
1"
#187846592
0"
#187865110
b1111 (
1"
#187883628
0"
#187902146
b10000 (
1"
#187920664
0"
#187939182
b10001 (
1"
#187957700
0"
#187976218
b10010 (
1"
#187994736
0"
#188013254
b10011 (
1"
#188031772
0"
#188050290
b10100 (
1"
#188068808
0"
#188087326
b10101 (
1"
#188105844
0"
#188124362
b10110 (
1"
#188142880
0"
#188161398
b10111 (
1"
#188179916
0"
#188198434
b11000 (
1"
#188216952
0"
#188235470
b11001 (
1"
#188253988
0"
#188272506
b11010 (
1"
#188291024
0"
#188309542
b11011 (
1"
#188328060
0"
#188346578
b11100 (
1"
#188365096
0"
#188383614
b11101 (
1"
#188402132
0"
#188420650
b11110 (
1"
#188439168
0"
#188457686
b11111 (
1"
#188476204
0"
#188494722
b100000 (
1"
#188513240
0"
#188531758
b100001 (
1"
#188550276
0"
#188568794
b100010 (
1"
#188587312
0"
#188605830
b100011 (
1"
#188624348
0"
#188642866
b100100 (
1"
#188661384
0"
#188679902
b100101 (
1"
#188698420
0"
#188716938
b100110 (
1"
#188735456
0"
#188753974
b100111 (
1"
#188772492
0"
#188791010
b101000 (
1"
#188809528
0"
#188828046
b101001 (
1"
#188846564
0"
#188865082
b101010 (
1"
#188883600
0"
#188902118
b101011 (
1"
#188920636
0"
#188939154
b101100 (
1"
#188957672
0"
#188976190
b101101 (
1"
#188994708
0"
#189013226
b101110 (
1"
#189031744
0"
#189050262
b101111 (
1"
#189068780
0"
#189087298
b110000 (
1"
#189105816
0"
#189124334
b110001 (
1"
#189142852
0"
#189161370
b110010 (
1"
#189179888
0"
#189198406
b110011 (
1"
#189216924
0"
#189235442
b110100 (
1"
#189253960
0"
#189272478
b110101 (
1"
#189290996
0"
#189309514
b110110 (
1"
#189328032
0"
#189346550
b110111 (
1"
#189365068
0"
#189383586
b111000 (
1"
#189402104
0"
#189420622
b111001 (
1"
#189439140
0"
#189457658
b111010 (
1"
#189476176
0"
#189494694
b111011 (
1"
#189513212
0"
#189531730
b111100 (
1"
#189550248
0"
#189568766
b111101 (
1"
#189587284
0"
#189605802
b111110 (
1"
#189624320
0"
#189642838
b111111 (
1"
#189661356
0"
#189679874
b1000000 (
1"
#189698392
0"
#189716910
b1000001 (
1"
#189735428
0"
#189753946
b1000010 (
1"
#189772464
0"
#189790982
b1000011 (
1"
#189809500
0"
#189828018
b1000100 (
1"
#189846536
0"
#189865054
b1000101 (
1"
#189883572
0"
#189902090
b1000110 (
1"
#189920608
0"
#189939126
b1000111 (
1"
#189957644
0"
#189976162
b1001000 (
1"
#189994680
0"
#190013198
b1001001 (
1"
#190031716
0"
#190050234
b1001010 (
1"
#190068752
0"
#190087270
b1001011 (
1"
#190105788
0"
#190124306
b1001100 (
1"
#190142824
0"
#190161342
b1001101 (
1"
#190179860
0"
#190198378
b1001110 (
1"
#190216896
0"
#190235414
b1001111 (
1"
#190253932
0"
#190272450
b1010000 (
1"
#190290968
0"
#190309486
b1010001 (
1"
#190328004
0"
#190346522
b1010010 (
1"
#190365040
0"
#190383558
b1010011 (
1"
#190402076
0"
#190420594
b1010100 (
1"
#190439112
0"
#190457630
b1010101 (
1"
#190476148
0"
#190494666
b1010110 (
1"
#190513184
0"
#190531702
b1010111 (
1"
#190550220
0"
#190568738
b1011000 (
1"
#190587256
0"
#190605774
b1011001 (
1"
#190624292
0"
#190642810
b1011010 (
1"
#190661328
0"
#190679846
b1011011 (
1"
#190698364
0"
#190716882
b1011100 (
1"
#190735400
0"
#190753918
b1011101 (
1"
#190772436
0"
#190790954
b1011110 (
1"
#190809472
0"
#190827990
b1011111 (
1"
#190846508
0"
#190865026
b1100000 (
1"
#190883544
0"
#190902062
b1100001 (
1"
#190920580
0"
#190939098
b1100010 (
1"
#190957616
0"
#190976134
b1100011 (
1"
#190994652
0"
#191013170
b1100100 (
1"
#191031688
0"
#191050206
b1100101 (
1"
#191068724
0"
#191087242
b1100110 (
1"
#191105760
0"
#191124278
b1100111 (
1"
#191142796
0"
#191161314
b1101000 (
1"
#191179832
0"
#191198350
b1101001 (
1"
#191216868
0"
#191235386
b1101010 (
1"
#191253904
0"
#191272422
b1101011 (
1"
#191290940
0"
#191309458
b1101100 (
1"
#191327976
0"
#191346494
b1101101 (
1"
#191365012
0"
#191383530
b1101110 (
1"
#191402048
0"
#191420566
b1101111 (
1"
#191439084
0"
#191457602
b1110000 (
1"
#191476120
0"
#191494638
b1110001 (
1"
#191513156
0"
#191531674
b1110010 (
1"
#191550192
0"
#191568710
b1110011 (
1"
#191580000
b11 0
#191587228
0"
#191605746
b1110100 (
1"
#191624264
0"
#191642782
b1110101 (
1"
#191661300
0"
#191679818
b1110110 (
1"
#191698336
0"
#191716854
b1110111 (
1"
#191735372
0"
#191753890
b1111000 (
1"
#191772408
0"
#191790926
b1111001 (
1"
#191809444
0"
#191827962
b1111010 (
1"
#191846480
0"
#191864998
b1111011 (
1"
#191883516
0"
#191902034
b1111100 (
1"
#191920552
0"
#191939070
b1111101 (
1"
#191957588
0"
#191976106
b1111110 (
1"
#191994624
0"
#192013142
b1111111 (
1"
#192031660
0"
#192050178
b10000000 (
1"
#192068696
0"
#192087214
b10000001 (
1"
#192105732
0"
#192124250
b10000010 (
1"
#192142768
0"
#192161286
b10000011 (
1"
#192179804
0"
#192198322
b10000100 (
1"
#192216840
0"
#192235358
b10000101 (
1"
#192253876
0"
#192272394
b10000110 (
1"
#192290912
0"
#192309430
b10000111 (
1"
#192327948
0"
#192346466
b10001000 (
1"
#192364984
0"
#192383502
b10001001 (
1"
#192402020
0"
#192420538
b10001010 (
1"
#192439056
0"
#192457574
b10001011 (
1"
#192476092
0"
#192494610
b10001100 (
1"
#192513128
0"
#192531646
b10001101 (
1"
#192550164
0"
#192568682
b10001110 (
1"
#192587200
0"
#192605718
b10001111 (
1"
#192624236
0"
#192642754
b10010000 (
1"
#192661272
0"
#192679790
b10010001 (
1"
#192698308
0"
#192716826
b10010010 (
1"
#192735344
0"
#192753862
b10010011 (
1"
#192772380
0"
#192790898
b10010100 (
1"
#192809416
0"
#192827934
b10010101 (
1"
#192846452
0"
#192864970
b10010110 (
1"
#192883488
0"
#192902006
b10010111 (
1"
#192920524
0"
#192939042
b10011000 (
1"
#192957560
0"
#192976078
b10011001 (
1"
#192994596
0"
#193013114
b10011010 (
1"
#193031632
0"
#193050150
b10011011 (
1"
#193068668
0"
#193087186
b10011100 (
1"
#193105704
0"
#193124222
b10011101 (
1"
#193142740
0"
#193161258
b10011110 (
1"
#193179776
0"
#193198294
b10011111 (
1"
#193216812
0"
#193235330
b10100000 (
1"
#193253848
0"
#193272366
b10100001 (
1"
#193290884
0"
#193309402
b10100010 (
1"
#193327920
0"
#193346438
b10100011 (
1"
#193364956
0"
#193383474
b10100100 (
1"
#193401992
0"
#193420510
b10100101 (
1"
#193439028
0"
#193457546
b10100110 (
1"
#193476064
0"
#193494582
b10100111 (
1"
#193513100
0"
#193531618
b10101000 (
1"
#193550136
0"
#193568654
b10101001 (
1"
#193587172
0"
#193605690
b10101010 (
1"
#193624208
0"
#193642726
b10101011 (
1"
#193661244
0"
#193679762
b10101100 (
1"
#193698280
0"
#193716798
b10101101 (
1"
#193735316
0"
#193753834
b10101110 (
1"
#193772352
0"
#193790870
b10101111 (
1"
#193809388
0"
#193827906
b10110000 (
1"
#193846424
0"
#193864942
b10110001 (
1"
#193883460
0"
#193901978
b10110010 (
1"
#193920496
0"
#193939014
b10110011 (
1"
#193957532
0"
#193976050
b10110100 (
1"
#193994568
0"
#194013086
b10110101 (
1"
#194031604
0"
#194050122
b10110110 (
1"
#194068640
0"
#194087158
b10110111 (
1"
#194105676
0"
#194124194
b10111000 (
1"
#194142712
0"
#194161230
b10111001 (
1"
#194179748
0"
#194198266
b10111010 (
1"
#194216784
0"
#194235302
b10111011 (
1"
#194253820
0"
#194272338
b10111100 (
1"
#194290856
0"
#194309374
b10111101 (
1"
#194327892
0"
#194346410
b10111110 (
1"
#194364928
0"
#194383446
b10111111 (
1"
#194401964
0"
#194420482
b11000000 (
1"
#194439000
0"
#194457518
b11000001 (
1"
#194476036
0"
#194494554
b11000010 (
1"
#194513072
0"
#194531590
b11000011 (
1"
#194550108
0"
#194568626
b11000100 (
1"
#194587144
0"
#194605662
b11000101 (
1"
#194624180
0"
#194642698
b11000110 (
1"
#194661216
0"
#194679734
b11000111 (
1"
#194698252
0"
#194716770
b11001000 (
1"
#194735288
0"
#194753806
b11001001 (
1"
#194772324
0"
#194790842
b11001010 (
1"
#194809360
0"
#194827878
b11001011 (
1"
#194846396
0"
#194864914
b11001100 (
1"
#194883432
0"
#194901950
b11001101 (
1"
#194920468
0"
#194938986
b11001110 (
1"
#194957504
0"
#194976022
b11001111 (
1"
#194994540
0"
#195013058
b11010000 (
1"
#195031576
0"
#195050094
b11010001 (
1"
#195068612
0"
#195087130
b11010010 (
1"
#195105648
0"
#195124166
b11010011 (
1"
#195142684
0"
#195161202
b11010100 (
1"
#195179720
0"
#195198238
b11010101 (
1"
#195216756
0"
#195235274
b11010110 (
1"
#195253792
0"
#195272310
b11010111 (
1"
#195290828
0"
#195309346
b11011000 (
1"
#195327864
0"
#195346382
b11011001 (
1"
#195364900
0"
#195383418
b11011010 (
1"
#195401936
0"
#195420454
b11011011 (
1"
#195438972
0"
#195457490
b11011100 (
1"
#195476008
0"
#195494526
b11011101 (
1"
#195513044
0"
#195531562
b11011110 (
1"
#195550080
0"
#195568598
b11011111 (
1"
#195587116
0"
#195605634
b11100000 (
1"
#195624152
0"
#195642670
b11100001 (
1"
#195661188
0"
#195679706
b11100010 (
1"
#195698224
0"
#195716742
b11100011 (
1"
#195735260
0"
#195753778
b11100100 (
1"
#195772296
0"
#195790814
b11100101 (
1"
#195809332
0"
#195827850
b11100110 (
1"
#195846368
0"
#195864886
b11100111 (
1"
#195883404
0"
#195901922
b11101000 (
1"
#195920440
0"
#195938958
b11101001 (
1"
#195957476
0"
#195975994
b100 )
b0 (
1"
#195994512
0"
#196013030
b1 (
1"
#196031548
0"
#196050066
b10 (
1"
#196068584
0"
#196087102
b11 (
1"
#196105620
0"
#196124138
b100 (
1"
#196142656
0"
#196161174
b101 (
1"
#196179692
0"
#196198210
b110 (
1"
#196216728
0"
#196235246
b111 (
1"
#196253764
0"
#196272282
b1000 (
1"
#196290800
0"
#196309318
b1001 (
1"
#196327836
0"
#196346354
b1010 (
1"
#196364872
0"
#196383390
b1011 (
1"
#196401908
0"
#196420426
b1100 (
1"
#196438944
0"
#196457462
b1101 (
1"
#196475980
0"
#196494498
b1110 (
1"
#196513016
0"
#196531534
b1111 (
1"
#196550052
0"
#196568570
b10000 (
1"
#196587088
0"
#196605606
b10001 (
1"
#196624124
0"
#196642642
b10010 (
1"
#196661160
0"
#196679678
b10011 (
1"
#196698196
0"
#196716714
b10100 (
1"
#196735232
0"
#196753750
b10101 (
1"
#196772268
0"
#196790786
b10110 (
1"
#196809304
0"
#196827822
b10111 (
1"
#196846340
0"
#196864858
b11000 (
1"
#196883376
0"
#196901894
b11001 (
1"
#196920412
0"
#196938930
b11010 (
1"
#196957448
0"
#196975966
b11011 (
1"
#196994484
0"
#197013002
b11100 (
1"
#197031520
0"
#197050038
b11101 (
1"
#197068556
0"
#197087074
b11110 (
1"
#197105592
0"
#197124110
b11111 (
1"
#197142628
0"
#197161146
b100000 (
1"
#197179664
0"
#197198182
b100001 (
1"
#197216700
0"
#197235218
b100010 (
1"
#197253736
0"
#197272254
b100011 (
1"
#197290772
0"
#197309290
b100100 (
1"
#197327808
0"
#197346326
b100101 (
1"
#197364844
0"
#197383362
b100110 (
1"
#197401880
0"
#197420398
b100111 (
1"
#197438916
0"
#197457434
b101000 (
1"
#197475952
0"
#197494470
b101001 (
1"
#197512988
0"
#197531506
b101010 (
1"
#197550024
0"
#197568542
b101011 (
1"
#197587060
0"
#197605578
b101100 (
1"
#197624096
0"
#197642614
b101101 (
1"
#197661132
0"
#197679650
b101110 (
1"
#197698168
0"
#197716686
b101111 (
1"
#197735204
0"
#197753722
b110000 (
1"
#197772240
0"
#197790758
b110001 (
1"
#197809276
0"
#197827794
b110010 (
1"
#197846312
0"
#197864830
b110011 (
1"
#197883348
0"
#197901866
b110100 (
1"
#197920384
0"
#197938902
b110101 (
1"
#197957420
0"
#197975938
b110110 (
1"
#197994456
0"
#198012974
b110111 (
1"
#198031492
0"
#198050010
b111000 (
1"
#198068528
0"
#198087046
b111001 (
1"
#198105564
0"
#198124082
b111010 (
1"
#198142600
0"
#198161118
b111011 (
1"
#198179636
0"
#198198154
b111100 (
1"
#198216672
0"
#198235190
b111101 (
1"
#198253708
0"
#198272226
b111110 (
1"
#198290744
0"
#198309262
b111111 (
1"
#198327780
0"
#198346298
b1000000 (
1"
#198364816
0"
#198383334
b1000001 (
1"
#198401852
0"
#198420370
b1000010 (
1"
#198438888
0"
#198457406
b1000011 (
1"
#198475924
0"
#198494442
b1000100 (
1"
#198512960
0"
#198531478
b1000101 (
1"
#198549996
0"
#198568514
b1000110 (
1"
#198587032
0"
#198605550
b1000111 (
1"
#198624068
0"
#198642586
b1001000 (
1"
#198661104
0"
#198679622
b1001001 (
1"
#198698140
0"
#198716658
b1001010 (
1"
#198735176
0"
#198753694
b1001011 (
1"
#198772212
0"
#198790730
b1001100 (
1"
#198809248
0"
#198827766
b1001101 (
1"
#198846284
0"
#198864802
b1001110 (
1"
#198883320
0"
#198901838
b1001111 (
1"
#198920356
0"
#198938874
b1010000 (
1"
#198957392
0"
#198975910
b1010001 (
1"
#198994428
0"
#199012946
b1010010 (
1"
#199031464
0"
#199049982
b1010011 (
1"
#199068500
0"
#199087018
b1010100 (
1"
#199105536
0"
#199124054
b1010101 (
1"
#199142572
0"
#199161090
b1010110 (
1"
#199179608
0"
#199198126
b1010111 (
1"
#199216644
0"
#199235162
b1011000 (
1"
#199253680
0"
#199272198
b1011001 (
1"
#199290716
0"
#199309234
b1011010 (
1"
#199327752
0"
#199346270
b1011011 (
1"
#199364788
0"
#199383306
b1011100 (
1"
#199401824
0"
#199420342
b1011101 (
1"
#199438860
0"
#199457378
b1011110 (
1"
#199475896
0"
#199494414
b1011111 (
1"
#199512932
0"
#199531450
b1100000 (
1"
#199549968
0"
#199568486
b1100001 (
1"
#199587004
0"
#199605522
b1100010 (
1"
#199624040
0"
#199642558
b1100011 (
1"
#199661076
0"
#199679594
b1100100 (
1"
#199698112
0"
#199716630
b1100101 (
1"
#199735148
0"
#199753666
b1100110 (
1"
#199772184
0"
#199790702
b1100111 (
1"
#199809220
0"
#199827738
b1101000 (
1"
#199846256
0"
#199864774
b1101001 (
1"
#199883292
0"
#199901810
b1101010 (
1"
#199920328
0"
#199938846
b1101011 (
1"
#199957364
0"
#199975882
b1101100 (
1"
#199994400
0"
#200012918
b1101101 (
1"
#200031436
0"
#200049954
b1101110 (
1"
#200068472
0"
#200086990
b1101111 (
1"
#200105508
0"
#200124026
b1110000 (
1"
#200142544
0"
#200161062
b1110001 (
1"
#200179580
0"
#200198098
b1110010 (
1"
#200216616
0"
#200235134
b1110011 (
1"
#200250000
b100 0
#200253652
0"
#200272170
b1110100 (
1"
#200290688
0"
#200309206
b1110101 (
1"
#200327724
0"
#200346242
b1110110 (
1"
#200364760
0"
#200383278
b1110111 (
1"
#200401796
0"
#200420314
b1111000 (
1"
#200438832
0"
#200457350
b1111001 (
1"
#200475868
0"
#200494386
b1111010 (
1"
#200512904
0"
#200531422
b1111011 (
1"
#200549940
0"
#200568458
b1111100 (
1"
#200586976
0"
#200605494
b1111101 (
1"
#200624012
0"
#200642530
b1111110 (
1"
#200661048
0"
#200679566
b1111111 (
1"
#200698084
0"
#200716602
b10000000 (
1"
#200735120
0"
#200753638
b10000001 (
1"
#200772156
0"
#200790674
b10000010 (
1"
#200809192
0"
#200827710
b10000011 (
1"
#200846228
0"
#200864746
b10000100 (
1"
#200883264
0"
#200901782
b10000101 (
1"
#200920300
0"
#200938818
b10000110 (
1"
#200957336
0"
#200975854
b10000111 (
1"
#200994372
0"
#201012890
b10001000 (
1"
#201031408
0"
#201049926
b10001001 (
1"
#201068444
0"
#201086962
b10001010 (
1"
#201105480
0"
#201123998
b10001011 (
1"
#201142516
0"
#201161034
b10001100 (
1"
#201179552
0"
#201198070
b10001101 (
1"
#201216588
0"
#201235106
b10001110 (
1"
#201253624
0"
#201272142
b10001111 (
1"
#201290660
0"
#201309178
b10010000 (
1"
#201327696
0"
#201346214
b10010001 (
1"
#201364732
0"
#201383250
b10010010 (
1"
#201401768
0"
#201420286
b10010011 (
1"
#201438804
0"
#201457322
b10010100 (
1"
#201475840
0"
#201494358
b10010101 (
1"
#201512876
0"
#201531394
b10010110 (
1"
#201549912
0"
#201568430
b10010111 (
1"
#201586948
0"
#201605466
b10011000 (
1"
#201623984
0"
#201642502
b10011001 (
1"
#201661020
0"
#201679538
b10011010 (
1"
#201698056
0"
#201716574
b10011011 (
1"
#201735092
0"
#201753610
b10011100 (
1"
#201772128
0"
#201790646
b10011101 (
1"
#201809164
0"
#201827682
b10011110 (
1"
#201846200
0"
#201864718
b10011111 (
1"
#201883236
0"
#201901754
b10100000 (
1"
#201920272
0"
#201938790
b10100001 (
1"
#201957308
0"
#201975826
b10100010 (
1"
#201994344
0"
#202012862
b10100011 (
1"
#202031380
0"
#202049898
b10100100 (
1"
#202068416
0"
#202086934
b10100101 (
1"
#202105452
0"
#202123970
b10100110 (
1"
#202142488
0"
#202161006
b10100111 (
1"
#202179524
0"
#202198042
b10101000 (
1"
#202216560
0"
#202235078
b10101001 (
1"
#202253596
0"
#202272114
b10101010 (
1"
#202290632
0"
#202309150
b10101011 (
1"
#202327668
0"
#202346186
b10101100 (
1"
#202364704
0"
#202383222
b10101101 (
1"
#202401740
0"
#202420258
b10101110 (
1"
#202438776
0"
#202457294
b10101111 (
1"
#202475812
0"
#202494330
b10110000 (
1"
#202512848
0"
#202531366
b10110001 (
1"
#202549884
0"
#202568402
b10110010 (
1"
#202586920
0"
#202605438
b10110011 (
1"
#202623956
0"
#202642474
b10110100 (
1"
#202660992
0"
#202679510
b10110101 (
1"
#202698028
0"
#202716546
b10110110 (
1"
#202735064
0"
#202753582
b10110111 (
1"
#202772100
0"
#202790618
b10111000 (
1"
#202809136
0"
#202827654
b10111001 (
1"
#202846172
0"
#202864690
b10111010 (
1"
#202883208
0"
#202901726
b10111011 (
1"
#202920244
0"
#202938762
b10111100 (
1"
#202957280
0"
#202975798
b10111101 (
1"
#202994316
0"
#203012834
b10111110 (
1"
#203031352
0"
#203049870
b10111111 (
1"
#203068388
0"
#203086906
b11000000 (
1"
#203105424
0"
#203123942
b11000001 (
1"
#203142460
0"
#203160978
b11000010 (
1"
#203179496
0"
#203198014
b11000011 (
1"
#203216532
0"
#203235050
b11000100 (
1"
#203253568
0"
#203272086
b11000101 (
1"
#203290604
0"
#203309122
b11000110 (
1"
#203327640
0"
#203346158
b11000111 (
1"
#203364676
0"
#203383194
b11001000 (
1"
#203401712
0"
#203420230
b11001001 (
1"
#203438748
0"
#203457266
b11001010 (
1"
#203475784
0"
#203494302
b11001011 (
1"
#203512820
0"
#203531338
b11001100 (
1"
#203549856
0"
#203568374
b11001101 (
1"
#203586892
0"
#203605410
b11001110 (
1"
#203623928
0"
#203642446
b11001111 (
1"
#203660964
0"
#203679482
b11010000 (
1"
#203698000
0"
#203716518
b11010001 (
1"
#203735036
0"
#203753554
b11010010 (
1"
#203772072
0"
#203790590
b11010011 (
1"
#203809108
0"
#203827626
b11010100 (
1"
#203846144
0"
#203864662
b11010101 (
1"
#203883180
0"
#203901698
b11010110 (
1"
#203920216
0"
#203938734
b11010111 (
1"
#203957252
0"
#203975770
b11011000 (
1"
#203994288
0"
#204012806
b11011001 (
1"
#204031324
0"
#204049842
b11011010 (
1"
#204068360
0"
#204086878
b11011011 (
1"
#204105396
0"
#204123914
b11011100 (
1"
#204142432
0"
#204160950
b11011101 (
1"
#204179468
0"
#204197986
b11011110 (
1"
#204216504
0"
#204235022
b11011111 (
1"
#204253540
0"
#204272058
b11100000 (
1"
#204290576
0"
#204309094
b11100001 (
1"
#204327612
0"
#204346130
b11100010 (
1"
#204364648
0"
#204383166
b11100011 (
1"
#204401684
0"
#204420202
b11100100 (
1"
#204438720
0"
#204457238
b11100101 (
1"
#204475756
0"
#204494274
b11100110 (
1"
#204512792
0"
#204531310
b11100111 (
1"
#204549828
0"
#204568346
b11101000 (
1"
#204586864
0"
#204605382
b11101001 (
1"
#204623900
0"
#204642418
b101 )
b1000001 +
b0 (
1"
#204660936
0"
#204679454
b1 (
1"
#204697972
0"
#204716490
b10 (
1"
#204735008
0"
#204753526
b11 (
1"
#204772044
0"
#204790562
b100 (
1"
#204809080
0"
#204827598
b101 (
1"
#204846116
0"
#204864634
b110 (
1"
#204883152
0"
#204901670
b111 (
1"
#204920188
0"
#204938706
b1000 (
1"
#204957224
0"
#204975742
b1001 (
1"
#204994260
0"
#205012778
b1010 (
1"
#205031296
0"
#205049814
b1011 (
1"
#205068332
0"
#205086850
b1100 (
1"
#205105368
0"
#205123886
b1101 (
1"
#205142404
0"
#205160922
b1110 (
1"
#205179440
0"
#205197958
b1111 (
1"
#205216476
0"
#205234994
b10000 (
1"
#205253512
0"
#205272030
b10001 (
1"
#205290548
0"
#205309066
b10010 (
1"
#205327584
0"
#205346102
b10011 (
1"
#205364620
0"
#205383138
b10100 (
1"
#205401656
0"
#205420174
b10101 (
1"
#205438692
0"
#205457210
b10110 (
1"
#205475728
0"
#205494246
b10111 (
1"
#205512764
0"
#205531282
b11000 (
1"
#205549800
0"
#205568318
b11001 (
1"
#205586836
0"
#205605354
b11010 (
1"
#205623872
0"
#205642390
b11011 (
1"
#205660908
0"
#205679426
b11100 (
1"
#205697944
0"
#205716462
b11101 (
1"
#205734980
0"
#205753498
b11110 (
1"
#205772016
0"
#205790534
b11111 (
1"
#205809052
0"
#205827570
b100000 (
1"
#205846088
0"
#205864606
b100001 (
1"
#205883124
0"
#205901642
b100010 (
1"
#205920160
0"
#205938678
b100011 (
1"
#205957196
0"
#205975714
b100100 (
1"
#205994232
0"
#206012750
b100101 (
1"
#206031268
0"
#206049786
b100110 (
1"
#206068304
0"
#206086822
b100111 (
1"
#206105340
0"
#206123858
b101000 (
1"
#206142376
0"
#206160894
b101001 (
1"
#206179412
0"
#206197930
b101010 (
1"
#206216448
0"
#206234966
b101011 (
1"
#206253484
0"
#206272002
b101100 (
1"
#206290520
0"
#206309038
b101101 (
1"
#206327556
0"
#206346074
b101110 (
1"
#206364592
0"
#206383110
b101111 (
1"
#206401628
0"
#206420146
b110000 (
1"
#206438664
0"
#206457182
b110001 (
1"
#206475700
0"
#206494218
b110010 (
1"
#206512736
0"
#206531254
b110011 (
1"
#206549772
0"
#206568290
b110100 (
1"
#206586808
0"
#206605326
b110101 (
1"
#206623844
0"
#206642362
b110110 (
1"
#206660880
0"
#206679398
b110111 (
1"
#206697916
0"
#206716434
b111000 (
1"
#206734952
0"
#206753470
b111001 (
1"
#206771988
0"
#206790506
b111010 (
1"
#206809024
0"
#206827542
b111011 (
1"
#206846060
0"
#206864578
b111100 (
1"
#206883096
0"
#206901614
b111101 (
1"
#206920132
0"
#206938650
b111110 (
1"
#206957168
0"
#206975686
b111111 (
1"
#206994204
0"
#207012722
b1000000 (
1"
#207031240
0"
#207049758
b1000001 (
1"
#207068276
0"
#207086794
b1000010 (
1"
#207105312
0"
#207123830
b1000011 (
1"
#207142348
0"
#207160866
b1000100 (
1"
#207179384
0"
#207197902
b1000101 (
1"
#207216420
0"
#207234938
b1000110 (
1"
#207253456
0"
#207271974
b1000111 (
1"
#207290492
0"
#207309010
b1001000 (
1"
#207327528
0"
#207346046
b1001001 (
1"
#207364564
0"
#207383082
b1001010 (
1"
#207401600
0"
#207420118
b1001011 (
1"
#207438636
0"
#207457154
b1001100 (
1"
#207475672
0"
#207494190
b1001101 (
1"
#207512708
0"
#207531226
b1001110 (
1"
#207549744
0"
#207568262
b1001111 (
1"
#207586780
0"
#207605298
b1010000 (
1"
#207623816
0"
#207642334
b1010001 (
1"
#207660852
0"
#207679370
b1010010 (
1"
#207697888
0"
#207716406
b1010011 (
1"
#207734924
0"
#207753442
b1010100 (
1"
#207771960
0"
#207790478
b1010101 (
1"
#207808996
0"
#207827514
b1010110 (
1"
#207846032
0"
#207864550
b1010111 (
1"
#207883068
0"
#207901586
b1011000 (
1"
#207920104
0"
#207938622
b1011001 (
1"
#207957140
0"
#207975658
b1011010 (
1"
#207994176
0"
#208012694
b1011011 (
1"
#208031212
0"
#208049730
b1011100 (
1"
#208068248
0"
#208086766
b1011101 (
1"
#208105284
0"
#208123802
b1011110 (
1"
#208142320
0"
#208160838
b1011111 (
1"
#208179356
0"
#208197874
b1100000 (
1"
#208216392
0"
#208234910
b1100001 (
1"
#208253428
0"
#208271946
b1100010 (
1"
#208290464
0"
#208308982
b1100011 (
1"
#208327500
0"
#208346018
b1100100 (
1"
#208364536
0"
#208383054
b1100101 (
1"
#208401572
0"
#208420090
b1100110 (
1"
#208438608
0"
#208457126
b1100111 (
1"
#208475644
0"
#208494162
b1101000 (
1"
#208512680
0"
#208531198
b1101001 (
1"
#208549716
0"
#208568234
b1101010 (
1"
#208586752
0"
#208605270
b1101011 (
1"
#208623788
0"
#208642306
b1101100 (
1"
#208660824
0"
#208679342
b1101101 (
1"
#208697860
0"
#208716378
b1101110 (
1"
#208734896
0"
#208753414
b1101111 (
1"
#208771932
0"
#208790450
b1110000 (
1"
#208808968
0"
#208827486
b1110001 (
1"
#208846004
0"
#208864522
b1110010 (
1"
#208883040
0"
#208901558
b1110011 (
1"
#208920000
b101 0
#208920076
0"
#208938594
b1110100 (
1"
#208957112
0"
#208975630
b1110101 (
1"
#208994148
0"
#209012666
b1110110 (
1"
#209031184
0"
#209049702
b1110111 (
1"
#209068220
0"
#209086738
b1111000 (
1"
#209105256
0"
#209123774
b1111001 (
1"
#209142292
0"
#209160810
b1111010 (
1"
#209179328
0"
#209197846
b1111011 (
1"
#209216364
0"
#209234882
b1111100 (
1"
#209253400
0"
#209271918
b1111101 (
1"
#209290436
0"
#209308954
b1111110 (
1"
#209327472
0"
#209345990
b1111111 (
1"
#209364508
0"
#209383026
b10000000 (
1"
#209401544
0"
#209420062
b10000001 (
1"
#209438580
0"
#209457098
b10000010 (
1"
#209475616
0"
#209494134
b10000011 (
1"
#209512652
0"
#209531170
b10000100 (
1"
#209549688
0"
#209568206
b10000101 (
1"
#209586724
0"
#209605242
b10000110 (
1"
#209623760
0"
#209642278
b10000111 (
1"
#209660796
0"
#209679314
b10001000 (
1"
#209697832
0"
#209716350
b10001001 (
1"
#209734868
0"
#209753386
b10001010 (
1"
#209771904
0"
#209790422
b10001011 (
1"
#209808940
0"
#209827458
b10001100 (
1"
#209845976
0"
#209864494
b10001101 (
1"
#209883012
0"
#209901530
b10001110 (
1"
#209920048
0"
#209938566
b10001111 (
1"
#209957084
0"
#209975602
b10010000 (
1"
#209994120
0"
#210012638
b10010001 (
1"
#210031156
0"
#210049674
b10010010 (
1"
#210068192
0"
#210086710
b10010011 (
1"
#210105228
0"
#210123746
b10010100 (
1"
#210142264
0"
#210160782
b10010101 (
1"
#210179300
0"
#210197818
b10010110 (
1"
#210216336
0"
#210234854
b10010111 (
1"
#210253372
0"
#210271890
b10011000 (
1"
#210290408
0"
#210308926
b10011001 (
1"
#210327444
0"
#210345962
b10011010 (
1"
#210364480
0"
#210382998
b10011011 (
1"
#210401516
0"
#210420034
b10011100 (
1"
#210438552
0"
#210457070
b10011101 (
1"
#210475588
0"
#210494106
b10011110 (
1"
#210512624
0"
#210531142
b10011111 (
1"
#210549660
0"
#210568178
b10100000 (
1"
#210586696
0"
#210605214
b10100001 (
1"
#210623732
0"
#210642250
b10100010 (
1"
#210660768
0"
#210679286
b10100011 (
1"
#210697804
0"
#210716322
b10100100 (
1"
#210734840
0"
#210753358
b10100101 (
1"
#210771876
0"
#210790394
b10100110 (
1"
#210808912
0"
#210827430
b10100111 (
1"
#210845948
0"
#210864466
b10101000 (
1"
#210882984
0"
#210901502
b10101001 (
1"
#210920020
0"
#210938538
b10101010 (
1"
#210957056
0"
#210975574
b10101011 (
1"
#210994092
0"
#211012610
b10101100 (
1"
#211031128
0"
#211049646
b10101101 (
1"
#211068164
0"
#211086682
b10101110 (
1"
#211105200
0"
#211123718
b10101111 (
1"
#211142236
0"
#211160754
b10110000 (
1"
#211179272
0"
#211197790
b10110001 (
1"
#211216308
0"
#211234826
b10110010 (
1"
#211253344
0"
#211271862
b10110011 (
1"
#211290380
0"
#211308898
b10110100 (
1"
#211327416
0"
#211345934
b10110101 (
1"
#211364452
0"
#211382970
b10110110 (
1"
#211401488
0"
#211420006
b10110111 (
1"
#211438524
0"
#211457042
b10111000 (
1"
#211475560
0"
#211494078
b10111001 (
1"
#211512596
0"
#211531114
b10111010 (
1"
#211549632
0"
#211568150
b10111011 (
1"
#211586668
0"
#211605186
b10111100 (
1"
#211623704
0"
#211642222
b10111101 (
1"
#211660740
0"
#211679258
b10111110 (
1"
#211697776
0"
#211716294
b10111111 (
1"
#211734812
0"
#211753330
b11000000 (
1"
#211771848
0"
#211790366
b11000001 (
1"
#211808884
0"
#211827402
b11000010 (
1"
#211845920
0"
#211864438
b11000011 (
1"
#211882956
0"
#211901474
b11000100 (
1"
#211919992
0"
#211938510
b11000101 (
1"
#211957028
0"
#211975546
b11000110 (
1"
#211994064
0"
#212012582
b11000111 (
1"
#212031100
0"
#212049618
b11001000 (
1"
#212068136
0"
#212086654
b11001001 (
1"
#212105172
0"
#212123690
b11001010 (
1"
#212142208
0"
#212160726
b11001011 (
1"
#212179244
0"
#212197762
b11001100 (
1"
#212216280
0"
#212234798
b11001101 (
1"
#212253316
0"
#212271834
b11001110 (
1"
#212290352
0"
#212308870
b11001111 (
1"
#212327388
0"
#212345906
b11010000 (
1"
#212364424
0"
#212382942
b11010001 (
1"
#212401460
0"
#212419978
b11010010 (
1"
#212438496
0"
#212457014
b11010011 (
1"
#212475532
0"
#212494050
b11010100 (
1"
#212512568
0"
#212531086
b11010101 (
1"
#212549604
0"
#212568122
b11010110 (
1"
#212586640
0"
#212605158
b11010111 (
1"
#212623676
0"
#212642194
b11011000 (
1"
#212660712
0"
#212679230
b11011001 (
1"
#212697748
0"
#212716266
b11011010 (
1"
#212734784
0"
#212753302
b11011011 (
1"
#212771820
0"
#212790338
b11011100 (
1"
#212808856
0"
#212827374
b11011101 (
1"
#212845892
0"
#212864410
b11011110 (
1"
#212882928
0"
#212901446
b11011111 (
1"
#212919964
0"
#212938482
b11100000 (
1"
#212957000
0"
#212975518
b11100001 (
1"
#212994036
0"
#213012554
b11100010 (
1"
#213031072
0"
#213049590
b11100011 (
1"
#213068108
0"
#213086626
b11100100 (
1"
#213105144
0"
#213123662
b11100101 (
1"
#213142180
0"
#213160698
b11100110 (
1"
#213179216
0"
#213197734
b11100111 (
1"
#213216252
0"
#213234770
b11101000 (
1"
#213253288
0"
#213271806
b11101001 (
1"
#213290324
0"
#213308842
b110 )
b0 (
1"
#213327360
0"
#213345878
b1 (
1"
#213364396
0"
#213382914
b10 (
1"
#213401432
0"
#213419950
b11 (
1"
#213438468
0"
#213456986
b100 (
1"
#213475504
0"
#213494022
b101 (
1"
#213512540
0"
#213531058
b110 (
1"
#213549576
0"
#213568094
b111 (
1"
#213586612
0"
#213605130
b1000 (
1"
#213623648
0"
#213642166
b1001 (
1"
#213660684
0"
#213679202
b1010 (
1"
#213697720
0"
#213716238
b1011 (
1"
#213734756
0"
#213753274
b1100 (
1"
#213771792
0"
#213790310
b1101 (
1"
#213808828
0"
#213827346
b1110 (
1"
#213845864
0"
#213864382
b1111 (
1"
#213882900
0"
#213901418
b10000 (
1"
#213919936
0"
#213938454
b10001 (
1"
#213956972
0"
#213975490
b10010 (
1"
#213994008
0"
#214012526
b10011 (
1"
#214031044
0"
#214049562
b10100 (
1"
#214068080
0"
#214086598
b10101 (
1"
#214105116
0"
#214123634
b10110 (
1"
#214142152
0"
#214160670
b10111 (
1"
#214179188
0"
#214197706
b11000 (
1"
#214216224
0"
#214234742
b11001 (
1"
#214253260
0"
#214271778
b11010 (
1"
#214290296
0"
#214308814
b11011 (
1"
#214327332
0"
#214345850
b11100 (
1"
#214364368
0"
#214382886
b11101 (
1"
#214401404
0"
#214419922
b11110 (
1"
#214438440
0"
#214456958
b11111 (
1"
#214475476
0"
#214493994
b100000 (
1"
#214512512
0"
#214531030
b100001 (
1"
#214549548
0"
#214568066
b100010 (
1"
#214586584
0"
#214605102
b100011 (
1"
#214623620
0"
#214642138
b100100 (
1"
#214660656
0"
#214679174
b100101 (
1"
#214697692
0"
#214716210
b100110 (
1"
#214734728
0"
#214753246
b100111 (
1"
#214771764
0"
#214790282
b101000 (
1"
#214808800
0"
#214827318
b101001 (
1"
#214845836
0"
#214864354
b101010 (
1"
#214882872
0"
#214901390
b101011 (
1"
#214919908
0"
#214938426
b101100 (
1"
#214956944
0"
#214975462
b101101 (
1"
#214993980
0"
#215012498
b101110 (
1"
#215031016
0"
#215049534
b101111 (
1"
#215068052
0"
#215086570
b110000 (
1"
#215105088
0"
#215123606
b110001 (
1"
#215142124
0"
#215160642
b110010 (
1"
#215179160
0"
#215197678
b110011 (
1"
#215216196
0"
#215234714
b110100 (
1"
#215253232
0"
#215271750
b110101 (
1"
#215290268
0"
#215308786
b110110 (
1"
#215327304
0"
#215345822
b110111 (
1"
#215364340
0"
#215382858
b111000 (
1"
#215401376
0"
#215419894
b111001 (
1"
#215438412
0"
#215456930
b111010 (
1"
#215475448
0"
#215493966
b111011 (
1"
#215512484
0"
#215531002
b111100 (
1"
#215549520
0"
#215568038
b111101 (
1"
#215586556
0"
#215605074
b111110 (
1"
#215623592
0"
#215642110
b111111 (
1"
#215660628
0"
#215679146
b1000000 (
1"
#215697664
0"
#215716182
b1000001 (
1"
#215734700
0"
#215753218
b1000010 (
1"
#215771736
0"
#215790254
b1000011 (
1"
#215808772
0"
#215827290
b1000100 (
1"
#215845808
0"
#215864326
b1000101 (
1"
#215882844
0"
#215901362
b1000110 (
1"
#215919880
0"
#215938398
b1000111 (
1"
#215956916
0"
#215975434
b1001000 (
1"
#215993952
0"
#216012470
b1001001 (
1"
#216030988
0"
#216049506
b1001010 (
1"
#216068024
0"
#216086542
b1001011 (
1"
#216105060
0"
#216123578
b1001100 (
1"
#216142096
0"
#216160614
b1001101 (
1"
#216179132
0"
#216197650
b1001110 (
1"
#216216168
0"
#216234686
b1001111 (
1"
#216253204
0"
#216271722
b1010000 (
1"
#216290240
0"
#216308758
b1010001 (
1"
#216327276
0"
#216345794
b1010010 (
1"
#216364312
0"
#216382830
b1010011 (
1"
#216401348
0"
#216419866
b1010100 (
1"
#216438384
0"
#216456902
b1010101 (
1"
#216475420
0"
#216493938
b1010110 (
1"
#216512456
0"
#216530974
b1010111 (
1"
#216549492
0"
#216568010
b1011000 (
1"
#216586528
0"
#216605046
b1011001 (
1"
#216623564
0"
#216642082
b1011010 (
1"
#216660600
0"
#216679118
b1011011 (
1"
#216697636
0"
#216716154
b1011100 (
1"
#216734672
0"
#216753190
b1011101 (
1"
#216771708
0"
#216790226
b1011110 (
1"
#216808744
0"
#216827262
b1011111 (
1"
#216845780
0"
#216864298
b1100000 (
1"
#216882816
0"
#216901334
b1100001 (
1"
#216919852
0"
#216938370
b1100010 (
1"
#216956888
0"
#216975406
b1100011 (
1"
#216993924
0"
#217012442
b1100100 (
1"
#217030960
0"
#217049478
b1100101 (
1"
#217067996
0"
#217086514
b1100110 (
1"
#217105032
0"
#217123550
b1100111 (
1"
#217142068
0"
#217160586
b1101000 (
1"
#217179104
0"
#217197622
b1101001 (
1"
#217216140
0"
#217234658
b1101010 (
1"
#217253176
0"
#217271694
b1101011 (
1"
#217290212
0"
#217308730
b1101100 (
1"
#217327248
0"
#217345766
b1101101 (
1"
#217364284
0"
#217382802
b1101110 (
1"
#217401320
0"
#217419838
b1101111 (
1"
#217438356
0"
#217456874
b1110000 (
1"
#217475392
0"
#217493910
b1110001 (
1"
#217512428
0"
#217530946
b1110010 (
1"
#217549464
0"
#217567982
b1110011 (
1"
#217586500
0"
#217590000
1$
b110 0
#217605018
b1110100 (
1-
1"
#217623536
0"
#217642054
b1110101 (
1.
1"
#217660572
0"
#217679090
b1110110 (
1"
#217697608
0"
#217716126
b1110111 (
1"
#217734644
0"
#217753162
b1111000 (
1"
#217771680
0"
#217790198
b1111001 (
1"
#217808716
0"
#217827234
b1111010 (
1"
#217845752
0"
#217864270
b1111011 (
1"
#217882788
0"
#217901306
b1111100 (
1"
#217919824
0"
#217938342
b1111101 (
1"
#217956860
0"
#217975378
b1111110 (
1"
#217993896
0"
#218012414
b1111111 (
1"
#218030932
0"
#218049450
b10000000 (
1"
#218067968
0"
#218086486
b10000001 (
1"
#218105004
0"
#218123522
b10000010 (
1"
#218142040
0"
#218160558
b10000011 (
1"
#218179076
0"
#218197594
b10000100 (
1"
#218216112
0"
#218234630
b10000101 (
1"
#218253148
0"
#218271666
b10000110 (
1"
#218290184
0"
#218308702
b10000111 (
1"
#218327220
0"
#218345738
b10001000 (
1"
#218364256
0"
#218382774
b10001001 (
1"
#218401292
0"
#218419810
b10001010 (
1"
#218438328
0"
#218456846
b10001011 (
1"
#218475364
0"
#218493882
b10001100 (
1"
#218512400
0"
#218530918
b10001101 (
1"
#218549436
0"
#218567954
b10001110 (
1"
#218586472
0"
#218604990
b10001111 (
1"
#218623508
0"
#218642026
b10010000 (
1"
#218660544
0"
#218679062
b10010001 (
1"
#218697580
0"
#218716098
b10010010 (
1"
#218734616
0"
#218753134
b10010011 (
1"
#218771652
0"
#218790170
b10010100 (
1"
#218808688
0"
#218827206
b10010101 (
1"
#218845724
0"
#218864242
b10010110 (
1"
#218882760
0"
#218901278
b10010111 (
1"
#218919796
0"
#218938314
b10011000 (
1"
#218956832
0"
#218975350
b10011001 (
1"
#218993868
0"
#219012386
b10011010 (
1"
#219030904
0"
#219049422
b10011011 (
1"
#219067940
0"
#219086458
b10011100 (
1"
#219104976
0"
#219123494
b10011101 (
1"
#219142012
0"
#219160530
b10011110 (
1"
#219179048
0"
#219197566
b10011111 (
1"
#219216084
0"
#219234602
b10100000 (
1"
#219253120
0"
#219271638
b10100001 (
1"
#219290156
0"
#219308674
b10100010 (
1"
#219327192
0"
#219345710
b10100011 (
1"
#219364228
0"
#219382746
b10100100 (
1"
#219401264
0"
#219419782
b10100101 (
1"
#219438300
0"
#219456818
b10100110 (
1"
#219475336
0"
#219493854
b10100111 (
1"
#219512372
0"
#219530890
b10101000 (
1"
#219549408
0"
#219567926
b10101001 (
1"
#219586444
0"
#219604962
b10101010 (
1"
#219623480
0"
#219641998
b10101011 (
1"
#219660516
0"
#219679034
b10101100 (
1"
#219697552
0"
#219716070
b10101101 (
1"
#219734588
0"
#219753106
b10101110 (
1"
#219771624
0"
#219790142
b10101111 (
1"
#219808660
0"
#219827178
b10110000 (
1"
#219845696
0"
#219864214
b10110001 (
1"
#219882732
0"
#219901250
b10110010 (
1"
#219919768
0"
#219938286
b10110011 (
1"
#219956804
0"
#219975322
b10110100 (
1"
#219993840
0"
#220012358
b10110101 (
1"
#220030876
0"
#220049394
b10110110 (
1"
#220067912
0"
#220086430
b10110111 (
1"
#220104948
0"
#220123466
b10111000 (
1"
#220141984
0"
#220160502
b10111001 (
1"
#220179020
0"
#220197538
b10111010 (
1"
#220216056
0"
#220234574
b10111011 (
1"
#220253092
0"
#220271610
b10111100 (
1"
#220290128
0"
#220308646
b10111101 (
1"
#220327164
0"
#220345682
b10111110 (
1"
#220364200
0"
#220382718
b10111111 (
1"
#220401236
0"
#220419754
b11000000 (
1"
#220438272
0"
#220456790
b11000001 (
1"
#220475308
0"
#220493826
b11000010 (
1"
#220512344
0"
#220530862
b11000011 (
1"
#220549380
0"
#220567898
b11000100 (
1"
#220586416
0"
#220604934
b11000101 (
1"
#220623452
0"
#220641970
b11000110 (
1"
#220660488
0"
#220679006
b11000111 (
1"
#220697524
0"
#220716042
b11001000 (
1"
#220734560
0"
#220753078
b11001001 (
1"
#220771596
0"
#220790114
b11001010 (
1"
#220808632
0"
#220827150
b11001011 (
1"
#220845668
0"
#220864186
b11001100 (
1"
#220882704
0"
#220901222
b11001101 (
1"
#220919740
0"
#220938258
b11001110 (
1"
#220956776
0"
#220975294
b11001111 (
1"
#220993812
0"
#221012330
b11010000 (
1"
#221030848
0"
#221049366
b11010001 (
1"
#221067884
0"
#221086402
b11010010 (
1"
#221104920
0"
#221123438
b11010011 (
1"
#221141956
0"
#221160474
b11010100 (
1"
#221178992
0"
#221197510
b11010101 (
1"
#221216028
0"
#221234546
b11010110 (
1"
#221253064
0"
#221271582
b11010111 (
1"
#221290100
0"
#221308618
b11011000 (
1"
#221327136
0"
#221345654
b11011001 (
1"
#221364172
0"
#221382690
b11011010 (
1"
#221401208
0"
#221419726
b11011011 (
1"
#221438244
0"
#221456762
b11011100 (
1"
#221475280
0"
#221493798
b11011101 (
1"
#221512316
0"
#221530834
b11011110 (
1"
#221549352
0"
#221567870
b11011111 (
1"
#221586388
0"
#221604906
b11100000 (
1"
#221623424
0"
#221641942
b11100001 (
1"
#221660460
0"
#221678978
b11100010 (
1"
#221697496
0"
#221716014
b11100011 (
1"
#221734532
0"
#221753050
b11100100 (
1"
#221771568
0"
#221790086
b11100101 (
1"
#221808604
0"
#221827122
b11100110 (
1"
#221845640
0"
#221864158
b11100111 (
1"
#221882676
0"
#221901194
b11101000 (
1"
#221919712
0"
#221938230
b11101001 (
1"
#221956748
0"
#221975266
b111 )
b0 (
1"
#221993784
0"
#222012302
b1 (
1"
#222030820
0"
#222049338
b10 (
1"
#222067856
0"
#222086374
b11 (
1"
#222104892
0"
#222123410
b100 (
1"
#222141928
0"
#222160446
b101 (
1"
#222178964
0"
#222197482
b110 (
1"
#222216000
0"
#222234518
b111 (
1"
#222253036
0"
#222271554
b1000 (
1"
#222290072
0"
#222308590
b1001 (
1"
#222327108
0"
#222345626
b1010 (
1"
#222364144
0"
#222382662
b1011 (
1"
#222401180
0"
#222419698
b1100 (
1"
#222438216
0"
#222456734
b1101 (
1"
#222475252
0"
#222493770
b1110 (
1"
#222512288
0"
#222530806
b1111 (
1"
#222549324
0"
#222567842
b10000 (
1"
#222586360
0"
#222604878
b10001 (
1"
#222623396
0"
#222641914
b10010 (
1"
#222660432
0"
#222678950
b10011 (
1"
#222697468
0"
#222715986
b10100 (
1"
#222734504
0"
#222753022
b10101 (
1"
#222771540
0"
#222790058
b10110 (
1"
#222808576
0"
#222827094
b10111 (
1"
#222845612
0"
#222864130
b11000 (
1"
#222882648
0"
#222901166
b11001 (
1"
#222919684
0"
#222938202
b11010 (
1"
#222956720
0"
#222975238
b11011 (
1"
#222993756
0"
#223012274
b11100 (
1"
#223030792
0"
#223049310
b11101 (
1"
#223067828
0"
#223086346
b11110 (
1"
#223104864
0"
#223123382
b11111 (
1"
#223141900
0"
#223160418
b100000 (
1"
#223178936
0"
#223197454
b100001 (
1"
#223215972
0"
#223234490
b100010 (
1"
#223253008
0"
#223271526
b100011 (
1"
#223290044
0"
#223308562
b100100 (
1"
#223327080
0"
#223345598
b100101 (
1"
#223364116
0"
#223382634
b100110 (
1"
#223401152
0"
#223419670
b100111 (
1"
#223438188
0"
#223456706
b101000 (
1"
#223475224
0"
#223493742
b101001 (
1"
#223512260
0"
#223530778
b101010 (
1"
#223549296
0"
#223567814
b101011 (
1"
#223586332
0"
#223604850
b101100 (
1"
#223623368
0"
#223641886
b101101 (
1"
#223660404
0"
#223678922
b101110 (
1"
#223697440
0"
#223715958
b101111 (
1"
#223734476
0"
#223752994
b110000 (
1"
#223771512
0"
#223790030
b110001 (
1"
#223808548
0"
#223827066
b110010 (
1"
#223845584
0"
#223864102
b110011 (
1"
#223882620
0"
#223901138
b110100 (
1"
#223919656
0"
#223938174
b110101 (
1"
#223956692
0"
#223975210
b110110 (
1"
#223993728
0"
#224012246
b110111 (
1"
#224030764
0"
#224049282
b111000 (
1"
#224067800
0"
#224086318
b111001 (
1"
#224104836
0"
#224123354
b111010 (
1"
#224141872
0"
#224160390
b111011 (
1"
#224178908
0"
#224197426
b111100 (
1"
#224215944
0"
#224234462
b111101 (
1"
#224252980
0"
#224271498
b111110 (
1"
#224290016
0"
#224308534
b111111 (
1"
#224327052
0"
#224345570
b1000000 (
1"
#224364088
0"
#224382606
b1000001 (
1"
#224401124
0"
#224419642
b1000010 (
1"
#224438160
0"
#224456678
b1000011 (
1"
#224475196
0"
#224493714
b1000100 (
1"
#224512232
0"
#224530750
b1000101 (
1"
#224549268
0"
#224567786
b1000110 (
1"
#224586304
0"
#224604822
b1000111 (
1"
#224623340
0"
#224641858
b1001000 (
1"
#224660376
0"
#224678894
b1001001 (
1"
#224697412
0"
#224715930
b1001010 (
1"
#224734448
0"
#224752966
b1001011 (
1"
#224771484
0"
#224790002
b1001100 (
1"
#224808520
0"
#224827038
b1001101 (
1"
#224845556
0"
#224864074
b1001110 (
1"
#224882592
0"
#224901110
b1001111 (
1"
#224919628
0"
#224938146
b1010000 (
1"
#224956664
0"
#224975182
b1010001 (
1"
#224993700
0"
#225012218
b1010010 (
1"
#225030736
0"
#225049254
b1010011 (
1"
#225067772
0"
#225086290
b1010100 (
1"
#225104808
0"
#225123326
b1010101 (
1"
#225141844
0"
#225160362
b1010110 (
1"
#225178880
0"
#225197398
b1010111 (
1"
#225215916
0"
#225234434
b1011000 (
1"
#225252952
0"
#225271470
b1011001 (
1"
#225289988
0"
#225308506
b1011010 (
1"
#225327024
0"
#225345542
b1011011 (
1"
#225364060
0"
#225382578
b1011100 (
1"
#225401096
0"
#225419614
b1011101 (
1"
#225438132
0"
#225456650
b1011110 (
1"
#225475168
0"
#225493686
b1011111 (
1"
#225512204
0"
#225530722
b1100000 (
1"
#225549240
0"
#225567758
b1100001 (
1"
#225586276
0"
#225604794
b1100010 (
1"
#225623312
0"
#225641830
b1100011 (
1"
#225660348
0"
#225678866
b1100100 (
1"
#225697384
0"
#225715902
b1100101 (
1"
#225734420
0"
#225752938
b1100110 (
1"
#225771456
0"
#225789974
b1100111 (
1"
#225808492
0"
#225827010
b1101000 (
1"
#225845528
0"
#225864046
b1101001 (
1"
#225882564
0"
#225901082
b1101010 (
1"
#225919600
0"
#225938118
b1101011 (
1"
#225956636
0"
#225975154
b1101100 (
1"
#225993672
0"
#226012190
b1101101 (
1"
#226030708
0"
#226049226
b1101110 (
1"
#226067744
0"
#226086262
b1101111 (
1"
#226104780
0"
#226123298
b1110000 (
1"
#226141816
0"
#226160334
b1110001 (
1"
#226178852
0"
#226197370
b1110010 (
1"
#226215888
0"
#226234406
b1110011 (
1"
#226252924
0"
#226260000
0$
b111 0
#226271442
b1110100 (
0-
1"
#226289960
0"
#226308478
b1110101 (
0.
1"
#226326996
0"
#226345514
b1110110 (
1"
#226364032
0"
#226382550
b1110111 (
1"
#226401068
0"
#226419586
b1111000 (
1"
#226438104
0"
#226456622
b1111001 (
1"
#226475140
0"
#226493658
b1111010 (
1"
#226512176
0"
#226530694
b1111011 (
1"
#226549212
0"
#226567730
b1111100 (
1"
#226586248
0"
#226604766
b1111101 (
1"
#226623284
0"
#226641802
b1111110 (
1"
#226660320
0"
#226678838
b1111111 (
1"
#226697356
0"
#226715874
b10000000 (
1"
#226734392
0"
#226752910
b10000001 (
1"
#226771428
0"
#226789946
b10000010 (
1"
#226808464
0"
#226826982
b10000011 (
1"
#226845500
0"
#226864018
b10000100 (
1"
#226882536
0"
#226901054
b10000101 (
1"
#226919572
0"
#226938090
b10000110 (
1"
#226956608
0"
#226975126
b10000111 (
1"
#226993644
0"
#227012162
b10001000 (
1"
#227030680
0"
#227049198
b10001001 (
1"
#227067716
0"
#227086234
b10001010 (
1"
#227104752
0"
#227123270
b10001011 (
1"
#227141788
0"
#227160306
b10001100 (
1"
#227178824
0"
#227197342
b10001101 (
1"
#227215860
0"
#227234378
b10001110 (
1"
#227252896
0"
#227271414
b10001111 (
1"
#227289932
0"
#227308450
b10010000 (
1"
#227326968
0"
#227345486
b10010001 (
1"
#227364004
0"
#227382522
b10010010 (
1"
#227401040
0"
#227419558
b10010011 (
1"
#227438076
0"
#227456594
b10010100 (
1"
#227475112
0"
#227493630
b10010101 (
1"
#227512148
0"
#227530666
b10010110 (
1"
#227549184
0"
#227567702
b10010111 (
1"
#227586220
0"
#227604738
b10011000 (
1"
#227623256
0"
#227641774
b10011001 (
1"
#227660292
0"
#227678810
b10011010 (
1"
#227697328
0"
#227715846
b10011011 (
1"
#227734364
0"
#227752882
b10011100 (
1"
#227771400
0"
#227789918
b10011101 (
1"
#227808436
0"
#227826954
b10011110 (
1"
#227845472
0"
#227863990
b10011111 (
1"
#227882508
0"
#227901026
b10100000 (
1"
#227919544
0"
#227938062
b10100001 (
1"
#227956580
0"
#227975098
b10100010 (
1"
#227993616
0"
#228012134
b10100011 (
1"
#228030652
0"
#228049170
b10100100 (
1"
#228067688
0"
#228086206
b10100101 (
1"
#228104724
0"
#228123242
b10100110 (
1"
#228141760
0"
#228160278
b10100111 (
1"
#228178796
0"
#228197314
b10101000 (
1"
#228215832
0"
#228234350
b10101001 (
1"
#228252868
0"
#228271386
b10101010 (
1"
#228289904
0"
#228308422
b10101011 (
1"
#228326940
0"
#228345458
b10101100 (
1"
#228363976
0"
#228382494
b10101101 (
1"
#228401012
0"
#228419530
b10101110 (
1"
#228438048
0"
#228456566
b10101111 (
1"
#228475084
0"
#228493602
b10110000 (
1"
#228512120
0"
#228530638
b10110001 (
1"
#228549156
0"
#228567674
b10110010 (
1"
#228586192
0"
#228604710
b10110011 (
1"
#228623228
0"
#228641746
b10110100 (
1"
#228660264
0"
#228678782
b10110101 (
1"
#228697300
0"
#228715818
b10110110 (
1"
#228734336
0"
#228752854
b10110111 (
1"
#228771372
0"
#228789890
b10111000 (
1"
#228808408
0"
#228826926
b10111001 (
1"
#228845444
0"
#228863962
b10111010 (
1"
#228882480
0"
#228900998
b10111011 (
1"
#228919516
0"
#228938034
b10111100 (
1"
#228956552
0"
#228975070
b10111101 (
1"
#228993588
0"
#229012106
b10111110 (
1"
#229030624
0"
#229049142
b10111111 (
1"
#229067660
0"
#229086178
b11000000 (
1"
#229104696
0"
#229123214
b11000001 (
1"
#229141732
0"
#229160250
b11000010 (
1"
#229178768
0"
#229197286
b11000011 (
1"
#229215804
0"
#229234322
b11000100 (
1"
#229252840
0"
#229271358
b11000101 (
1"
#229289876
0"
#229308394
b11000110 (
1"
#229326912
0"
#229345430
b11000111 (
1"
#229363948
0"
#229382466
b11001000 (
1"
#229400984
0"
#229419502
b11001001 (
1"
#229438020
0"
#229456538
b11001010 (
1"
#229475056
0"
#229493574
b11001011 (
1"
#229512092
0"
#229530610
b11001100 (
1"
#229549128
0"
#229567646
b11001101 (
1"
#229586164
0"
#229604682
b11001110 (
1"
#229623200
0"
#229641718
b11001111 (
1"
#229660236
0"
#229678754
b11010000 (
1"
#229697272
0"
#229715790
b11010001 (
1"
#229734308
0"
#229752826
b11010010 (
1"
#229771344
0"
#229789862
b11010011 (
1"
#229808380
0"
#229826898
b11010100 (
1"
#229845416
0"
#229863934
b11010101 (
1"
#229882452
0"
#229900970
b11010110 (
1"
#229919488
0"
#229938006
b11010111 (
1"
#229956524
0"
#229975042
b11011000 (
1"
#229993560
0"
#230012078
b11011001 (
1"
#230030596
0"
#230049114
b11011010 (
1"
#230067632
0"
#230086150
b11011011 (
1"
#230104668
0"
#230123186
b11011100 (
1"
#230141704
0"
#230160222
b11011101 (
1"
#230178740
0"
#230197258
b11011110 (
1"
#230215776
0"
#230234294
b11011111 (
1"
#230252812
0"
#230271330
b11100000 (
1"
#230289848
0"
#230308366
b11100001 (
1"
#230326884
0"
#230345402
b11100010 (
1"
#230363920
0"
#230382438
b11100011 (
1"
#230400956
0"
#230419474
b11100100 (
1"
#230437992
0"
#230456510
b11100101 (
1"
#230475028
0"
#230493546
b11100110 (
1"
#230512064
0"
#230530582
b11100111 (
1"
#230549100
0"
#230567618
b11101000 (
1"
#230586136
0"
#230604654
b11101001 (
1"
#230623172
0"
#230641690
b11 ,
b0 (
1"
#230660208
0"
#230678726
b1 (
1"
#230697244
0"
#230715762
b10 (
1"
#230734280
0"
#230752798
b11 (
1"
#230771316
0"
#230789834
b100 (
1"
#230808352
0"
#230826870
b101 (
1"
#230845388
0"
#230863906
b110 (
1"
#230882424
0"
#230900942
b111 (
1"
#230919460
0"
#230937978
b1000 (
1"
#230956496
0"
#230975014
b1001 (
1"
#230993532
0"
#231012050
b1010 (
1"
#231030568
0"
#231049086
b1011 (
1"
#231067604
0"
#231086122
b1100 (
1"
#231104640
0"
#231123158
b1101 (
1"
#231141676
0"
#231160194
b1110 (
1"
#231178712
0"
#231197230
b1111 (
1"
#231215748
0"
#231234266
b10000 (
1"
#231252784
0"
#231271302
b10001 (
1"
#231289820
0"
#231308338
b10010 (
1"
#231326856
0"
#231345374
b10011 (
1"
#231363892
0"
#231382410
b10100 (
1"
#231400928
0"
#231419446
b10101 (
1"
#231437964
0"
#231456482
b10110 (
1"
#231475000
0"
#231493518
b10111 (
1"
#231512036
0"
#231530554
b11000 (
1"
#231549072
0"
#231567590
b11001 (
1"
#231586108
0"
#231604626
b11010 (
1"
#231623144
0"
#231641662
b11011 (
1"
#231660180
0"
#231678698
b11100 (
1"
#231697216
0"
#231715734
b11101 (
1"
#231734252
0"
#231752770
b11110 (
1"
#231771288
0"
#231789806
b11111 (
1"
#231808324
0"
#231826842
b100000 (
1"
#231845360
0"
#231863878
b100001 (
1"
#231882396
0"
#231900914
b100010 (
1"
#231919432
0"
#231937950
b100011 (
1"
#231956468
0"
#231974986
b100100 (
1"
#231993504
0"
#232012022
b100101 (
1"
#232030540
0"
#232049058
b100110 (
1"
#232067576
0"
#232086094
b100111 (
1"
#232104612
0"
#232123130
b101000 (
1"
#232141648
0"
#232160166
b101001 (
1"
#232178684
0"
#232197202
b101010 (
1"
#232215720
0"
#232234238
b101011 (
1"
#232252756
0"
#232271274
b101100 (
1"
#232289792
0"
#232308310
b101101 (
1"
#232326828
0"
#232345346
b101110 (
1"
#232363864
0"
#232382382
b101111 (
1"
#232400900
0"
#232419418
b110000 (
1"
#232437936
0"
#232456454
b110001 (
1"
#232474972
0"
#232493490
b110010 (
1"
#232512008
0"
#232530526
b110011 (
1"
#232549044
0"
#232567562
b110100 (
1"
#232586080
0"
#232604598
b110101 (
1"
#232623116
0"
#232641634
b110110 (
1"
#232660152
0"
#232678670
b110111 (
1"
#232697188
0"
#232715706
b111000 (
1"
#232734224
0"
#232752742
b111001 (
1"
#232771260
0"
#232789778
b111010 (
1"
#232808296
0"
#232826814
b111011 (
1"
#232845332
0"
#232863850
b111100 (
1"
#232882368
0"
#232900886
b111101 (
1"
#232919404
0"
#232937922
b111110 (
1"
#232956440
0"
#232974958
b111111 (
1"
#232993476
0"
#233011994
b1000000 (
1"
#233030512
0"
#233049030
b1000001 (
1"
#233067548
0"
#233086066
b1000010 (
1"
#233104584
0"
#233123102
b1000011 (
1"
#233141620
0"
#233160138
b1000100 (
1"
#233178656
0"
#233197174
b1000101 (
1"
#233215692
0"
#233234210
b1000110 (
1"
#233252728
0"
#233271246
b1000111 (
1"
#233289764
0"
#233308282
b1001000 (
1"
#233326800
0"
#233345318
b1001001 (
1"
#233363836
0"
#233382354
b1001010 (
1"
#233400872
0"
#233419390
b1001011 (
1"
#233437908
0"
#233456426
b1001100 (
1"
#233474944
0"
#233493462
b1001101 (
1"
#233511980
0"
#233530498
b1001110 (
1"
#233549016
0"
#233567534
b1001111 (
1"
#233586052
0"
#233604570
b1010000 (
1"
#233623088
0"
#233641606
b1010001 (
1"
#233660124
0"
#233678642
b1010010 (
1"
#233697160
0"
#233715678
b1010011 (
1"
#233734196
0"
#233752714
b1010100 (
1"
#233771232
0"
#233789750
b1010101 (
1"
#233808268
0"
#233826786
b1010110 (
1"
#233845304
0"
#233863822
b1010111 (
1"
#233882340
0"
#233900858
b1011000 (
1"
#233919376
0"
#233937894
b1011001 (
1"
#233956412
0"
#233974930
b1011010 (
1"
#233993448
0"
#234011966
b1011011 (
1"
#234030484
0"
#234049002
b1011100 (
1"
#234067520
0"
#234086038
b1011101 (
1"
#234104556
0"
#234123074
b1011110 (
1"
#234141592
0"
#234160110
b1011111 (
1"
#234178628
0"
#234197146
b1100000 (
1"
#234215664
0"
#234234182
b1100001 (
1"
#234252700
0"
#234271218
b1100010 (
1"
#234289736
0"
#234308254
b1100011 (
1"
#234326772
0"
#234345290
b1100100 (
1"
#234363808
0"
#234382326
b1100101 (
1"
#234400844
0"
#234419362
b1100110 (
1"
#234437880
0"
#234456398
b1100111 (
1"
#234474916
0"
#234493434
b1101000 (
1"
#234511952
0"
#234530470
b1101001 (
1"
#234548988
0"
#234567506
b1101010 (
1"
#234586024
0"
#234604542
b1101011 (
1"
#234623060
0"
#234641578
b1101100 (
1"
#234660096
0"
#234678614
b1101101 (
1"
#234697132
0"
#234715650
b1101110 (
1"
#234734168
0"
#234752686
b1101111 (
1"
#234771204
0"
#234789722
b1110000 (
1"
#234808240
0"
#234826758
b1110001 (
1"
#234845276
0"
#234863794
b1110010 (
1"
#234882312
0"
#234900830
b1110011 (
1"
#234919348
0"
#234930000
1$
b1000 0
#234937866
b1110100 (
1-
1"
#234956384
0"
#234974902
b1110101 (
1.
1"
#234993420
0"
#235011938
b1110110 (
1"
#235030456
0"
#235048974
b1110111 (
1"
#235067492
0"
#235086010
b1111000 (
1"
#235104528
0"
#235123046
b1111001 (
1"
#235141564
0"
#235160082
b1111010 (
1"
#235178600
0"
#235197118
b1111011 (
1"
#235215636
0"
#235234154
b1111100 (
1"
#235252672
0"
#235271190
b1111101 (
1"
#235289708
0"
#235308226
b1111110 (
1"
#235326744
0"
#235345262
b1111111 (
1"
#235363780
0"
#235382298
b10000000 (
1"
#235400816
0"
#235419334
b10000001 (
1"
#235437852
0"
#235456370
b10000010 (
1"
#235474888
0"
#235493406
b10000011 (
1"
#235511924
0"
#235530442
b10000100 (
1"
#235548960
0"
#235567478
b10000101 (
1"
#235585996
0"
#235604514
b10000110 (
1"
#235623032
0"
#235641550
b10000111 (
1"
#235660068
0"
#235678586
b10001000 (
1"
#235697104
0"
#235715622
b10001001 (
1"
#235734140
0"
#235752658
b10001010 (
1"
#235771176
0"
#235789694
b10001011 (
1"
#235808212
0"
#235826730
b10001100 (
1"
#235845248
0"
#235863766
b10001101 (
1"
#235882284
0"
#235900802
b10001110 (
1"
#235919320
0"
#235937838
b10001111 (
1"
#235956356
0"
#235974874
b10010000 (
1"
#235993392
0"
#236011910
b10010001 (
1"
#236030428
0"
#236048946
b10010010 (
1"
#236067464
0"
#236085982
b10010011 (
1"
#236104500
0"
#236123018
b10010100 (
1"
#236141536
0"
#236160054
b10010101 (
1"
#236178572
0"
#236197090
b10010110 (
1"
#236215608
0"
#236234126
b10010111 (
1"
#236252644
0"
#236271162
b10011000 (
1"
#236289680
0"
#236308198
b10011001 (
1"
#236326716
0"
#236345234
b10011010 (
1"
#236363752
0"
#236382270
b10011011 (
1"
#236400788
0"
#236419306
b10011100 (
1"
#236437824
0"
#236456342
b10011101 (
1"
#236474860
0"
#236493378
b10011110 (
1"
#236511896
0"
#236530414
b10011111 (
1"
#236548932
0"
#236567450
b10100000 (
1"
#236585968
0"
#236604486
b10100001 (
1"
#236623004
0"
#236641522
b10100010 (
1"
#236660040
0"
#236678558
b10100011 (
1"
#236697076
0"
#236715594
b10100100 (
1"
#236734112
0"
#236752630
b10100101 (
1"
#236771148
0"
#236789666
b10100110 (
1"
#236808184
0"
#236826702
b10100111 (
1"
#236845220
0"
#236863738
b10101000 (
1"
#236882256
0"
#236900774
b10101001 (
1"
#236919292
0"
#236937810
b10101010 (
1"
#236956328
0"
#236974846
b10101011 (
1"
#236993364
0"
#237011882
b10101100 (
1"
#237030400
0"
#237048918
b10101101 (
1"
#237067436
0"
#237085954
b10101110 (
1"
#237104472
0"
#237122990
b10101111 (
1"
#237141508
0"
#237160026
b10110000 (
1"
#237178544
0"
#237197062
b10110001 (
1"
#237215580
0"
#237234098
b10110010 (
1"
#237252616
0"
#237271134
b10110011 (
1"
#237289652
0"
#237308170
b10110100 (
1"
#237326688
0"
#237345206
b10110101 (
1"
#237363724
0"
#237382242
b10110110 (
1"
#237400760
0"
#237419278
b10110111 (
1"
#237437796
0"
#237456314
b10111000 (
1"
#237474832
0"
#237493350
b10111001 (
1"
#237511868
0"
#237530386
b10111010 (
1"
#237548904
0"
#237567422
b10111011 (
1"
#237585940
0"
#237604458
b10111100 (
1"
#237622976
0"
#237641494
b10111101 (
1"
#237660012
0"
#237678530
b10111110 (
1"
#237697048
0"
#237715566
b10111111 (
1"
#237734084
0"
#237752602
b11000000 (
1"
#237771120
0"
#237789638
b11000001 (
1"
#237808156
0"
#237826674
b11000010 (
1"
#237845192
0"
#237863710
b11000011 (
1"
#237882228
0"
#237900746
b11000100 (
1"
#237919264
0"
#237937782
b11000101 (
1"
#237956300
0"
#237974818
b11000110 (
1"
#237993336
0"
#238011854
b11000111 (
1"
#238030372
0"
#238048890
b11001000 (
1"
#238067408
0"
#238085926
b11001001 (
1"
#238104444
0"
#238122962
b11001010 (
1"
#238141480
0"
#238159998
b11001011 (
1"
#238178516
0"
#238197034
b11001100 (
1"
#238215552
0"
#238234070
b11001101 (
1"
#238252588
0"
#238271106
b11001110 (
1"
#238289624
0"
#238308142
b11001111 (
1"
#238326660
0"
#238345178
b11010000 (
1"
#238363696
0"
#238382214
b11010001 (
1"
#238400732
0"
#238419250
b11010010 (
1"
#238437768
0"
#238456286
b11010011 (
1"
#238474804
0"
#238493322
b11010100 (
1"
#238511840
0"
#238530358
b11010101 (
1"
#238548876
0"
#238567394
b11010110 (
1"
#238585912
0"
#238604430
b11010111 (
1"
#238622948
0"
#238641466
b11011000 (
1"
#238659984
0"
#238678502
b11011001 (
1"
#238697020
0"
#238715538
b11011010 (
1"
#238734056
0"
#238752574
b11011011 (
1"
#238771092
0"
#238789610
b11011100 (
1"
#238808128
0"
#238826646
b11011101 (
1"
#238845164
0"
#238863682
b11011110 (
1"
#238882200
0"
#238900718
b11011111 (
1"
#238919236
0"
#238937754
b11100000 (
1"
#238956272
0"
#238974790
b11100001 (
1"
#238993308
0"
#239011826
b11100010 (
1"
#239030344
0"
#239048862
b11100011 (
1"
#239067380
0"
#239085898
b11100100 (
1"
#239104416
0"
#239122934
b11100101 (
1"
#239141452
0"
#239159970
b11100110 (
1"
#239178488
0"
#239197006
b11100111 (
1"
#239215524
0"
#239234042
b11101000 (
1"
#239252560
0"
#239271078
b11101001 (
1"
#239289596
0"
#239308114
b100 ,
b0 (
1"
#239326632
0"
#239345150
b111110 !
b111110 %
b0 ,
b1000001 *
1"
#239363668
0"
#239382186
b0 )
1"
#239400704
0"
#239419222
1"
#239437740
0"
#239456258
1"
#239474776
0"
#239493294
1"
#239511812
0"
#239530330
1"
#239548848
0"
#239567366
1"
#239585884
0"
#239604402
1"
#239622920
0"
#239641438
1"
#239659956
0"
#239678474
1"
#239696992
0"
#239715510
1"
#239734028
0"
#239752546
1"
#239771064
0"
#239789582
1"
#239808100
0"
#239826618
1"
#239845136
0"
#239863654
1"
#239882172
0"
#239900690
1"
#239919208
0"
#239937726
1"
#239956244
0"
#239974762
1"
#239993280
0"
#240011798
1"
#240030316
0"
#240048834
1"
#240067352
0"
#240085870
1"
#240104388
0"
#240122906
1"
#240141424
0"
#240159942
1"
#240178460
0"
#240196978
1"
#240215496
0"
#240234014
1"
#240252532
0"
#240271050
1"
#240289568
0"
#240308086
1"
#240326604
0"
#240345122
1"
#240363640
0"
#240382158
1"
#240400676
0"
#240419194
1"
#240437712
0"
#240456230
1"
#240474748
0"
#240493266
1"
#240511784
0"
#240530302
1"
#240548820
0"
#240567338
1"
#240585856
0"
#240604374
1"
#240622892
0"
#240641410
1"
#240659928
0"
#240678446
1"
#240696964
0"
#240715482
1"
#240734000
0"
#240752518
1"
#240771036
0"
#240789554
1"
#240808072
0"
#240826590
1"
#240845108
0"
#240863626
1"
#240882144
0"
#240900662
1"
#240919180
0"
#240937698
1"
#240956216
0"
#240974734
1"
#240993252
0"
#241011770
1"
#241030288
0"
#241048806
1"
#241067324
0"
#241085842
1"
#241104360
0"
#241122878
1"
#241141396
0"
#241159914
1"
#241178432
0"
#241196950
1"
#241215468
0"
#241233986
1"
#241252504
0"
#241271022
1"
#241289540
0"
#241308058
1"
#241326576
0"
#241345094
1"
#241363612
0"
#241382130
1"
#241400648
0"
#241419166
1"
#241437684
0"
#241456202
1"
#241474720
0"
#241493238
1"
#241511756
0"
#241530274
1"
#241548792
0"
#241567310
1"
#241585828
0"
#241604346
1"
#241622864
0"
#241641382
1"
#241659900
0"
#241678418
1"
#241696936
0"
#241715454
1"
#241733972
0"
#241752490
1"
#241771008
0"
#241789526
1"
#241808044
0"
#241826562
1"
#241845080
0"
#241863598
1"
#241882116
0"
#241900634
1"
#241919152
0"
#241937670
1"
#241956188
0"
#241974706
1"
#241993224
0"
#242011742
1"
#242030260
0"
#242048778
1"
#242067296
0"
#242085814
1"
#242104332
0"
#242122850
1"
#242141368
0"
#242159886
1"
#242178404
0"
#242196922
1"
#242215440
0"
#242233958
1"
#242252476
0"
#242270994
1"
#242289512
0"
#242308030
1"
#242326548
0"
#242345066
1"
#242363584
0"
#242382102
1"
#242400620
0"
#242419138
1"
#242437656
0"
#242456174
1"
#242474692
0"
#242493210
1"
#242511728
0"
#242530246
1"
#242548764
0"
#242567282
1"
#242585800
0"
#242604318
1"
#242622836
0"
#242641354
1"
#242659872
0"
#242678390
1"
#242696908
0"
#242715426
1"
#242733944
0"
#242752462
1"
#242770980
0"
#242789498
1"
#242808016
0"
#242826534
1"
#242845052
0"
#242863570
1"
#242882088
0"
#242900606
1"
#242919124
0"
#242937642
1"
#242956160
0"
#242974678
1"
#242993196
0"
#243011714
1"
#243030232
0"
#243048750
1"
#243067268
0"
#243085786
1"
#243104304
0"
#243122822
1"
#243141340
0"
#243159858
1"
#243178376
0"
#243196894
1"
#243215412
0"
#243233930
1"
#243252448
0"
#243270966
1"
#243289484
0"
#243308002
1"
#243326520
0"
#243345038
1"
#243363556
0"
#243382074
1"
#243400592
0"
#243419110
1"
#243437628
0"
#243456146
1"
#243474664
0"
#243493182
1"
#243511700
0"
#243530218
1"
#243548736
0"
#243567254
1"
#243585772
0"
#243604290
1"
#243622808
0"
#243641326
1"
#243659844
0"
#243678362
1"
#243696880
0"
#243715398
1"
#243733916
0"
#243752434
1"
#243770952
0"
#243789470
1"
#243807988
0"
#243826506
1"
#243845024
0"
#243863542
1"
#243882060
0"
#243900578
1"
#243919096
0"
#243937614
1"
#243956132
0"
#243974650
1"
#243993168
0"
#244011686
1"
#244030204
0"
#244048722
1"
#244067240
0"
#244085758
1"
#244104276
0"
#244122794
1"
#244141312
0"
#244159830
1"
#244178348
0"
#244196866
1"
#244215384
0"
#244233902
1"
#244252420
0"
#244270938
1"
#244289456
0"
#244307974
1"
#244326492
0"
#244345010
1"
#244363528
0"
#244382046
1"
#244400564
0"
#244419082
1"
#244437600
0"
#244456118
1"
#244474636
0"
#244493154
1"
#244511672
0"
#244530190
1"
#244548708
0"
#244567226
1"
#244585744
0"
#244604262
1"
#244622780
0"
#244641298
1"
#244659816
0"
#244678334
1"
#244696852
0"
#244715370
1"
#244733888
0"
#244752406
1"
#244770924
0"
#244789442
1"
#244807960
0"
#244826478
1"
#244844996
0"
#244863514
1"
#244882032
0"
#244900550
1"
#244919068
0"
#244937586
1"
#244956104
0"
#244974622
1"
#244993140
0"
#245011658
1"
#245030176
0"
#245048694
1"
#245067212
0"
#245085730
1"
#245104248
0"
#245122766
1"
#245141284
0"
#245159802
1"
#245178320
0"
#245196838
1"
#245215356
0"
#245233874
1"
#245252392
0"
#245270910
1"
#245289428
0"
#245307946
1"
#245326464
0"
#245344982
1"
#245363500
0"
#245382018
1"
#245400536
0"
#245419054
1"
#245437572
0"
#245456090
1"
#245474608
0"
#245493126
1"
#245511644
0"
#245530162
1"
#245548680
0"
#245567198
1"
#245585716
0"
#245604234
1"
#245622752
0"
#245641270
1"
#245659788
0"
#245678306
1"
#245696824
0"
#245715342
1"
#245733860
0"
#245752378
1"
#245770896
0"
#245789414
1"
#245807932
0"
#245826450
1"
#245844968
0"
#245863486
1"
#245882004
0"
#245900522
1"
#245919040
0"
#245937558
1"
#245956076
0"
#245974594
1"
#245993112
0"
#246011630
1"
#246030148
0"
#246048666
1"
#246067184
0"
#246085702
1"
#246104220
0"
#246122738
1"
#246141256
0"
#246159774
1"
#246178292
0"
#246196810
1"
#246215328
0"
#246233846
1"
#246252364
0"
#246270882
1"
#246289400
0"
#246307918
1"
#246326436
0"
#246344954
1"
#246363472
0"
#246381990
1"
#246400508
0"
#246419026
1"
#246437544
0"
#246456062
1"
#246474580
0"
#246493098
1"
#246511616
0"
#246530134
1"
#246548652
0"
#246567170
1"
#246585688
0"
#246604206
1"
#246622724
0"
#246641242
1"
#246659760
0"
#246678278
1"
#246696796
0"
#246715314
1"
#246733832
0"
#246752350
1"
#246770868
0"
#246789386
1"
#246807904
0"
#246826422
1"
#246844940
0"
#246863458
1"
#246881976
0"
#246900494
1"
#246919012
0"
#246937530
1"
#246956048
0"
#246974566
1"
#246993084
0"
#247011602
1"
#247030120
0"
#247048638
1"
#247067156
0"
#247085674
1"
#247104192
0"
#247122710
1"
#247141228
0"
#247159746
1"
#247178264
0"
#247196782
1"
#247215300
0"
#247233818
1"
#247252336
0"
#247270854
1"
#247289372
0"
#247307890
1"
#247326408
0"
#247344926
1"
#247363444
0"
#247381962
1"
#247400480
0"
#247418998
1"
#247437516
0"
#247456034
1"
#247474552
0"
#247493070
1"
#247511588
0"
#247530106
1"
#247548624
0"
#247567142
1"
#247585660
0"
#247604178
1"
#247622696
0"
#247641214
1"
#247659732
0"
#247678250
1"
#247696768
0"
#247715286
1"
#247733804
0"
#247752322
1"
#247770840
0"
#247789358
1"
#247807876
0"
#247826394
1"
#247844912
0"
#247863430
1"
#247881948
0"
#247900466
1"
#247918984
0"
#247937502
1"
#247956020
0"
#247974538
1"
#247993056
0"
#248011574
1"
#248030092
0"
#248048610
1"
#248067128
0"
#248085646
1"
#248104164
0"
#248122682
1"
#248141200
0"
#248159718
1"
#248178236
0"
#248196754
1"
#248215272
0"
#248233790
1"
#248252308
0"
#248270826
1"
#248289344
0"
#248307862
1"
#248326380
0"
#248344898
1"
#248363416
0"
#248381934
1"
#248400452
0"
#248418970
1"
#248437488
0"
#248456006
1"
#248474524
0"
#248493042
1"
#248511560
0"
#248530078
1"
#248548596
0"
#248567114
1"
#248585632
0"
#248604150
1"
#248622668
0"
#248641186
1"
#248659704
0"
#248678222
1"
#248696740
0"
#248715258
1"
#248733776
0"
#248752294
1"
#248770812
0"
#248789330
1"
#248807848
0"
#248826366
1"
#248844884
0"
#248863402
1"
#248881920
0"
#248900438
1"
#248918956
0"
#248937474
1"
#248955992
0"
#248974510
1"
#248993028
0"
#249011546
1"
#249030064
0"
#249048582
1"
#249067100
0"
#249085618
1"
#249104136
0"
#249122654
1"
#249141172
0"
#249159690
1"
#249178208
0"
#249196726
1"
#249215244
0"
#249233762
1"
#249252280
0"
#249270798
1"
#249289316
0"
#249307834
1"
#249326352
0"
#249344870
1"
#249363388
0"
#249381906
1"
#249400424
0"
#249418942
1"
#249437460
0"
#249455978
1"
#249474496
0"
#249493014
1"
#249511532
0"
#249530050
1"
#249548568
0"
#249567086
1"
#249585604
0"
#249604122
1"
#249622640
0"
#249641158
1"
#249659676
0"
#249678194
1"
#249696712
0"
#249715230
1"
#249733748
0"
#249752266
1"
#249770784
0"
#249789302
1"
#249807820
0"
#249826338
1"
#249844856
0"
#249863374
1"
#249881892
0"
#249900410
1"
#249918928
0"
#249937446
1"
#249955964
0"
#249974482
1"
#249993000
0"
#250011518
1"
#250030036
0"
#250048554
1"
#250067072
0"
#250085590
1"
#250104108
0"
#250122626
1"
#250141144
0"
#250159662
1"
#250178180
0"
#250196698
1"
#250215216
0"
#250233734
1"
#250252252
0"
#250270770
1"
#250289288
0"
#250307806
1"
#250326324
0"
#250344842
1"
#250363360
0"
#250381878
1"
#250400396
0"
#250418914
1"
#250437432
0"
#250455950
1"
#250474468
0"
#250492986
1"
#250511504
0"
#250530022
1"
#250548540
0"
#250567058
1"
#250585576
0"
#250604094
1"
#250622612
0"
#250641130
1"
#250659648
0"
#250678166
1"
#250696684
0"
#250715202
1"
#250733720
0"
#250752238
1"
#250770756
0"
#250789274
1"
#250807792
0"
#250826310
1"
#250844828
0"
#250863346
1"
#250881864
0"
#250900382
1"
#250918900
0"
#250937418
1"
#250955936
0"
#250974454
1"
#250992972
0"
#251011490
1"
#251030008
0"
#251048526
1"
#251067044
0"
#251085562
1"
#251104080
0"
#251122598
1"
#251141116
0"
#251159634
1"
#251178152
0"
#251196670
1"
#251215188
0"
#251233706
1"
#251252224
0"
#251270742
1"
#251289260
0"
#251307778
1"
#251326296
0"
#251344814
1"
#251363332
0"
#251381850
1"
#251400368
0"
#251418886
1"
#251437404
0"
#251455922
1"
#251474440
0"
#251492958
1"
#251511476
0"
#251529994
1"
#251548512
0"
#251567030
1"
#251585548
0"
#251604066
1"
#251622584
0"
#251641102
1"
#251659620
0"
#251678138
1"
#251696656
0"
#251715174
1"
#251733692
0"
#251752210
1"
#251770728
0"
#251789246
1"
#251807764
0"
#251826282
1"
#251844800
0"
#251863318
1"
#251881836
0"
#251900354
1"
#251918872
0"
#251937390
1"
#251955908
0"
#251974426
1"
#251992944
0"
#252011462
1"
#252029980
0"
#252048498
1"
#252067016
0"
#252085534
1"
#252104052
0"
#252122570
1"
#252141088
0"
#252159606
1"
#252178124
0"
#252196642
1"
#252215160
0"
#252233678
1"
#252252196
0"
#252270714
1"
#252289232
0"
#252307750
1"
#252326268
0"
#252344786
1"
#252363304
0"
#252381822
1"
#252400340
0"
#252418858
1"
#252437376
0"
#252455894
1"
#252474412
0"
#252492930
1"
#252511448
0"
#252529966
1"
#252548484
0"
#252567002
1"
#252585520
0"
#252604038
1"
#252622556
0"
#252641074
1"
#252659592
0"
#252678110
1"
#252696628
0"
#252715146
1"
#252733664
0"
#252752182
1"
#252770700
0"
#252789218
1"
#252807736
0"
#252826254
1"
#252844772
0"
#252863290
1"
#252881808
0"
#252900326
1"
#252918844
0"
#252937362
1"
#252955880
0"
#252974398
1"
#252992916
0"
#253011434
1"
#253029952
0"
#253048470
1"
#253066988
0"
#253085506
1"
#253104024
0"
#253122542
1"
#253141060
0"
#253159578
1"
#253178096
0"
#253196614
1"
#253215132
0"
#253233650
1"
#253252168
0"
#253270686
1"
#253289204
0"
#253307722
1"
#253326240
0"
#253344758
1"
#253363276
0"
#253381794
1"
#253400312
0"
#253418830
1"
#253437348
0"
#253455866
1"
#253474384
0"
#253492902
1"
#253511420
0"
#253529938
1"
#253548456
0"
#253566974
1"
#253585492
0"
#253604010
1"
#253622528
0"
#253641046
1"
#253659564
0"
#253678082
1"
#253696600
0"
#253715118
1"
#253733636
0"
#253752154
1"
#253770672
0"
#253789190
1"
#253807708
0"
#253826226
1"
#253844744
0"
#253863262
1"
#253881780
0"
#253900298
1"
#253918816
0"
#253937334
1"
#253955852
0"
#253974370
1"
#253992888
0"
#254011406
1"
#254029924
0"
#254048442
1"
#254066960
0"
#254085478
1"
#254103996
0"
#254122514
1"
#254141032
0"
#254159550
1"
#254178068
0"
#254196586
1"
#254215104
0"
#254233622
1"
#254252140
0"
#254270658
1"
#254289176
0"
#254307694
1"
#254326212
0"
#254344730
1"
#254363248
0"
#254381766
1"
#254400284
0"
#254418802
1"
#254437320
0"
#254455838
1"
#254474356
0"
#254492874
1"
#254511392
0"
#254529910
1"
#254548428
0"
#254566946
1"
#254585464
0"
#254603982
1"
#254622500
0"
#254641018
1"
#254659536
0"
#254678054
1"
#254696572
0"
#254715090
1"
#254733608
0"
#254752126
1"
#254770644
0"
#254789162
1"
#254807680
0"
#254826198
1"
#254844716
0"
#254863234
1"
#254881752
0"
#254900270
1"
#254918788
0"
#254937306
1"
#254955824
0"
#254974342
1"
#254992860
0"
#255011378
1"
#255029896
0"
#255048414
1"
#255066932
0"
#255085450
1"
#255103968
0"
#255122486
1"
#255141004
0"
#255159522
1"
#255178040
0"
#255196558
1"
#255215076
0"
#255233594
1"
#255252112
0"
#255270630
1"
#255289148
0"
#255307666
1"
#255326184
0"
#255344702
1"
#255363220
0"
#255381738
1"
#255400256
0"
#255418774
1"
#255437292
0"
#255455810
1"
#255474328
0"
#255492846
1"
#255511364
0"
#255529882
1"
#255548400
0"
#255566918
1"
#255585436
0"
#255603954
1"
#255622472
0"
#255640990
1"
#255659508
0"
#255678026
1"
#255696544
0"
#255715062
1"
#255733580
0"
#255752098
1"
#255770616
0"
#255789134
1"
#255807652
0"
#255826170
1"
#255844688
0"
#255863206
1"
#255881724
0"
#255900242
1"
#255918760
0"
#255937278
1"
#255955796
0"
#255974314
1"
#255992832
0"
#256011350
1"
#256029868
0"
#256048386
1"
#256066904
0"
#256085422
1"
#256103940
0"
#256122458
1"
#256140976
0"
#256159494
1"
#256178012
0"
#256196530
1"
#256215048
0"
#256233566
1"
#256252084
0"
#256270602
1"
#256289120
0"
#256307638
1"
#256326156
0"
#256344674
1"
#256363192
0"
#256381710
1"
#256400228
0"
#256418746
1"
#256437264
0"
#256455782
1"
#256474300
0"
#256492818
1"
#256511336
0"
#256529854
1"
#256548372
0"
#256566890
1"
#256585408
0"
#256603926
1"
#256622444
0"
#256640962
1"
#256659480
0"
#256677998
1"
#256696516
0"
#256715034
1"
#256733552
0"
#256752070
1"
#256770588
0"
#256789106
1"
#256807624
0"
#256826142
1"
#256844660
0"
#256863178
1"
#256881696
0"
#256900214
1"
#256918732
0"
#256937250
1"
#256955768
0"
#256974286
1"
#256992804
0"
#257011322
1"
#257029840
0"
#257048358
1"
#257066876
0"
#257085394
1"
#257103912
0"
#257122430
1"
#257140948
0"
#257159466
1"
#257177984
0"
#257196502
1"
#257215020
0"
#257233538
1"
#257252056
0"
#257270574
1"
#257289092
0"
#257307610
1"
#257326128
0"
#257344646
1"
#257363164
0"
#257381682
1"
#257400200
0"
#257418718
1"
#257437236
0"
#257455754
1"
#257474272
0"
#257492790
1"
#257511308
0"
#257529826
1"
#257548344
0"
#257566862
1"
#257585380
0"
#257603898
1"
#257622416
0"
#257640934
1"
#257659452
0"
#257677970
1"
#257696488
0"
#257715006
1"
#257733524
0"
#257752042
1"
#257770560
0"
#257789078
1"
#257807596
0"
#257826114
1"
#257844632
0"
#257863150
1"
#257881668
0"
#257900186
1"
#257918704
0"
#257937222
1"
#257955740
0"
#257974258
1"
#257992776
0"
#258011294
1"
#258029812
0"
#258048330
1"
#258066848
0"
#258085366
1"
#258103884
0"
#258122402
1"
#258140920
0"
#258159438
1"
#258177956
0"
#258196474
1"
#258214992
0"
#258233510
1"
#258252028
0"
#258270546
1"
#258289064
0"
#258307582
1"
#258326100
0"
#258344618
1"
#258363136
0"
#258381654
1"
#258400172
0"
#258418690
1"
#258437208
0"
#258455726
1"
#258474244
0"
#258492762
1"
#258511280
0"
#258529798
1"
#258548316
0"
#258566834
1"
#258585352
0"
#258603870
1"
#258622388
0"
#258640906
1"
#258659424
0"
#258677942
1"
#258696460
0"
#258714978
1"
#258733496
0"
#258752014
1"
#258770532
0"
#258789050
1"
#258807568
0"
#258826086
1"
#258844604
0"
#258863122
1"
#258881640
0"
#258900158
1"
#258918676
0"
#258937194
1"
#258955712
0"
#258974230
1"
#258992748
0"
#259011266
1"
#259029784
0"
#259048302
1"
#259066820
0"
#259085338
1"
#259103856
0"
#259122374
1"
#259140892
0"
#259159410
1"
#259177928
0"
#259196446
1"
#259214964
0"
#259233482
1"
#259252000
0"
#259270518
1"
#259289036
0"
#259307554
1"
#259326072
0"
#259344590
1"
#259363108
0"
#259381626
1"
#259400144
0"
#259418662
1"
#259437180
0"
#259455698
1"
#259474216
0"
#259492734
1"
#259511252
0"
#259529770
1"
#259548288
0"
#259566806
1"
#259585324
0"
#259603842
1"
#259622360
0"
#259640878
1"
#259659396
0"
#259677914
1"
#259696432
0"
#259714950
1"
#259733468
0"
#259751986
1"
#259770504
0"
#259789022
1"
#259807540
0"
#259826058
1"
#259844576
0"
#259863094
1"
#259881612
0"
#259900130
1"
#259918648
0"
#259937166
1"
#259955684
0"
#259974202
1"
#259992720
0"
#260011238
1"
#260029756
0"
#260048274
1"
#260066792
0"
#260085310
1"
#260103828
0"
#260122346
1"
#260140864
0"
#260159382
1"
#260177900
0"
#260196418
1"
#260214936
0"
#260233454
1"
#260251972
0"
#260270490
1"
#260289008
0"
#260307526
1"
#260326044
0"
#260344562
1"
#260363080
0"
#260381598
1"
#260400116
0"
#260418634
1"
#260437152
0"
#260455670
1"
#260474188
0"
#260492706
1"
#260511224
0"
#260529742
1"
#260548260
0"
#260566778
1"
#260585296
0"
#260603814
1"
#260622332
0"
#260640850
1"
#260659368
0"
#260677886
1"
#260696404
0"
#260714922
1"
#260733440
0"
#260751958
1"
#260770476
0"
#260788994
1"
#260807512
0"
#260826030
1"
#260844548
0"
#260863066
1"
#260881584
0"
#260900102
1"
#260918620
0"
#260937138
1"
#260955656
0"
#260974174
1"
#260992692
0"
#261011210
1"
#261029728
0"
#261048246
1"
#261066764
0"
#261085282
1"
#261103800
0"
#261122318
1"
#261140836
0"
#261159354
1"
#261177872
0"
#261196390
1"
#261214908
0"
#261233426
1"
#261251944
0"
#261270462
1"
#261288980
0"
#261307498
1"
#261326016
0"
#261344534
1"
#261363052
0"
#261381570
1"
#261400088
0"
#261418606
1"
#261437124
0"
#261455642
1"
#261474160
0"
#261492678
1"
#261511196
0"
#261529714
1"
#261548232
0"
#261566750
1"
#261585268
0"
#261603786
1"
#261622304
0"
#261640822
1"
#261659340
0"
#261677858
1"
#261696376
0"
#261714894
1"
#261733412
0"
#261751930
1"
#261770448
0"
#261788966
1"
#261807484
0"
#261826002
1"
#261844520
0"
#261863038
1"
#261881556
0"
#261900074
1"
#261918592
0"
#261937110
1"
#261955628
0"
#261974146
1"
#261992664
0"
#262011182
1"
#262029700
0"
#262048218
1"
#262066736
0"
#262085254
1"
#262103772
0"
#262122290
1"
#262140808
0"
#262159326
1"
#262177844
0"
#262196362
1"
#262214880
0"
#262233398
1"
#262251916
0"
#262270434
1"
#262288952
0"
#262307470
1"
#262325988
0"
#262344506
1"
#262363024
0"
#262381542
1"
#262400060
0"
#262418578
1"
#262437096
0"
#262455614
1"
#262474132
0"
#262492650
1"
#262511168
0"
#262529686
1"
#262548204
0"
#262566722
1"
#262585240
0"
#262603758
1"
#262622276
0"
#262640794
1"
#262659312
0"
#262677830
1"
#262696348
0"
#262714866
1"
#262733384
0"
#262751902
1"
#262770420
0"
#262788938
1"
#262807456
0"
#262825974
1"
#262844492
0"
#262863010
1"
#262881528
0"
#262900046
1"
#262918564
0"
#262937082
1"
#262955600
0"
#262974118
1"
#262992636
0"
#263011154
1"
#263029672
0"
#263048190
1"
#263066708
0"
#263085226
1"
#263103744
0"
#263122262
1"
#263140780
0"
#263159298
1"
#263177816
0"
#263196334
1"
#263214852
0"
#263233370
1"
#263251888
0"
#263270406
1"
#263288924
0"
#263307442
1"
#263325960
0"
#263344478
1"
#263362996
0"
#263381514
1"
#263400032
0"
#263418550
1"
#263437068
0"
#263455586
1"
#263474104
0"
#263492622
1"
#263511140
0"
#263529658
1"
#263548176
0"
#263566694
1"
#263585212
0"
#263603730
1"
#263622248
0"
#263640766
1"
#263659284
0"
#263677802
1"
#263696320
0"
#263714838
1"
#263733356
0"
#263751874
1"
#263770392
0"
#263788910
1"
#263807428
0"
#263825946
1"
#263844464
0"
#263862982
1"
#263881500
0"
#263900018
1"
#263918536
0"
#263937054
1"
#263955572
0"
#263974090
1"
#263992608
0"
#264011126
1"
#264029644
0"
#264048162
1"
#264066680
0"
#264085198
1"
#264103716
0"
#264122234
1"
#264140752
0"
#264159270
1"
#264177788
0"
#264196306
1"
#264214824
0"
#264233342
1"
#264251860
0"
#264270378
1"
#264288896
0"
#264307414
1"
#264325932
0"
#264344450
1"
#264362968
0"
#264381486
1"
#264400004
0"
#264418522
1"
#264437040
0"
#264455558
1"
#264474076
0"
#264492594
1"
#264511112
0"
#264529630
1"
#264548148
0"
#264566666
1"
#264585184
0"
#264603702
1"
#264622220
0"
#264640738
1"
#264659256
0"
#264677774
1"
#264696292
0"
#264714810
1"
#264733328
0"
#264751846
1"
#264770364
0"
#264788882
1"
#264807400
0"
#264825918
1"
#264844436
0"
#264862954
1"
#264881472
0"
#264899990
1"
#264918508
0"
#264937026
1"
#264955544
0"
#264974062
1"
#264992580
0"
#265011098
1"
#265029616
0"
#265048134
1"
#265066652
0"
#265085170
1"
#265103688
0"
#265122206
1"
#265140724
0"
#265159242
1"
#265177760
0"
#265196278
1"
#265214796
0"
#265233314
1"
#265251832
0"
#265270350
1"
#265288868
0"
#265307386
1"
#265325904
0"
#265344422
1"
#265362940
0"
#265381458
1"
#265399976
0"
#265418494
1"
#265437012
0"
#265455530
1"
#265474048
0"
#265492566
1"
#265511084
0"
#265529602
1"
#265548120
0"
#265566638
1"
#265585156
0"
#265603674
1"
#265622192
0"
#265640710
1"
#265659228
0"
#265677746
1"
#265696264
0"
#265714782
1"
#265733300
0"
#265751818
1"
#265770336
0"
#265788854
1"
#265807372
0"
#265825890
1"
#265844408
0"
#265862926
1"
#265881444
0"
#265899962
1"
#265918480
0"
#265936998
1"
#265955516
0"
#265974034
1"
#265992552
0"
#266011070
1"
#266029588
0"
#266048106
1"
#266066624
0"
#266085142
1"
#266103660
0"
#266122178
1"
#266140696
0"
#266159214
1"
#266177732
0"
#266196250
1"
#266214768
0"
#266233286
1"
#266251804
0"
#266270322
1"
#266288840
0"
#266307358
1"
#266325876
0"
#266344394
1"
#266362912
0"
#266381430
1"
#266399948
0"
#266418466
1"
#266436984
0"
#266455502
1"
#266474020
0"
#266492538
1"
#266511056
0"
#266529574
1"
#266548092
0"
#266566610
1"
#266585128
0"
#266603646
1"
#266622164
0"
#266640682
1"
#266659200
0"
#266677718
1"
#266696236
0"
#266714754
1"
#266733272
0"
#266751790
1"
#266770308
0"
#266788826
1"
#266807344
0"
#266825862
1"
#266844380
0"
#266862898
1"
#266881416
0"
#266899934
1"
#266918452
0"
#266936970
1"
#266955488
0"
#266974006
1"
#266992524
0"
#267011042
1"
#267029560
0"
#267048078
1"
#267066596
0"
#267085114
1"
#267103632
0"
#267122150
1"
#267140668
0"
#267159186
1"
#267177704
0"
#267196222
1"
#267214740
0"
#267233258
1"
#267251776
0"
#267270294
1"
#267288812
0"
#267307330
1"
#267325848
0"
#267344366
1"
#267362884
0"
#267381402
1"
#267399920
0"
#267418438
1"
#267436956
0"
#267455474
1"
#267473992
0"
#267492510
1"
#267511028
0"
#267529546
1"
#267548064
0"
#267566582
1"
#267585100
0"
#267603618
1"
#267622136
0"
#267640654
1"
#267659172
0"
#267677690
1"
#267696208
0"
#267714726
1"
#267733244
0"
#267751762
1"
#267770280
0"
#267788798
1"
#267807316
0"
#267825834
1"
#267844352
0"
#267862870
1"
#267881388
0"
#267899906
1"
#267918424
0"
#267936942
1"
#267955460
0"
#267973978
1"
#267992496
0"
#268011014
1"
#268029532
0"
#268048050
1"
#268066568
0"
#268085086
1"
#268103604
0"
#268122122
1"
#268140640
0"
#268159158
1"
#268177676
0"
#268196194
1"
#268214712
0"
#268233230
1"
#268251748
0"
#268270266
1"
#268288784
0"
#268307302
1"
#268325820
0"
#268344338
1"
#268362856
0"
#268381374
1"
#268399892
0"
#268418410
1"
#268436928
0"
#268455446
1"
#268473964
0"
#268492482
1"
#268511000
0"
#268529518
1"
#268548036
0"
#268566554
1"
#268585072
0"
#268603590
1"
#268622108
0"
#268640626
1"
#268659144
0"
#268677662
1"
#268696180
0"
#268714698
1"
#268733216
0"
#268751734
1"
#268770252
0"
#268788770
1"
#268807288
0"
#268825806
1"
#268844324
0"
#268862842
1"
#268881360
0"
#268899878
1"
#268918396
0"
#268936914
1"
#268955432
0"
#268973950
1"
#268992468
0"
#269010986
1"
#269029504
0"
#269048022
1"
#269066540
0"
#269085058
1"
#269103576
0"
#269122094
1"
#269140612
0"
#269159130
1"
#269177648
0"
#269196166
1"
#269214684
0"
#269233202
1"
#269251720
0"
#269270238
1"
#269288756
0"
#269307274
1"
#269325792
0"
#269344310
1"
#269362828
0"
#269381346
1"
#269399864
0"
#269418382
1"
#269436900
0"
#269455418
1"
#269473936
0"
#269492454
1"
#269510972
0"
#269529490
1"
#269548008
0"
#269566526
1"
#269585044
0"
#269603562
1"
#269622080
0"
#269640598
1"
#269659116
0"
#269677634
1"
#269696152
0"
#269714670
1"
#269733188
0"
#269751706
1"
#269770224
0"
#269788742
1"
#269807260
0"
#269825778
1"
#269844296
0"
#269862814
1"
#269881332
0"
#269899850
1"
#269918368
0"
#269936886
1"
#269955404
0"
#269973922
1"
#269992440
0"
#270010958
1"
#270029476
0"
#270047994
1"
#270066512
0"
#270085030
1"
#270103548
0"
#270122066
1"
#270140584
0"
#270159102
1"
#270177620
0"
#270196138
1"
#270214656
0"
#270233174
1"
#270251692
0"
#270270210
1"
#270288728
0"
#270307246
1"
#270325764
0"
#270344282
1"
#270362800
0"
#270381318
1"
#270399836
0"
#270418354
1"
#270436872
0"
#270455390
1"
#270473908
0"
#270492426
1"
#270510944
0"
#270529462
1"
#270547980
0"
#270566498
1"
#270585016
0"
#270603534
1"
#270622052
0"
#270640570
1"
#270659088
0"
#270677606
1"
#270696124
0"
#270714642
1"
#270733160
0"
#270751678
1"
#270770196
0"
#270788714
1"
#270807232
0"
#270825750
1"
#270844268
0"
#270862786
1"
#270881304
0"
#270899822
1"
#270918340
0"
#270936858
1"
#270955376
0"
#270973894
1"
#270992412
0"
#271010930
1"
#271029448
0"
#271047966
1"
#271066484
0"
#271085002
1"
#271103520
0"
#271122038
1"
#271140556
0"
#271159074
1"
#271177592
0"
#271196110
1"
#271214628
0"
#271233146
1"
#271251664
0"
#271270182
1"
#271288700
0"
#271307218
1"
#271325736
0"
#271344254
1"
#271362772
0"
#271381290
1"
#271399808
0"
#271418326
1"
#271436844
0"
#271455362
1"
#271473880
0"
#271492398
1"
#271510916
0"
#271529434
1"
#271547952
0"
#271566470
1"
#271584988
0"
#271603506
1"
#271622024
0"
#271640542
1"
#271659060
0"
#271677578
1"
#271696096
0"
#271714614
1"
#271733132
0"
#271751650
1"
#271770168
0"
#271788686
1"
#271807204
0"
#271825722
1"
#271844240
0"
#271862758
1"
#271881276
0"
#271899794
1"
#271918312
0"
#271936830
1"
#271955348
0"
#271973866
1"
#271992384
0"
#272010902
1"
#272029420
0"
#272047938
1"
#272066456
0"
#272084974
1"
#272103492
0"
#272122010
1"
#272140528
0"
#272159046
1"
#272177564
0"
#272196082
1"
#272214600
0"
#272233118
1"
#272251636
0"
#272270154
1"
#272288672
0"
#272307190
1"
#272325708
0"
#272344226
1"
#272362744
0"
#272381262
1"
#272399780
0"
#272418298
1"
#272436816
0"
#272455334
1"
#272473852
0"
#272492370
1"
#272510888
0"
#272529406
1"
#272547924
0"
#272566442
1"
#272584960
0"
#272603478
1"
#272621996
0"
#272640514
1"
#272659032
0"
#272677550
1"
#272696068
0"
#272714586
1"
#272733104
0"
#272751622
1"
#272770140
0"
#272788658
1"
#272807176
0"
#272825694
1"
#272844212
0"
#272862730
1"
#272881248
0"
#272899766
1"
#272918284
0"
#272936802
1"
#272955320
0"
#272973838
1"
#272992356
0"
#273010874
1"
#273029392
0"
#273047910
1"
#273066428
0"
#273084946
1"
#273103464
0"
#273121982
1"
#273140500
0"
#273159018
1"
#273177536
0"
#273196054
1"
#273214572
0"
#273233090
1"
#273251608
0"
#273270126
1"
#273288644
0"
#273307162
1"
#273325680
0"
#273344198
1"
#273362716
0"
#273381234
1"
#273399752
0"
#273418270
1"
#273436788
0"
#273455306
1"
#273473824
0"
#273492342
1"
#273510860
0"
#273529378
1"
#273547896
0"
#273566414
1"
#273584932
0"
#273603450
1"
#273621968
0"
#273640486
1"
#273659004
0"
#273677522
1"
#273696040
0"
#273714558
1"
#273733076
0"
#273751594
1"
#273770112
0"
#273788630
1"
#273807148
0"
#273825666
1"
#273844184
0"
#273862702
1"
#273881220
0"
#273899738
1"
#273918256
0"
#273936774
1"
#273955292
0"
#273973810
1"
#273992328
0"
#274010846
1"
#274029364
0"
#274047882
1"
#274066400
0"
#274084918
1"
#274103436
0"
#274121954
1"
#274140472
0"
#274158990
1"
#274177508
0"
#274196026
1"
#274214544
0"
#274233062
1"
#274251580
0"
#274270098
1"
#274288616
0"
#274307134
1"
#274325652
0"
#274344170
1"
#274362688
0"
#274381206
1"
#274399724
0"
#274418242
1"
#274436760
0"
#274455278
1"
#274473796
0"
#274492314
1"
#274510832
0"
#274529350
1"
#274547868
0"
#274566386
1"
#274584904
0"
#274603422
1"
#274621940
0"
#274640458
1"
#274658976
0"
#274677494
1"
#274696012
0"
#274714530
1"
#274733048
0"
#274751566
1"
#274770084
0"
#274788602
1"
#274807120
0"
#274825638
1"
#274844156
0"
#274862674
1"
#274881192
0"
#274899710
1"
#274918228
0"
#274936746
1"
#274955264
0"
#274973782
1"
#274992300
0"
#275010818
1"
#275029336
0"
#275047854
1"
#275066372
0"
#275084890
1"
#275103408
0"
#275121926
1"
#275140444
0"
#275158962
1"
#275177480
0"
#275195998
1"
#275214516
0"
#275233034
1"
#275251552
0"
#275270070
1"
#275288588
0"
#275307106
1"
#275325624
0"
#275344142
1"
#275362660
0"
#275381178
1"
#275399696
0"
#275418214
1"
#275436732
0"
#275455250
1"
#275473768
0"
#275492286
1"
#275510804
0"
#275529322
1"
#275547840
0"
#275566358
1"
#275584876
0"
#275603394
1"
#275621912
0"
#275640430
1"
#275658948
0"
#275677466
1"
#275695984
0"
#275714502
1"
#275733020
0"
#275751538
1"
#275770056
0"
#275788574
1"
#275807092
0"
#275825610
1"
#275844128
0"
#275862646
1"
#275881164
0"
#275899682
1"
#275918200
0"
#275936718
1"
#275955236
0"
#275973754
1"
#275992272
0"
#276010790
1"
#276029308
0"
#276047826
1"
#276066344
0"
#276084862
1"
#276103380
0"
#276121898
1"
#276140416
0"
#276158934
1"
#276177452
0"
#276195970
1"
#276214488
0"
#276233006
1"
#276251524
0"
#276270042
1"
#276288560
0"
#276307078
1"
#276325596
0"
#276344114
1"
#276362632
0"
#276381150
1"
#276399668
0"
#276418186
1"
#276436704
0"
#276455222
1"
#276473740
0"
#276492258
1"
#276510776
0"
#276529294
1"
#276547812
0"
#276566330
1"
#276584848
0"
#276603366
1"
#276621884
0"
#276640402
1"
#276658920
0"
#276677438
1"
#276695956
0"
#276714474
1"
#276732992
0"
#276751510
1"
#276770028
0"
#276788546
1"
#276807064
0"
#276825582
1"
#276844100
0"
#276862618
1"
#276881136
0"
#276899654
1"
#276918172
0"
#276936690
1"
#276955208
0"
#276973726
1"
#276992244
0"
#277010762
1"
#277029280
0"
#277047798
1"
#277066316
0"
#277084834
1"
#277103352
0"
#277121870
1"
#277140388
0"
#277158906
1"
#277177424
0"
#277195942
1"
#277214460
0"
#277232978
1"
#277251496
0"
#277270014
1"
#277288532
0"
#277307050
1"
#277325568
0"
#277344086
1"
#277362604
0"
#277381122
1"
#277399640
0"
#277418158
1"
#277436676
0"
#277455194
1"
#277473712
0"
#277492230
1"
#277510748
0"
#277529266
1"
#277547784
0"
#277566302
1"
#277584820
0"
#277603338
1"
#277621856
0"
#277640374
1"
#277658892
0"
#277677410
1"
#277695928
0"
#277714446
1"
#277732964
0"
#277751482
1"
#277770000
0"
#277788518
1"
#277807036
0"
#277825554
1"
#277844072
0"
#277862590
1"
#277881108
0"
#277899626
1"
#277918144
0"
#277936662
1"
#277955180
0"
#277973698
1"
#277992216
0"
#278010734
1"
#278029252
0"
#278047770
1"
#278066288
0"
#278084806
1"
#278103324
0"
#278121842
1"
#278140360
0"
#278158878
1"
#278177396
0"
#278195914
1"
#278214432
0"
#278232950
1"
#278251468
0"
#278269986
1"
#278288504
0"
#278307022
1"
#278325540
0"
#278344058
1"
#278362576
0"
#278381094
1"
#278399612
0"
#278418130
1"
#278436648
0"
#278455166
1"
#278473684
0"
#278492202
1"
#278510720
0"
#278529238
1"
#278547756
0"
#278566274
1"
#278584792
0"
#278603310
1"
#278621828
0"
#278640346
1"
#278658864
0"
#278677382
1"
#278695900
0"
#278714418
1"
#278732936
0"
#278751454
1"
#278769972
0"
#278788490
1"
#278807008
0"
#278825526
1"
#278844044
0"
#278862562
1"
#278881080
0"
#278899598
1"
#278918116
0"
#278936634
1"
#278955152
0"
#278973670
1"
#278992188
0"
#279010706
1"
#279029224
0"
#279047742
1"
#279066260
0"
#279084778
1"
#279103296
0"
#279121814
1"
#279140332
0"
#279158850
1"
#279177368
0"
#279195886
1"
#279214404
0"
#279232922
1"
#279251440
0"
#279269958
1"
#279288476
0"
#279306994
1"
#279325512
0"
#279344030
1"
#279362548
0"
#279381066
1"
#279399584
0"
#279418102
1"
#279436620
0"
#279455138
1"
#279473656
0"
#279492174
1"
#279510692
0"
#279529210
1"
#279547728
0"
#279566246
1"
#279584764
0"
#279603282
1"
#279621800
0"
#279640318
1"
#279658836
0"
#279677354
1"
#279695872
0"
#279714390
1"
#279732908
0"
#279751426
1"
#279769944
0"
#279788462
1"
#279806980
0"
#279825498
1"
#279844016
0"
#279862534
1"
#279881052
0"
#279899570
1"
#279918088
0"
#279936606
1"
#279955124
0"
#279973642
1"
#279992160
0"
#280010678
1"
#280029196
0"
#280047714
1"
#280066232
0"
#280084750
1"
#280103268
0"
#280121786
1"
#280140304
0"
#280158822
1"
#280177340
0"
#280195858
1"
#280214376
0"
#280232894
1"
#280251412
0"
#280269930
1"
#280288448
0"
#280306966
1"
#280325484
0"
#280344002
1"
#280362520
0"
#280381038
1"
#280399556
0"
#280418074
1"
#280436592
0"
#280455110
1"
#280473628
0"
#280492146
1"
#280510664
0"
#280529182
1"
#280547700
0"
#280566218
1"
#280584736
0"
#280603254
1"
#280621772
0"
#280640290
1"
#280658808
0"
#280677326
1"
#280695844
0"
#280714362
1"
#280732880
0"
#280751398
1"
#280769916
0"
#280788434
1"
#280806952
0"
#280825470
1"
#280843988
0"
#280862506
1"
#280881024
0"
#280899542
1"
#280918060
0"
#280936578
1"
#280955096
0"
#280973614
1"
#280992132
0"
#281010650
1"
#281029168
0"
#281047686
1"
#281066204
0"
#281084722
1"
#281103240
0"
#281121758
1"
#281140276
0"
#281158794
1"
#281177312
0"
#281195830
1"
#281214348
0"
#281232866
1"
#281251384
0"
#281269902
1"
#281288420
0"
#281306938
1"
#281325456
0"
#281343974
1"
#281362492
0"
#281381010
1"
#281399528
0"
#281418046
1"
#281436564
0"
#281455082
1"
#281473600
0"
#281492118
1"
#281510636
0"
#281529154
1"
#281547672
0"
#281566190
1"
#281584708
0"
#281603226
1"
#281621744
0"
#281640262
1"
#281658780
0"
#281677298
1"
#281695816
0"
#281714334
1"
#281732852
0"
#281751370
1"
#281769888
0"
#281788406
1"
#281806924
0"
#281825442
1"
#281843960
0"
#281862478
1"
#281880996
0"
#281899514
1"
#281918032
0"
#281936550
1"
#281955068
0"
#281973586
1"
#281992104
0"
#282010622
1"
#282029140
0"
#282047658
1"
#282066176
0"
#282084694
1"
#282103212
0"
#282121730
1"
#282140248
0"
#282158766
1"
#282177284
0"
#282195802
1"
#282214320
0"
#282232838
1"
#282251356
0"
#282269874
1"
#282288392
0"
#282306910
1"
#282325428
0"
#282343946
1"
#282362464
0"
#282380982
1"
#282399500
0"
#282418018
1"
#282436536
0"
#282455054
1"
#282473572
0"
#282492090
1"
#282510608
0"
#282529126
1"
#282547644
0"
#282566162
1"
#282584680
0"
#282603198
1"
#282621716
0"
#282640234
1"
#282658752
0"
#282677270
1"
#282695788
0"
#282714306
1"
#282732824
0"
#282751342
1"
#282769860
0"
#282788378
1"
#282806896
0"
#282825414
1"
#282843932
0"
#282862450
1"
#282880968
0"
#282899486
1"
#282918004
0"
#282936522
1"
#282955040
0"
#282973558
1"
#282992076
0"
#283010594
1"
#283029112
0"
#283047630
1"
#283066148
0"
#283084666
1"
#283103184
0"
#283121702
1"
#283140220
0"
#283158738
1"
#283177256
0"
#283195774
1"
#283214292
0"
#283232810
1"
#283251328
0"
#283269846
1"
#283288364
0"
#283306882
1"
#283325400
0"
#283343918
1"
#283362436
0"
#283380954
1"
#283399472
0"
#283417990
1"
#283436508
0"
#283455026
1"
#283473544
0"
#283492062
1"
#283510580
0"
#283529098
1"
#283547616
0"
#283566134
1"
#283584652
0"
#283603170
1"
#283621688
0"
#283640206
1"
#283658724
0"
#283677242
1"
#283695760
0"
#283714278
1"
#283732796
0"
#283751314
1"
#283769832
0"
#283788350
1"
#283806868
0"
#283825386
1"
#283843904
0"
#283862422
1"
#283880940
0"
#283899458
1"
#283917976
0"
#283936494
1"
#283955012
0"
#283973530
1"
#283992048
0"
#284010566
1"
#284029084
0"
#284047602
1"
#284066120
0"
#284084638
1"
#284103156
0"
#284121674
1"
#284140192
0"
#284158710
1"
#284177228
0"
#284195746
1"
#284214264
0"
#284232782
1"
#284251300
0"
#284269818
1"
#284288336
0"
#284306854
1"
#284325372
0"
#284343890
1"
#284362408
0"
#284380926
1"
#284399444
0"
#284417962
1"
#284436480
0"
#284454998
1"
#284473516
0"
#284492034
1"
#284510552
0"
#284529070
1"
#284547588
0"
#284566106
1"
#284584624
0"
#284603142
1"
#284621660
0"
#284640178
1"
#284658696
0"
#284677214
1"
#284695732
0"
#284714250
1"
#284732768
0"
#284751286
1"
#284769804
0"
#284788322
1"
#284806840
0"
#284825358
1"
#284843876
0"
#284862394
1"
#284880912
0"
#284899430
1"
#284917948
0"
#284936466
1"
#284954984
0"
#284973502
1"
#284992020
0"
#285010538
1"
#285029056
0"
#285047574
1"
#285066092
0"
#285084610
1"
#285103128
0"
#285121646
1"
#285140164
0"
#285158682
1"
#285177200
0"
#285195718
1"
#285214236
0"
#285232754
1"
#285251272
0"
#285269790
1"
#285288308
0"
#285306826
1"
#285325344
0"
#285343862
1"
#285362380
0"
#285380898
1"
#285399416
0"
#285417934
1"
#285436452
0"
#285454970
1"
#285473488
0"
#285492006
1"
#285510524
0"
#285529042
1"
#285547560
0"
#285566078
1"
#285584596
0"
#285603114
1"
#285621632
0"
#285640150
1"
#285658668
0"
#285677186
1"
#285695704
0"
#285714222
1"
#285732740
0"
#285751258
1"
#285769776
0"
#285788294
1"
#285806812
0"
#285825330
1"
#285843848
0"
#285862366
1"
#285880884
0"
#285899402
1"
#285917920
0"
#285936438
1"
#285954956
0"
#285973474
1"
#285991992
0"
#286010510
1"
#286029028
0"
#286047546
1"
#286066064
0"
#286084582
1"
#286103100
0"
#286121618
1"
#286140136
0"
#286158654
1"
#286177172
0"
#286195690
1"
#286214208
0"
#286232726
1"
#286251244
0"
#286269762
1"
#286288280
0"
#286306798
1"
#286325316
0"
#286343834
1"
#286362352
0"
#286380870
1"
#286399388
0"
#286417906
1"
#286436424
0"
#286454942
1"
#286473460
0"
#286491978
1"
#286510496
0"
#286529014
1"
#286547532
0"
#286566050
1"
#286584568
0"
#286603086
1"
#286621604
0"
#286640122
1"
#286658640
0"
#286677158
1"
#286695676
0"
#286714194
1"
#286732712
0"
#286751230
1"
#286769748
0"
#286788266
1"
#286806784
0"
#286825302
1"
#286843820
0"
#286862338
1"
#286880856
0"
#286899374
1"
#286917892
0"
#286936410
1"
#286954928
0"
#286973446
1"
#286991964
0"
#287010482
1"
#287029000
0"
#287047518
1"
#287066036
0"
#287084554
1"
#287103072
0"
#287121590
1"
#287140108
0"
#287158626
1"
#287177144
0"
#287195662
1"
#287214180
0"
#287232698
1"
#287251216
0"
#287269734
1"
#287288252
0"
#287306770
1"
#287325288
0"
#287343806
1"
#287362324
0"
#287380842
1"
#287399360
0"
#287417878
1"
#287436396
0"
#287454914
1"
#287473432
0"
#287491950
1"
#287510468
0"
#287528986
1"
#287547504
0"
#287566022
1"
#287584540
0"
#287603058
1"
#287621576
0"
#287640094
1"
#287658612
0"
#287677130
1"
#287695648
0"
#287714166
1"
#287732684
0"
#287751202
1"
#287769720
0"
#287788238
1"
#287806756
0"
#287825274
1"
#287843792
0"
#287862310
1"
#287880828
0"
#287899346
1"
#287917864
0"
#287936382
1"
#287954900
0"
#287973418
1"
#287991936
0"
#288010454
1"
#288028972
0"
#288047490
1"
#288066008
0"
#288084526
1"
#288103044
0"
#288121562
1"
#288140080
0"
#288158598
1"
#288177116
0"
#288195634
1"
#288214152
0"
#288232670
1"
#288251188
0"
#288269706
1"
#288288224
0"
#288306742
1"
#288325260
0"
#288343778
1"
#288362296
0"
#288380814
1"
#288399332
0"
#288417850
1"
#288436368
0"
#288454886
1"
#288473404
0"
#288491922
1"
#288510440
0"
#288528958
1"
#288547476
0"
#288565994
1"
#288584512
0"
#288603030
1"
#288621548
0"
#288640066
1"
#288658584
0"
#288677102
1"
#288695620
0"
#288714138
1"
#288732656
0"
#288751174
1"
#288769692
0"
#288788210
1"
#288806728
0"
#288825246
1"
#288843764
0"
#288862282
1"
#288880800
0"
#288899318
1"
#288917836
0"
#288936354
1"
#288954872
0"
#288973390
1"
#288991908
0"
#289010426
1"
#289028944
0"
#289047462
1"
#289065980
0"
#289084498
1"
#289103016
0"
#289121534
1"
#289140052
0"
#289158570
1"
#289177088
0"
#289195606
1"
#289214124
0"
#289232642
1"
#289251160
0"
#289269678
1"
#289288196
0"
#289306714
1"
#289325232
0"
#289343750
1"
#289362268
0"
#289380786
1"
#289399304
0"
#289417822
1"
#289436340
0"
#289454858
1"
#289473376
0"
#289491894
1"
#289510412
0"
#289528930
1"
#289547448
0"
#289565966
1"
#289584484
0"
#289603002
1"
#289621520
0"
#289640038
1"
#289658556
0"
#289677074
1"
#289695592
0"
#289714110
1"
#289732628
0"
#289751146
1"
#289769664
0"
#289788182
1"
#289806700
0"
#289825218
1"
#289843736
0"
#289862254
1"
#289880772
0"
#289899290
1"
#289917808
0"
#289936326
1"
#289954844
0"
#289973362
1"
#289991880
0"
#290010398
1"
#290028916
0"
#290047434
1"
#290065952
0"
#290084470
1"
#290102988
0"
#290121506
1"
#290140024
0"
#290158542
1"
#290177060
0"
#290195578
1"
#290214096
0"
#290232614
1"
#290251132
0"
#290269650
1"
#290288168
0"
#290306686
1"
#290325204
0"
#290343722
1"
#290362240
0"
#290380758
1"
#290399276
0"
#290417794
1"
#290436312
0"
#290454830
1"
#290473348
0"
#290491866
1"
#290510384
0"
#290528902
1"
#290547420
0"
#290565938
1"
#290584456
0"
#290602974
1"
#290621492
0"
#290640010
1"
#290658528
0"
#290677046
1"
#290695564
0"
#290714082
1"
#290732600
0"
#290751118
1"
#290769636
0"
#290788154
1"
#290806672
0"
#290825190
1"
#290843708
0"
#290862226
1"
#290880744
0"
#290899262
1"
#290917780
0"
#290936298
1"
#290954816
0"
#290973334
1"
#290991852
0"
#291010370
1"
#291028888
0"
#291047406
1"
#291065924
0"
#291084442
1"
#291102960
0"
#291121478
1"
#291139996
0"
#291158514
1"
#291177032
0"
#291195550
1"
#291214068
0"
#291232586
1"
#291251104
0"
#291269622
1"
#291288140
0"
#291306658
1"
#291325176
0"
#291343694
1"
#291362212
0"
#291380730
1"
#291399248
0"
#291417766
1"
#291436284
0"
#291454802
1"
#291473320
0"
#291491838
1"
#291510356
0"
#291528874
1"
#291547392
0"
#291565910
1"
#291584428
0"
#291602946
1"
#291621464
0"
#291639982
1"
#291658500
0"
#291677018
1"
#291695536
0"
#291714054
1"
#291732572
0"
#291751090
1"
#291769608
0"
#291788126
1"
#291806644
0"
#291825162
1"
#291843680
0"
#291862198
1"
#291880716
0"
#291899234
1"
#291917752
0"
#291936270
1"
#291954788
0"
#291973306
1"
#291991824
0"
#292010342
1"
#292028860
0"
#292047378
1"
#292065896
0"
#292084414
1"
#292102932
0"
#292121450
1"
#292139968
0"
#292158486
1"
#292177004
0"
#292195522
1"
#292214040
0"
#292232558
1"
#292251076
0"
#292269594
1"
#292288112
0"
#292306630
1"
#292325148
0"
#292343666
1"
#292362184
0"
#292380702
1"
#292399220
0"
#292417738
1"
#292436256
0"
#292454774
1"
#292473292
0"
#292491810
1"
#292510328
0"
#292528846
1"
#292547364
0"
#292565882
1"
#292584400
0"
#292602918
1"
#292621436
0"
#292639954
1"
#292658472
0"
#292676990
1"
#292695508
0"
#292714026
1"
#292732544
0"
#292751062
1"
#292769580
0"
#292788098
1"
#292806616
0"
#292825134
1"
#292843652
0"
#292862170
1"
#292880688
0"
#292899206
1"
#292917724
0"
#292936242
1"
#292954760
0"
#292973278
1"
#292991796
0"
#293010314
1"
#293028832
0"
#293047350
1"
#293065868
0"
#293084386
1"
#293102904
0"
#293121422
1"
#293139940
0"
#293158458
1"
#293176976
0"
#293195494
1"
#293214012
0"
#293232530
1"
#293251048
0"
#293269566
1"
#293288084
0"
#293306602
1"
#293325120
0"
#293343638
1"
#293362156
0"
#293380674
1"
#293399192
0"
#293417710
1"
#293436228
0"
#293454746
1"
#293473264
0"
#293491782
1"
#293510300
0"
#293528818
1"
#293547336
0"
#293565854
1"
#293584372
0"
#293600000
