$date
	Sat Jul 11 13:46:31 2026
$end
$version
	Icarus Verilog
$end
$timescale
	1ps
$end
$scope module tb_simpleMotorControl $end
$var wire 1 ! outputValid $end
$var wire 16 " measuredPosition [15:0] $end
$var wire 16 # controlOutput [15:0] $end
$var reg 16 $ kd [15:0] $end
$var reg 16 % ki [15:0] $end
$var reg 16 & kp [15:0] $end
$var reg 1 ' sampleEnable $end
$var reg 16 ( setpoint [15:0] $end
$var reg 1 ) sys_clk $end
$var reg 1 * sys_rst_n $end
$var integer 32 + sampleCount [31:0] $end
$scope module motorModel $end
$var wire 1 ' sampleEnable $end
$var wire 1 ) sys_clk $end
$var wire 1 * sys_rst_n $end
$var wire 32 , nextVelocity [31:0] $end
$var wire 32 - nextPosition [31:0] $end
$var wire 32 . damping [31:0] $end
$var wire 32 / commandExtended [31:0] $end
$var wire 16 0 command [15:0] $end
$var wire 32 1 acceleration [31:0] $end
$var reg 16 2 measuredPosition [15:0] $end
$var reg 32 3 position [31:0] $end
$var reg 32 4 velocity [31:0] $end
$scope function saturate16 $end
$upscope $end
$upscope $end
$scope module pidController $end
$var wire 16 5 kd [15:0] $end
$var wire 16 6 ki [15:0] $end
$var wire 16 7 kp [15:0] $end
$var wire 16 8 measuredValue [15:0] $end
$var wire 1 ' sampleEnable $end
$var wire 16 9 setpoint [15:0] $end
$var wire 1 ) sys_clk $end
$var wire 1 * sys_rst_n $end
$var wire 32 : proportionalTerm [31:0] $end
$var wire 32 ; proportionalProduct [31:0] $end
$var wire 32 < pidSum [31:0] $end
$var wire 32 = integralTerm [31:0] $end
$var wire 48 > integralProduct [47:0] $end
$var wire 16 ? errorDelta [15:0] $end
$var wire 32 @ derivativeTerm [31:0] $end
$var wire 32 A derivativeProduct [31:0] $end
$var wire 16 B currentError [15:0] $end
$var reg 16 C controlOutput [15:0] $end
$var reg 32 D integralAccumulator [31:0] $end
$var reg 1 ! outputValid $end
$var reg 16 E previousError [15:0] $end
$scope function saturate16 $end
$upscope $end
$upscope $end
$scope task runSample $end
$upscope $end
$upscope $end
$enddefinitions $end
$comment Show the parameter values. $end
$dumpall
$end
#0
$dumpvars
b0 E
b0 D
b0 C
b0 B
b0 A
b0 @
b0 ?
b0 >
b0 =
b0 <
b0 ;
b0 :
b0 9
b0 8
b0 7
b0 6
b0 5
b0 4
b0 3
b0 2
b0 1
b0 0
b0 /
b0 .
b0 -
b0 ,
b0 +
0*
0)
b0 (
0'
b0 &
b0 %
b0 $
b0 #
b0 "
0!
$end
#18518
1)
#37036
0)
#55554
1)
#74072
0)
#92590
1)
#111108
0)
#129626
1)
#148144
0)
#166662
1)
#185180
0)
#200000
b1010000000 @
b11110000000 <
b10100000000 :
b101000000000000000 A
b101000000000 ?
b1010000000000000000 ;
b101000000000 B
b101000000000 (
b101000000000 9
b1000000 $
b1000000 5
b101 %
b101 6
b10000000 &
b10000000 7
1*
#203698
1)
#222216
1'
0)
#240734
b1111 -
b110010 =
b11110000 ,
b10100110010 <
b0 @
1!
b11110000000 1
b11110000000 /
b11110000000 #
b11110000000 0
b11110000000 C
b0 A
b0 ?
b101000000000 E
b11001000000000 >
b101000000000 D
1)
#259252
0'
0)
#277770
0!
b1 +
1)
#296288
1'
0)
#314806
b1100100 =
b11111111111111111111111111111100 @
b10101011000 <
b10011111000 :
b11110 .
b11111111111111111111110001000000 A
b1111111111110001 ?
b1001111100010000000 ;
b100111110001 B
b1111 "
b1111 2
b1111 8
b101000 -
b1111 3
b110010010 ,
b11110000 4
1!
b10100010100 1
b10100110010 /
b10100110010 #
b10100110010 0
b10100110010 C
b110010000000000 >
b1010000000000 D
1)
#333324
0'
0)
#351842
0!
b10 +
1)
#370360
1'
0)
#388878
b10010101 =
b10011101100 :
b110010 .
b10101111010 <
b11111111111111111111111111111001 @
b1001110110000000000 ;
b100111011000 B
b101000 "
b101000 2
b101000 8
b1001011 -
b101000 3
b1000110110 ,
b110010010 4
1!
b10100100110 1
b10101011000 /
b10101011000 #
b10101011000 0
b10101011000 C
b11111111111111111111100111000000 A
b1111111111100111 ?
b100111110001 E
b1001010110110101 >
b1110111110001 D
1)
#407396
0'
0)
#425914
0!
b11 +
1)
#444432
1'
0)
#462950
b11000110 =
b10011011010 :
b1000110 .
b10110010111 <
b11111111111111111111111111110111 @
b1001101101010000000 ;
b100110110101 B
b1001011 "
b1001011 2
b1001011 8
b1111000 -
b1001011 3
b1011011100 ,
b1000110110 4
1!
b10100110100 1
b10101111010 /
b10101111010 #
b10101111010 0
b10101111010 C
b11111111111111111111011101000000 A
b1111111111011101 ?
b100111011000 E
b1100011011101101 >
b10011111001001 D
1)
#481468
0'
0)
#499986
0!
b100 +
1)
#518504
1'
0)
#537022
b11110111 =
b10011000100 :
b1011011 .
b10110101111 <
b11111111111111111111111111110100 @
b1001100010000000000 ;
b100110001000 B
b1111000 "
b1111000 2
b1111000 8
b10110000 -
b1111000 3
b1110000011 ,
b1011011100 4
1!
b10100111100 1
b10110010111 /
b10110010111 #
b10110010111 0
b10110010111 C
b11111111111111111111010011000000 A
b1111111111010011 ?
b100110110101 E
b1111011101110110 >
b11000101111110 D
1)
#555540
0'
0)
#574058
0!
b101 +
1)
#592576
1'
0)
#611094
b100100111 =
b10010101000 :
b1110000 .
b10111000001 <
b11111111111111111111111111110010 @
b1001010100000000000 ;
b100101010000 B
b10110000 "
b10110000 2
b10110000 8
b11110010 -
b10110000 3
b10000101010 ,
b1110000011 4
1!
b10100111111 1
b10110101111 /
b10110101111 #
b10110101111 0
b10110101111 C
b11111111111111111111001000000000 A
b1111111111001000 ?
b100110001000 E
b10010011100011110 >
b11101100000110 D
1)
#629612
0'
0)
#648130
0!
b110 +
1)
#666648
1'
0)
#685166
b101010101 =
b10010000111 :
b10000101 .
b10111001011 <
b11111111111111111111111111101111 @
b1001000011100000000 ;
b100100001110 B
b11110010 "
b11110010 2
b11110010 8
b100111111 -
b11110010 3
b10011010001 ,
b10000101010 4
1!
b10100111100 1
b10111000001 /
b10111000001 #
b10111000001 0
b10111000001 C
b11111111111111111110111110000000 A
b1111111110111110 ?
b100101010000 E
b10101010110101110 >
b100010001010110 D
1)
#703684
0'
0)
#722202
0!
b111 +
1)
#740720
1'
0)
#759238
b110000010 =
b10001100000 :
b10011010 .
b10111001110 <
b11111111111111111111111111101100 @
b1000110000010000000 ;
b100011000001 B
b100111111 "
b100111111 2
b100111111 8
b110010110 -
b100111111 3
b10101110111 ,
b10011010001 4
1!
b10100110001 1
b10111001011 /
b10111001011 #
b10111001011 0
b10111001011 C
b11111111111111111110110011000000 A
b1111111110110011 ?
b100100001110 E
b11000001011110100 >
b100110101100100 D
1)
#777756
0'
0)
#796274
0!
b1000 +
1)
#814792
1'
0)
#833310
b110101110 =
b10000110101 :
b10101110 .
b10111001101 <
b11111111111111111111111111101010 @
b1000011010100000000 ;
b100001101010 B
b110010110 "
b110010110 2
b110010110 8
b111110111 -
b110010110 3
b11000011011 ,
b10101110111 4
1!
b10100100000 1
b10111001110 /
b10111001110 #
b10111001110 0
b10111001110 C
b11111111111111111110101001000000 A
b1111111110101001 ?
b100011000001 E
b11010111010111001 >
b101011000100101 D
1)
#851828
0'
0)
#870346
0!
b1001 +
1)
#888864
1'
0)
#907382
b111011000 =
b10000000100 :
b11000011 .
b10111000011 <
b11111111111111111111111111100111 @
b1000000010010000000 ;
b100000001001 B
b111110111 "
b111110111 2
b111110111 8
b1001100010 -
b111110111 3
b11010111100 ,
b11000011011 4
1!
b10100001010 1
b10111001101 /
b10111001101 #
b10111001101 0
b10111001101 C
b11111111111111111110011111000000 A
b1111111110011111 ?
b100001101010 E
b11101100011001011 >
b101111010001111 D
1)
#925900
0'
0)
#944418
0!
b1010 +
1)
#962936
1'
0)
#981454
b1000000000 =
b1111001111 :
b11010111 .
b10110110100 <
b11111111111111111111111111100101 @
b111100111100000000 ;
b11110011110 B
b1001100010 "
b1001100010 2
b1001100010 8
b1011010111 -
b1001100010 3
b11101011001 ,
b11010111100 4
1!
b10011101100 1
b10111000011 /
b10111000011 #
b10111000011 0
b10111000011 C
b11111111111111111110010101000000 A
b1111111110010101 ?
b100000001001 E
b100000000011111000 >
b110011010011000 D
1)
#999972
0'
0)
#1018490
0!
b1011 +
1)
#1037008
1'
0)
#1055526
b1000100111 =
b1110010100 :
b11101011 .
b10110011101 <
b11111111111111111111111111100010 @
b111001010010000000 ;
b11100101001 B
b1011010111 "
b1011010111 2
b1011010111 8
b1101010110 -
b1011010111 3
b11111110010 ,
b11101011001 4
1!
b10011001001 1
b10110110100 /
b10110110100 #
b10110110100 0
b10110110100 C
b11111111111111111110001011000000 A
b1111111110001011 ?
b11110011110 E
b100010011100001110 >
b110111000110110 D
1)
#1074044
0'
0)
#1092562
0!
b1100 +
1)
#1111080
1'
0)
#1129598
b1001001010 =
b1101010101 :
b11111110 .
b10101111111 <
b11111111111111111111111111100000 @
b110101010100000000 ;
b11010101010 B
b1101010110 "
b1101010110 2
b1101010110 8
b1111011110 -
b1101010110 3
b100010000101 ,
b11111110010 4
1!
b10010011111 1
b10110011101 /
b10110011101 #
b10110011101 0
b10110011101 C
b11111111111111111110000001000000 A
b1111111110000001 ?
b11100101001 E
b100100101011011011 >
b111010101011111 D
1)
#1148116
0'
0)
#1166634
0!
b1101 +
1)
#1185152
1'
0)
#1203670
b1001101100 =
b1100010001 :
b100010000 .
b10101011011 <
b11111111111111111111111111011110 @
b110001000100000000 ;
b11000100010 B
b1111011110 "
b1111011110 2
b1111011110 8
b10001101111 -
b1111011110 3
b100100010010 ,
b100010000101 4
1!
b10001101111 1
b10101111111 /
b10101111111 #
b10101111111 0
b10101111111 C
b11111111111111111101111000000000 A
b1111111101111000 ?
b11010101010 E
b100110110000101101 >
b111110000001001 D
1)
#1222188
0'
0)
#1240706
0!
b1110 +
1)
#1259224
1'
0)
#1277742
b1010001010 =
b1011001000 :
b100100010 .
b10100101101 <
b11111111111111111111111111011011 @
b101100100010000000 ;
b10110010001 B
b10001101111 "
b10001101111 2
b10001101111 8
b10100001000 -
b10001101111 3
b100110011001 ,
b100100010010 4
1!
b10000111001 1
b10101011011 /
b10101011011 #
b10101011011 0
b10101011011 C
b11111111111111111101101111000000 A
b1111111101101111 ?
b11000100010 E
b101000101011010111 >
b1000001000101011 D
1)
#1296260
0'
0)
#1314778
0!
b1111 +
1)
#1333296
1'
0)
#1351814
b1010100110 =
b1001111100 :
b100110011 .
b10011111011 <
b11111111111111111111111111011001 @
b100111110000000000 ;
b10011111000 B
b10100001000 "
b10100001000 2
b10100001000 8
b10110101001 -
b10100001000 3
b101000011000 ,
b100110011001 4
1!
b1111111010 1
b10100101101 /
b10100101101 #
b10100101101 0
b10100101101 C
b11111111111111111101100111000000 A
b1111111101100111 ?
b10110010001 E
b101010011010101100 >
b1000011110111100 D
1)
#1370332
0'
0)
#1388850
0!
b10000 +
1)
#1407368
1'
0)
#1425886
b1010111111 =
b1000101011 :
b101000011 .
b10011000001 <
b11111111111111111111111111010111 @
b100010101110000000 ;
b10001010111 B
b10110101001 "
b10110101001 2
b10110101001 8
b11001010001 -
b10110101001 3
b101010001111 ,
b101000011000 4
1!
b1110111000 1
b10011111011 /
b10011111011 #
b10011111011 0
b10011111011 C
b11111111111111111101011111000000 A
b1111111101011111 ?
b10011111000 E
b101011111110000100 >
b1000110010110100 D
1)
#1444404
0'
0)
#1462922
0!
b10001 +
1)
#1481440
1'
0)
#1499958
b1011010101 =
b111010111 :
b101010001 .
b10010000010 <
b11111111111111111111111111010110 @
b11101011110000000 ;
b1110101111 B
b11001010001 "
b11001010001 2
b11001010001 8
b11100000000 -
b11001010001 3
b101011111101 ,
b101010001111 4
1!
b1101110000 1
b10011000001 /
b10011000001 #
b10011000001 0
b10011000001 C
b11111111111111111101011000000000 A
b1111111101011000 ?
b10001010111 E
b101101010100110111 >
b1001000100001011 D
1)
#1518476
0'
0)
#1536994
0!
b10010 +
1)
#1555512
1'
0)
#1574030
b1011100111 =
b110000000 :
b101011111 .
b10000111011 <
b11111111111111111111111111010100 @
b11000000000000000 ;
b1100000000 B
b11100000000 "
b11100000000 2
b11100000000 8
b11110110110 -
b11100000000 3
b101101100001 ,
b101011111101 4
1!
b1100100011 1
b10010000010 /
b10010000010 #
b10010000010 0
b10010000010 C
b11111111111111111101010001000000 A
b1111111101010001 ?
b1110101111 E
b101110011110100010 >
b1001010010111010 D
1)
#1592548
0'
0)
#1611066
0!
b10011 +
1)
#1629584
1'
0)
#1648102
b1011110110 =
b100100101 :
b101101100 .
b1111101101 <
b11111111111111111111111111010010 @
b10010010100000000 ;
b1001001010 B
b11110110110 "
b11110110110 2
b11110110110 8
b100001110001 -
b11110110110 3
b101110111010 ,
b101101100001 4
1!
b1011001111 1
b10000111011 /
b10000111011 #
b10000111011 0
b10000111011 C
b11111111111111111101001010000000 A
b1111111101001010 ?
b1100000000 E
b101111011010100010 >
b1001011110111010 D
1)
#1666620
0'
0)
#1685138
0!
b10100 +
1)
#1703656
1'
0)
#1722174
b1100000010 =
b11000111 :
b101110111 .
b1110011010 <
b11111111111111111111111111010001 @
b1100011110000000 ;
b110001111 B
b100001110001 "
b100001110001 2
b100001110001 8
b100100110001 -
b100001110001 3
b110000001000 ,
b101110111010 4
1!
b1001110110 1
b1111101101 /
b1111101101 #
b1111101101 0
b1111101101 C
b11111111111111111101000101000000 A
b1111111101000101 ?
b1001001010 E
b110000001000010100 >
b1001101000000100 D
1)
#1740692
0'
0)
#1759210
0!
b10101 +
1)
#1777728
1'
0)
#1796246
b1100001001 =
b1100111 :
b110000001 .
b1101000000 <
b11111111111111111111111111010000 @
b110011110000000 ;
b11001111 B
b100100110001 "
b100100110001 2
b100100110001 8
b100111110101 -
b100100110001 3
b110001001011 ,
b110000001000 4
1!
b1000011001 1
b1110011010 /
b1110011010 #
b1110011010 0
b1110011010 C
b11111111111111111101000000000000 A
b1111111101000000 ?
b110001111 E
b110000100111011111 >
b1001101110010011 D
1)
#1814764
0'
0)
#1833282
0!
b10110 +
1)
#1851800
1'
0)
#1870318
b1100001101 =
b101 :
b110001001 .
b1011100001 <
b11111111111111111111111111001111 @
b10110000000 ;
b1011 B
b100111110101 "
b100111110101 2
b100111110101 8
b101010111101 -
b100111110101 3
b110010000001 ,
b110001001011 4
1!
b110110111 1
b1101000000 /
b1101000000 #
b1101000000 0
b1101000000 C
b11111111111111111100111100000000 A
b1111111100111100 ?
b11001111 E
b110000110111101010 >
b1001110001100010 D
1)
#1888836
0'
0)
#1907354
0!
b10111 +
1)
#1925872
1'
0)
#1944390
b1100001110 =
b11111111111111111111111110100001 :
b110010000 .
b1001111101 <
b11111111111111111111111111001110 @
b11111111111111111010000110000000 ;
b1111111101000011 B
b101010111101 "
b101010111101 2
b101010111101 8
b101110000111 -
b101010111101 3
b110010101011 ,
b110010000001 4
1!
b101010001 1
b1011100001 /
b1011100001 #
b1011100001 0
b1011100001 C
b11111111111111111100111000000000 A
b1111111100111000 ?
b1011 E
b110000111000100001 >
b1001110001101101 D
1)
#1962908
0'
0)
#1981426
0!
b11000 +
1)
#1999944
1'
0)
#2018462
b1100001010 =
b11111111111111111111111100111100 :
b110010101 .
b1000010011 <
b11111111111111111111111111001101 @
b11111111111111110011110010000000 ;
b1111111001111001 B
b101110000111 "
b101110000111 2
b101110000111 8
b110001010011 -
b101110000111 3
b110011001000 ,
b110010101011 4
1!
b11101000 1
b1001111101 /
b1001111101 #
b1001111101 0
b1001111101 C
b11111111111111111100110110000000 A
b1111111100110110 ?
b1111111101000011 E
b110000101001110000 >
b1001101110110000 D
1)
#2036980
0'
0)
#2055498
0!
b11001 +
1)
#2074016
1'
0)
#2092534
b1100000010 =
b110100101 <
b11111111111111111111111011010110 :
b110011001 .
b11111111111111101101011010000000 ;
b1111110110101101 B
b110001010011 "
b110001010011 2
b110001010011 8
b110100100000 -
b110001010011 3
b110011010111 ,
b110011001000 4
1!
b1111010 1
b1000010011 /
b1000010011 #
b1000010011 0
b1000010011 C
b11111111111111111100110100000000 A
b1111111100110100 ?
b1111111001111001 E
b110000001011001101 >
b1001101000101001 D
1)
#2111052
0'
0)
#2129570
0!
b11010 +
1)
#2148088
1'
0)
#2166606
b1011110111 =
b11111111111111111111111001110000 :
b110011010 .
b100110011 <
b11111111111111111111111111001100 @
b11111111111111100111000000000000 ;
b1111110011100000 B
b110100100000 "
b110100100000 2
b110100100000 8
b110111101101 -
b110100100000 3
b110011011000 ,
b110011010111 4
1!
b1011 1
b110100101 /
b110100101 #
b110100101 0
b110100101 C
b11111111111111111100110011000000 A
b1111111100110011 ?
b1111110110101101 E
b101111011100101110 >
b1001011111010110 D
1)
#2185124
0'
0)
#2203642
0!
b11011 +
1)
#2222160
1'
0)
#2240678
b1011100111 =
b10111100 <
b11111111111111111111111000001001 :
b110011011 .
b11111111111111100000100110000000 ;
b1111110000010011 B
b110111101101 "
b110111101101 2
b110111101101 8
b111010111001 -
b110111101101 3
b110011001011 ,
b110011011000 4
1!
b11111111111111111111111110011000 1
b100110011 /
b100110011 #
b100110011 0
b100110011 C
b11111111111111111100110011000000 A
b1111111100110011 ?
b1111110011100000 E
b101110011110001110 >
b1001010010110110 D
1)
#2259196
0'
0)
#2277714
0!
b11100 +
1)
#2296232
1'
0)
#2314750
b1011010011 =
b11111111111111111111110110100011 :
b110011001 .
b1000011 <
b11111111111111111111111111001101 @
b11111111111111011010001110000000 ;
b1111101101000111 B
b111010111001 "
b111010111001 2
b111010111001 8
b111110000011 -
b111010111001 3
b110010101111 ,
b110011001011 4
1!
b11111111111111111111111100100011 1
b10111100 /
b10111100 #
b10111100 0
b10111100 C
b11111111111111111100110100000000 A
b1111111100110100 ?
b1111110000010011 E
b101101001111101101 >
b1001000011001001 D
1)
#2333268
0'
0)
#2351786
0!
b11101 +
1)
#2370304
1'
0)
#2388822
b1010111100 =
b11111111111111111111111111000111 <
b11111111111111111111110100111110 :
b110010101 .
b11111111111111010011111010000000 ;
b1111101001111101 B
b111110000011 "
b111110000011 2
b111110000011 8
b1000001001011 -
b111110000011 3
b110010000100 ,
b110010101111 4
1!
b11111111111111111111111010101110 1
b1000011 /
b1000011 #
b1000011 0
b1000011 C
b11111111111111111100110110000000 A
b1111111100110110 ?
b1111101101000111 E
b101011110001010000 >
b1000110000010000 D
1)
#2407340
0'
0)
#2425858
0!
b11110 +
1)
#2444376
1'
0)
#2462894
b1010100000 =
b11111111111111111111110011011010 :
b110010000 .
b11111111111111111111111101001000 <
b11111111111111111111111111001110 @
b11111111111111001101101010000000 ;
b1111100110110101 B
b1000001001011 "
b1000001001011 2
b1000001001011 8
b1000100001111 -
b1000001001011 3
b110001001010 ,
b110010000100 4
1!
b11111111111111111111111000110111 1
b11111111111111111111111111000111 /
b1111111111000111 #
b1111111111000111 0
b1111111111000111 C
b11111111111111111100111000000000 A
b1111111100111000 ?
b1111101001111101 E
b101010000011000001 >
b1000011010001101 D
1)
#2481412
0'
0)
#2499930
0!
b11111 +
1)
#2518448
1'
0)
#2536966
b1010000001 =
b11111111111111111111110001111000 :
b110001001 .
b11111111111111111111111011001000 <
b11111111111111111111111111001111 @
b11111111111111000111100010000000 ;
b1111100011110001 B
b1000100001111 "
b1000100001111 2
b1000100001111 8
b1000111001111 -
b1000100001111 3
b110000000001 ,
b110001001010 4
1!
b11111111111111111111110110111111 1
b11111111111111111111111101001000 /
b1111111101001000 #
b1111111101001000 0
b1111111101001000 C
b11111111111111111100111100000000 A
b1111111100111100 ?
b1111100110110101 E
b101000000101001010 >
b1000000001000010 D
1)
#2555484
0'
0)
#2574002
0!
b100000 +
1)
#2592520
1'
0)
#2611038
b1001011101 =
b11111111111111111111110000011000 :
b110000000 .
b11111111111111111111111001000101 <
b11111111111111111111111111010000 @
b11111111111111000001100010000000 ;
b1111100000110001 B
b1000111001111 "
b1000111001111 2
b1000111001111 8
b1001010001001 -
b1000111001111 3
b101110101010 ,
b110000000001 4
1!
b11111111111111111111110101001000 1
b11111111111111111111111011001000 /
b1111111011001000 #
b1111111011001000 0
b1111111011001000 C
b11111111111111111101000000000000 A
b1111111101000000 ?
b1111100011110001 E
b100101110111111111 >
b111100100110011 D
1)
#2629556
0'
0)
#2648074
0!
b100001 +
1)
#2666592
1'
0)
#2685110
b1000110110 =
b11111111111111111111101110111011 :
b101110101 .
b11111111111111111111110111000010 <
b11111111111111111111111111010001 @
b11111111111110111011101110000000 ;
b1111011101110111 B
b1001010001001 "
b1001010001001 2
b1001010001001 8
b1001100111101 -
b1001010001001 3
b101101000100 ,
b101110101010 4
1!
b11111111111111111111110011010000 1
b11111111111111111111111001000101 /
b1111111001000101 #
b1111111001000101 0
b1111111001000101 C
b11111111111111111101000110000000 A
b1111111101000110 ?
b1111100000110001 E
b100011011011110100 >
b111000101100100 D
1)
#2703628
0'
0)
#2722146
0!
b100010 +
1)
#2740664
1'
0)
#2759182
b1000001100 =
b11111111111111111111101101100001 :
b101101000 .
b11111111111111111111110101000000 <
b11111111111111111111111111010011 @
b11111111111110110110000110000000 ;
b1111011011000011 B
b1001100111101 "
b1001100111101 2
b1001100111101 8
b1001111101001 -
b1001100111101 3
b101011001111 ,
b101101000100 4
1!
b11111111111111111111110001011010 1
b11111111111111111111110111000010 /
b1111110111000010 #
b1111110111000010 0
b1111110111000010 C
b11111111111111111101001100000000 A
b1111111101001100 ?
b1111011101110111 E
b100000110001000111 >
b110100011011011 D
1)
#2777700
0'
0)
#2796218
0!
b100011 +
1)
#2814736
1'
0)
#2833254
b111011110 =
b11111111111111111111101100001011 :
b101011001 .
b11111111111111111111110010111110 <
b11111111111111111111111111010101 @
b11111111111110110000101110000000 ;
b1111011000010111 B
b1001111101001 "
b1001111101001 2
b1001111101001 8
b1010010001101 -
b1001111101001 3
b101001001011 ,
b101011001111 4
1!
b11111111111111111111101111100111 1
b11111111111111111111110101000000 /
b1111110101000000 #
b1111110101000000 0
b1111110101000000 C
b11111111111111111101010100000000 A
b1111111101010100 ?
b1111011011000011 E
b11101111000010110 >
b101111110011110 D
1)
#2851772
0'
0)
#2870290
0!
b100100 +
1)
#2888808
1'
0)
#2907326
b110101100 =
b11111111111111111111101010111001 :
b101001001 .
b11111111111111111111110000111100 <
b11111111111111111111111111010111 @
b11111111111110101011100110000000 ;
b1111010101110011 B
b1010010001101 "
b1010010001101 2
b1010010001101 8
b1010100101000 -
b1010010001101 3
b100110111001 ,
b101001001011 4
1!
b11111111111111111111101101110101 1
b11111111111111111111110010111110 /
b1111110010111110 #
b1111110010111110 0
b1111110010111110 C
b11111111111111111101011100000000 A
b1111111101011100 ?
b1111011000010111 E
b11010110010001001 >
b101010110110101 D
1)
#2925844
0'
0)
#2944362
0!
b100101 +
1)
#2962880
1'
0)
#2981398
b101110111 =
b11111111111111111111101001101100 :
b100110111 .
b11111111111111111111101110111100 <
b11111111111111111111111111011001 @
b11111111111110100110110000000000 ;
b1111010011011000 B
b1010100101000 "
b1010100101000 2
b1010100101000 8
b1010110111001 -
b1010100101000 3
b100100011001 ,
b100110111001 4
1!
b11111111111111111111101100000101 1
b11111111111111111111110000111100 /
b1111110000111100 #
b1111110000111100 0
b1111110000111100 C
b11111111111111111101100101000000 A
b1111111101100101 ?
b1111010101110011 E
b10111011111001000 >
b100101100101000 D
1)
#2999916
0'
0)
#3018434
0!
b100110 +
1)
#3036952
1'
0)
#3055470
b101000000 =
b11111111111111111111101000100011 :
b100100011 .
b11111111111111111111101100111110 <
b11111111111111111111111111011011 @
b11111111111110100010001110000000 ;
b1111010001000111 B
b1010110111001 "
b1010110111001 2
b1010110111001 8
b1011000111111 -
b1010110111001 3
b100001101100 ,
b100100011001 4
1!
b11111111111111111111101010011001 1
b11111111111111111111101110111100 /
b1111101110111100 #
b1111101110111100 0
b1111101110111100 C
b11111111111111111101101111000000 A
b1111111101101111 ?
b1111010011011000 E
b10100000000000000 >
b100000000000000 D
1)
#3073988
0'
0)
#3092506
0!
b100111 +
1)
#3111024
1'
0)
#3129542
b100000101 =
b11111111111111111111100111100000 :
b100001101 .
b11111111111111111111101011000011 <
b11111111111111111111111111011110 @
b11111111111110011110000010000000 ;
b1111001111000001 B
b1011000111111 "
b1011000111111 2
b1011000111111 8
b1011010111010 -
b1011000111111 3
b11110110010 ,
b100001101100 4
1!
b11111111111111111111101000110001 1
b11111111111111111111101100111110 /
b1111101100111110 #
b1111101100111110 0
b1111101100111110 C
b11111111111111111101111010000000 A
b1111111101111010 ?
b1111010001000111 E
b10000010101100011 >
b11010001000111 D
1)
#3148060
0'
0)
#3166578
0!
b101000 +
1)
#3185096
1'
0)
#3203614
b11001000 =
b11111111111111111111100110100011 :
b11110110 .
b11111111111111111111101001001100 <
b11111111111111111111111111100001 @
b11111111111110011010001100000000 ;
b1111001101000110 B
b1011010111010 "
b1011010111010 2
b1011010111010 8
b1011100101000 -
b1011010111010 3
b11011101011 ,
b11110110010 4
1!
b11111111111111111111100111001101 1
b11111111111111111111101011000011 /
b1111101011000011 #
b1111101011000011 0
b1111101011000011 C
b11111111111111111110000101000000 A
b1111111110000101 ?
b1111001111000001 E
b1100100000101000 >
b10100000001000 D
1)
#3222132
0'
0)
#3240650
0!
b101001 +
1)
#3259168
1'
0)
#3277686
b10001000 =
b11111111111111111111100101101100 :
b11011101 .
b11111111111111111111100111011000 <
b11111111111111111111111111100100 @
b11111111111110010110110000000000 ;
b1111001011011000 B
b1011100101000 "
b1011100101000 2
b1011100101000 8
b1011110001001 -
b1011100101000 3
b11000011000 ,
b11011101011 4
1!
b11111111111111111111100101101111 1
b11111111111111111111101001001100 /
b1111101001001100 #
b1111101001001100 0
b1111101001001100 C
b11111111111111111110010010000000 A
b1111111110010010 ?
b1111001101000110 E
b1000100010000110 >
b1101101001110 D
1)
#3296204
0'
0)
#3314722
0!
b101010 +
1)
#3333240
1'
0)
#3351758
b1000110 =
b11111111111111111111100100111011 :
b11000011 .
b11111111111111111111100101101000 <
b11111111111111111111111111100111 @
b11111111111110010011101110000000 ;
b1111001001110111 B
b1011110001001 "
b1011110001001 2
b1011110001001 8
b1011111011100 -
b1011110001001 3
b10100111010 ,
b11000011000 4
1!
b11111111111111111111100100010101 1
b11111111111111111111100111011000 /
b1111100111011000 #
b1111100111011000 0
b1111100111011000 C
b11111111111111111110011111000000 A
b1111111110011111 ?
b1111001011011000 E
b100011010111110 >
b111000100110 D
1)
#3370276
0'
0)
#3388794
0!
b101011 +
1)
#3407312
1'
0)
#3425830
b11 =
b11111111111111111111100100010010 :
b10100111 .
b11111111111111111111100100000000 <
b11111111111111111111111111101011 @
b11111111111110010001001000000000 ;
b1111001000100100 B
b1011111011100 "
b1011111011100 2
b1011111011100 8
b1100000100001 -
b1011111011100 3
b10001010010 ,
b10100111010 4
1!
b11111111111111111111100011000001 1
b11111111111111111111100101101000 /
b1111100101101000 #
b1111100101101000 0
b1111100101101000 C
b11111111111111111110101101000000 A
b1111111110101101 ?
b1111001001110111 E
b1100010001 >
b10011101 D
1)
#3444348
0'
0)
#3462866
0!
b101100 +
1)
#3481384
1'
0)
#3499902
b11111111111111111111111110111101 =
b11111111111111111111100011101111 :
b10001010 .
b11111111111111111111100010011010 <
b11111111111111111111111111101110 @
b11111111111110001110111110000000 ;
b1111000111011111 B
b1100000100001 "
b1100000100001 2
b1100000100001 8
b1100001010111 -
b1100000100001 3
b1101100000 ,
b10001010010 4
1!
b11111111111111111111100001110110 1
b11111111111111111111100100000000 /
b1111100100000000 #
b1111100100000000 0
b1111100100000000 C
b11111111111111111110111011000000 A
b1111111110111011 ?
b1111001000100100 E
b111111111111111111111111111111111011110111000101 >
b11111111111111111111001011000001 D
1)
#3518420
0'
0)
#3536938
0!
b101101 +
1)
#3555456
1'
0)
#3573974
b11111111111111111111111101110111 =
b11111111111111111111100011010100 :
b1101100 .
b11111111111111111111100000111101 <
b11111111111111111111111111110010 @
b11111111111110001101010010000000 ;
b1111000110101001 B
b1100001010111 "
b1100001010111 2
b1100001010111 8
b1100001111101 -
b1100001010111 3
b1001100101 ,
b1101100000 4
1!
b11111111111111111111100000101110 1
b11111111111111111111100010011010 /
b1111100010011010 #
b1111100010011010 0
b1111100010011010 C
b11111111111111111111001010000000 A
b1111111111001010 ?
b1111000111011111 E
b111111111111111111111111111111110111011100100000 >
b11111111111111111110010010100000 D
1)
#3592492
0'
0)
#3611010
0!
b101110 +
1)
#3629528
1'
0)
#3648046
b11111111111111111111111100101111 =
b11111111111111111111100011000001 :
b1001100 .
b11111111111111111111011111100110 <
b11111111111111111111111111110110 @
b11111111111110001100000110000000 ;
b1111000110000011 B
b1100001111101 "
b1100001111101 2
b1100001111101 8
b1100010010011 -
b1100001111101 3
b101100011 ,
b1001100101 4
1!
b11111111111111111111011111110001 1
b11111111111111111111100000111101 /
b1111100000111101 #
b1111100000111101 0
b1111100000111101 C
b11111111111111111111011010000000 A
b1111111111011010 ?
b1111000110101001 E
b111111111111111111111111111111110010111101101101 >
b11111111111111111101011001001001 D
1)
#3666564
0'
0)
#3685082
0!
b101111 +
1)
#3703600
1'
0)
#3722118
b11111111111111111111111011100110 =
b11111111111111111111100010110110 :
b101100 .
b11111111111111111111011110010110 <
b11111111111111111111111111111010 @
b11111111111110001011011010000000 ;
b1111000101101101 B
b1100010010011 "
b1100010010011 2
b1100010010011 8
b1100010011000 -
b1100010010011 3
b1011010 ,
b101100011 4
1!
b11111111111111111111011110111010 1
b11111111111111111111011111100110 /
b1111011111100110 #
b1111011111100110 0
b1111011111100110 C
b11111111111111111111101010000000 A
b1111111111101010 ?
b1111000110000011 E
b111111111111111111111111111111101110011011111100 >
b11111111111111111100011111001100 D
1)
#3740636
0'
0)
#3759154
0!
b110000 +
1)
#3777672
1'
0)
#3796190
b11111111111111111111111010011110 =
b11111111111111111111100010110100 :
b1011 .
b11111111111111111111011101010000 <
b11111111111111111111111111111110 @
b11111111111110001011010000000000 ;
b1111000101101000 B
b1100010011000 "
b1100010011000 2
b1100010011000 8
b1100010001100 -
b1100010011000 3
b11111111111111111111111101001011 ,
b1011010 4
1!
b11111111111111111111011110001011 1
b11111111111111111111011110010110 /
b1111011110010110 #
b1111011110010110 0
b1111011110010110 C
b11111111111111111111111011000000 A
b1111111111111011 ?
b1111000101101101 E
b111111111111111111111111111111101001111000011101 >
b11111111111111111011100100111001 D
1)
#3814708
0'
0)
#3833226
0!
b110001 +
1)
#3851744
1'
0)
#3870262
b11111111111111111111111001010101 =
b11111111111111111111100010111010 :
b11111111111111111111111111101001 .
b11111111111111111111011100010010 <
b11 @
b11111111111110001011101000000000 ;
b1111000101110100 B
b1100010001100 "
b1100010001100 2
b1100010001100 8
b1100001101111 -
b1100010001100 3
b11111111111111111111111000110111 ,
b11111111111111111111111101001011 4
1!
b11111111111111111111011101100111 1
b11111111111111111111011101010000 /
b1111011101010000 #
b1111011101010000 0
b1111011101010000 C
b1100000000 A
b1100 ?
b1111000101101000 E
b111111111111111111111111111111100101010100100101 >
b11111111111111111010101010100001 D
1)
#3888780
0'
0)
#3907298
0!
b110010 +
1)
#3925816
1'
0)
#3944334
b11111111111111111111111000001100 =
b11111111111111111111100011001000 :
b11111111111111111111111111000110 .
b11111111111111111111011011011011 <
b111 @
b11111111111110001100100010000000 ;
b1111000110010001 B
b1100001101111 "
b1100001101111 2
b1100001101111 8
b1100001000001 -
b1100001101111 3
b11111111111111111111110100100000 ,
b11111111111111111111111000110111 4
1!
b11111111111111111111011101001100 1
b11111111111111111111011100010010 /
b1111011100010010 #
b1111011100010010 0
b1111011100010010 C
b11101000000 A
b11101 ?
b1111000101110100 E
b111111111111111111111111111111100000110001101001 >
b11111111111111111001110000010101 D
1)
#3962852
0'
0)
#3981370
0!
b110011 +
1)
#3999888
1'
0)
#4018406
b11111111111111111111110111000100 =
b11111111111111111111100011011111 :
b11111111111111111111111110100100 .
b11111111111111111111011010101110 <
b1011 @
b11111111111110001101111110000000 ;
b1111000110111111 B
b1100001000001 "
b1100001000001 2
b1100001000001 8
b1100000000001 -
b1100001000001 3
b11111111111111111111110000000110 ,
b11111111111111111111110100100000 4
1!
b11111111111111111111011100110111 1
b11111111111111111111011011011011 /
b1111011011011011 #
b1111011011011011 0
b1111011011011011 C
b101110000000 A
b101110 ?
b1111000110010001 E
b111111111111111111111111111111011100010000111110 >
b11111111111111111000110110100110 D
1)
#4036924
0'
0)
#4055442
0!
b110100 +
1)
#4073960
1'
0)
#4092478
b11111111111111111111110101111100 =
b11111111111111111111100011111111 :
b11111111111111111111111110000000 .
b11111111111111111111011010001011 <
b10000 @
b11111111111110001111111110000000 ;
b1111000111111111 B
b1100000000001 "
b1100000000001 2
b1100000000001 8
b1011110101111 -
b1100000000001 3
b11111111111111111111101011101011 ,
b11111111111111111111110000000110 4
1!
b11111111111111111111011100101110 1
b11111111111111111111011010101110 /
b1111011010101110 #
b1111011010101110 0
b1111011010101110 C
b1000000000000 A
b1000000 ?
b1111000110111111 E
b111111111111111111111111111111010111110011111001 >
b11111111111111110111111101100101 D
1)
#4110996
0'
0)
#4129514
0!
b110101 +
1)
#4148032
1'
0)
#4166550
b11111111111111111111110100110110 =
b11111111111111111111100100101000 :
b11111111111111111111111101011101 .
b11111111111111111111011001110010 <
b10100 @
b11111111111110010010100010000000 ;
b1111001001010001 B
b1011110101111 "
b1011110101111 2
b1011110101111 8
b1011101001100 -
b1011110101111 3
b11111111111111111111100111010000 ,
b11111111111111111111101011101011 4
1!
b11111111111111111111011100101110 1
b11111111111111111111011010001011 /
b1111011010001011 #
b1111011010001011 0
b1111011010001011 C
b1010010000000 A
b1010010 ?
b1111000111111111 E
b111111111111111111111111111111010011011011110100 >
b11111111111111110111000101100100 D
1)
#4185068
0'
0)
#4203586
0!
b110110 +
1)
#4222104
1'
0)
#4240622
b11111111111111111111110011110010 =
b11111111111111111111100101011010 :
b11111111111111111111111100111010 .
b11111111111111111111011001100100 <
b11000 @
b11111111111110010101101000000000 ;
b1111001010110100 B
b1011101001100 "
b1011101001100 2
b1011101001100 8
b1011011010111 -
b1011101001100 3
b11111111111111111111100010110111 ,
b11111111111111111111100111010000 4
1!
b11111111111111111111011100111000 1
b11111111111111111111011001110010 /
b1111011001110010 #
b1111011001110010 0
b1111011001110010 C
b1100011000000 A
b1100011 ?
b1111001001010001 E
b111111111111111111111111111111001111001010001001 >
b11111111111111110110001110110101 D
1)
#4259140
0'
0)
#4277658
0!
b110111 +
1)
#4296176
1'
0)
#4314694
b11111111111111111111110010110000 =
b11111111111111111111100110010100 :
b11111111111111111111111100010110 .
b11111111111111111111011001100001 <
b11101 @
b11111111111110011001010010000000 ;
b1111001100101001 B
b1011011010111 "
b1011011010111 2
b1011011010111 8
b1011001010001 -
b1011011010111 3
b11111111111111111111011110100000 ,
b11111111111111111111100010110111 4
1!
b11111111111111111111011101001110 1
b11111111111111111111011001100100 /
b1111011001100100 #
b1111011001100100 0
b1111011001100100 C
b1110101000000 A
b1110101 ?
b1111001010110100 E
b111111111111111111111111111111001011000000001101 >
b11111111111111110101011001101001 D
1)
#4333212
0'
0)
#4351730
0!
b111000 +
1)
#4370248
1'
0)
#4388766
b11111111111111111111110001101111 =
b11111111111111111111100111010111 :
b11111111111111111111111011110100 .
b11111111111111111111011001100111 <
b100001 @
b11111111111110011101011110000000 ;
b1111001110101111 B
b1011001010001 "
b1011001010001 2
b1011001010001 8
b1010110111001 -
b1011001010001 3
b11111111111111111111011010001101 ,
b11111111111111111111011110100000 4
1!
b11111111111111111111011101101101 1
b11111111111111111111011001100001 /
b1111011001100001 #
b1111011001100001 0
b1111011001100001 C
b10000110000000 A
b10000110 ?
b1111001100101001 E
b111111111111111111111111111111000110111111011010 >
b11111111111111110100100110010010 D
1)
#4407284
0'
0)
#4425802
0!
b111001 +
1)
#4444320
1'
0)
#4462838
b11111111111111111111110000110010 =
b11111111111111111111101000100011 :
b11111111111111111111111011010001 .
b11111111111111111111011001111011 <
b100110 @
b11111111111110100010001110000000 ;
b1111010001000111 B
b1010110111001 "
b1010110111001 2
b1010110111001 8
b1010100010000 -
b1010110111001 3
b11111111111111111111010101111111 ,
b11111111111111111111011010001101 4
1!
b11111111111111111111011110010110 1
b11111111111111111111011001100111 /
b1111011001100111 #
b1111011001100111 0
b1111011001100111 C
b10011000000000 A
b10011000 ?
b1111001110101111 E
b111111111111111111111111111111000011001001000101 >
b11111111111111110011110101000001 D
1)
#4481356
0'
0)
#4499874
0!
b111010 +
1)
#4518392
1'
0)
#4536910
b11111111111111111111101111110111 =
b11111111111111111111101001111000 :
b11111111111111111111111010101111 .
b11111111111111111111011010011001 <
b101010 @
b11111111111110100111100000000000 ;
b1111010011110000 B
b1010100010000 "
b1010100010000 2
b1010100010000 8
b1010001010111 -
b1010100010000 3
b11111111111111111111010001111000 ,
b11111111111111111111010101111111 4
1!
b11111111111111111111011111001100 1
b11111111111111111111011001111011 /
b1111011001111011 #
b1111011001111011 0
b1111011001111011 C
b10101001000000 A
b10101001 ?
b1111010001000111 E
b111111111111111111111111111110111111011110101000 >
b11111111111111110011000110001000 D
1)
#4555428
0'
0)
#4573946
0!
b111011 +
1)
#4592464
1'
0)
#4610982
b11111111111111111111101111000000 =
b11111111111111111111101011010100 :
b11111111111111111111111010001111 .
b11111111111111111111011011000010 <
b101110 @
b11111111111110101101010010000000 ;
b1111010110101001 B
b1010001010111 "
b1010001010111 2
b1010001010111 8
b1001110001110 -
b1010001010111 3
b11111111111111111111001101111001 ,
b11111111111111111111010001111000 4
1!
b11111111111111111111100000001010 1
b11111111111111111111011010011001 /
b1111011010011001 #
b1111011010011001 0
b1111011010011001 C
b10111001000000 A
b10111001 ?
b1111010011110000 E
b111111111111111111111111111110111100000001011000 >
b11111111111111110010011001111000 D
1)
#4629500
0'
0)
#4648018
0!
b111100 +
1)
#4666536
1'
0)
#4685054
b11111111111111111111101110001100 =
b11111111111111111111101100111001 :
b11111111111111111111111001101111 .
b11111111111111111111011011110111 <
b110010 @
b11111111111110110011100100000000 ;
b1111011001110010 B
b1001110001110 "
b1001110001110 2
b1001110001110 8
b1001010110110 -
b1001110001110 3
b11111111111111111111001010000011 ,
b11111111111111111111001101111001 4
1!
b11111111111111111111100001010011 1
b11111111111111111111011011000010 /
b1111011011000010 #
b1111011011000010 0
b1111011011000010 C
b11001001000000 A
b11001001 ?
b1111010110101001 E
b111111111111111111111111111110111000110010100101 >
b11111111111111110001110000100001 D
1)
#4703572
0'
0)
#4722090
0!
b111101 +
1)
#4740608
1'
0)
#4759126
b11111111111111111111101101011100 =
b11111111111111111111101110100101 :
b11111111111111111111111001010000 .
b11111111111111111111011100110111 <
b110110 @
b11111111111110111010010100000000 ;
b1111011101001010 B
b1001010110110 "
b1001010110110 2
b1001010110110 8
b1000111001111 -
b1001010110110 3
b11111111111111111111000110010111 ,
b11111111111111111111001010000011 4
1!
b11111111111111111111100010100111 1
b11111111111111111111011011110111 /
b1111011011110111 #
b1111011011110111 0
b1111011011110111 C
b11011000000000 A
b11011000 ?
b1111011001110010 E
b111111111111111111111111111110110101110011011111 >
b11111111111111110001001010010011 D
1)
#4777644
0'
0)
#4796162
0!
b111110 +
1)
#4814680
1'
0)
#4833198
b11111111111111111111101100110001 =
b11111111111111111111110000011000 :
b11111111111111111111111000110010 .
b11111111111111111111011110000010 <
b111001 @
b11111111111111000001100010000000 ;
b1111100000110001 B
b1000111001111 "
b1000111001111 2
b1000111001111 8
b1000011011010 -
b1000111001111 3
b11111111111111111111000010110111 ,
b11111111111111111111000110010111 4
1!
b11111111111111111111100100000101 1
b11111111111111111111011100110111 /
b1111011100110111 #
b1111011100110111 0
b1111011100110111 C
b11100111000000 A
b11100111 ?
b1111011101001010 E
b111111111111111111111111111110110011000101010001 >
b11111111111111110000100111011101 D
1)
#4851716
0'
0)
#4870234
0!
b111111 +
1)
#4888752
1'
0)
#4907270
b11111111111111111111101100001010 =
b11111111111111111111110010010011 :
b11111111111111111111111000010110 .
b11111111111111111111011111011010 <
b111101 @
b11111111111111001001001100000000 ;
b1111100100100110 B
b1000011011010 "
b1000011011010 2
b1000011011010 8
b111111011000 -
b1000011011010 3
b11111111111111111110111111100100 ,
b11111111111111111111000010110111 4
1!
b11111111111111111111100101101100 1
b11111111111111111111011110000010 /
b1111011110000010 #
b1111011110000010 0
b1111011110000010 C
b11110101000000 A
b11110101 ?
b1111100000110001 E
b111111111111111111111111111110110000101001000110 >
b11111111111111110000001000001110 D
1)
#4925788
0'
0)
#4944306
0!
b1000000 +
1)
#4962824
1'
0)
#4981342
b11111111111111111111101011101000 =
b11111111111111111111110100010100 :
b11111111111111111111110111111100 .
b11111111111111111111100000111100 <
b1000000 @
b11111111111111010001010000000000 ;
b1111101000101000 B
b111111011000 "
b111111011000 2
b111111011000 8
b111011001001 -
b111111011000 3
b11111111111111111110111100011111 ,
b11111111111111111110111111100100 4
1!
b11111111111111111111100111011110 1
b11111111111111111111011111011010 /
b1111011111011010 #
b1111011111011010 0
b1111011111011010 C
b100000010000000 A
b100000010 ?
b1111100100100110 E
b111111111111111111111111111110101110100000000100 >
b11111111111111101111101100110100 D
1)
#4999860
0'
0)
#5018378
0!
b1000001 +
1)
#5036896
1'
0)
#5055414
b11111111111111111111101011001010 =
b11111111111111111111110110011011 :
b11111111111111111111110111100011 .
b11111111111111111111100010101000 <
b1000011 @
b11111111111111011001101110000000 ;
b1111101100110111 B
b111011001001 "
b111011001001 2
b111011001001 8
b110110101111 -
b111011001001 3
b11111111111111111110111001101010 ,
b11111111111111111110111100011111 4
1!
b11111111111111111111101001011001 1
b11111111111111111111100000111100 /
b1111100000111100 #
b1111100000111100 0
b1111100000111100 C
b100001111000000 A
b100001111 ?
b1111101000101000 E
b111111111111111111111111111110101100101011001100 >
b11111111111111101111010101011100 D
1)
#5073932
0'
0)
#5092450
0!
b1000010 +
1)
#5110968
1'
0)
#5129486
b11111111111111111111101010110010 =
b11111111111111111111111000101000 :
b11111111111111111111110111001101 .
b11111111111111111111100100100000 <
b1000110 @
b11111111111111100010100010000000 ;
b1111110001010001 B
b110110101111 "
b110110101111 2
b110110101111 8
b110010001011 -
b110110101111 3
b11111111111111111110110111000101 ,
b11111111111111111110111001101010 4
1!
b11111111111111111111101011011011 1
b11111111111111111111100010101000 /
b1111100010101000 #
b1111100010101000 0
b1111100010101000 C
b100011010000000 A
b100011010 ?
b1111101100110111 E
b111111111111111111111111111110101011001011011111 >
b11111111111111101111000010010011 D
1)
#5148004
0'
0)
#5166522
0!
b1000011 +
1)
#5185040
1'
0)
#5203558
b11111111111111111111101010100000 =
b11111111111111111111111010111010 :
b11111111111111111111110110111000 .
b11111111111111111111100110100011 <
b1001001 @
b11111111111111101011101010000000 ;
b1111110101110101 B
b110010001011 "
b110010001011 2
b110010001011 8
b101101011110 -
b110010001011 3
b11111111111111111110110100110010 ,
b11111111111111111110110111000101 4
1!
b11111111111111111111101101101000 1
b11111111111111111111100100100000 /
b1111100100100000 #
b1111100100100000 0
b1111100100100000 C
b100100100000000 A
b100100100 ?
b1111110001010001 E
b111111111111111111111111111110101010000001110100 >
b11111111111111101110110011100100 D
1)
#5222076
0'
0)
#5240594
0!
b1000100 +
1)
#5259112
1'
0)
#5277630
b11111111111111111111101010010011 =
b11111111111111111111111101010001 :
b11111111111111111111110110100110 .
b11111111111111111111101000101111 <
b1001011 @
b11111111111111110101000100000000 ;
b1111111010100010 B
b101101011110 "
b101101011110 2
b101101011110 8
b101000101001 -
b101101011110 3
b11111111111111111110110010110001 ,
b11111111111111111110110100110010 4
1!
b11111111111111111111101111111101 1
b11111111111111111111100110100011 /
b1111100110100011 #
b1111100110100011 0
b1111100110100011 C
b100101101000000 A
b100101101 ?
b1111110101110101 E
b111111111111111111111111111110101001001110111101 >
b11111111111111101110101001011001 D
1)
#5296148
0'
0)
#5314666
0!
b1000101 +
1)
#5333184
1'
0)
#5351702
b11111111111111111111101010001100 =
b11111111111111111111111111101011 :
b11111111111111111111110110010110 .
b11111111111111111111101011000100 <
b1001101 @
b11111111111111111110101110000000 ;
b1111111111010111 B
b101000101001 "
b101000101001 2
b101000101001 8
b100011101101 -
b101000101001 3
b11111111111111111110110001000100 ,
b11111111111111111110110010110001 4
1!
b11111111111111111111110010011001 1
b11111111111111111111101000101111 /
b1111101000101111 #
b1111101000101111 0
b1111101000101111 C
b100110101000000 A
b100110101 ?
b1111111010100010 E
b111111111111111111111111111110101000110011100111 >
b11111111111111101110100011111011 D
1)
#5370220
0'
0)
#5388738
0!
b1000110 +
1)
#5407256
1'
0)
#5425774
b10001001 :
b11111111111111111111110110001000 .
b11111111111111111111101101100100 <
b1001111 @
b1000100110000000 ;
b100010011 B
b100011101101 "
b100011101101 2
b100011101101 8
b11110101011 -
b100011101101 3
b11111111111111111110101111101011 ,
b11111111111111111110110001000100 4
1!
b11111111111111111111110100111100 1
b11111111111111111111101011000100 /
b1111101011000100 #
b1111101011000100 0
b1111101011000100 C
b100111100000000 A
b100111100 ?
b1111111111010111 E
b111111111111111111111111111110101000110000011010 >
b11111111111111101110100011010010 D
1)
#5444292
0'
0)
#5462810
0!
b1000111 +
1)
#5481328
1'
0)
#5499846
b11111111111111111111101010010001 =
b100101010 :
b11111111111111111111110101111101 .
b11111111111111111111110000001011 <
b1010000 @
b10010101010000000 ;
b1001010101 B
b11110101011 "
b11110101011 2
b11110101011 8
b11001100101 -
b11110101011 3
b11111111111111111110101110100111 ,
b11111111111111111110101111101011 4
1!
b11111111111111111111110111100111 1
b11111111111111111111101101100100 /
b1111101101100100 #
b1111101101100100 0
b1111101101100100 C
b101000010000000 A
b101000010 ?
b100010011 E
b111111111111111111111111111110101001000101111001 >
b11111111111111101110100111100101 D
1)
#5518364
0'
0)
#5536882
0!
b1001000 +
1)
#5555400
1'
0)
#5573918
b11111111111111111111101010011101 =
b111001101 :
b11111111111111111111110101110100 .
b11111111111111111111110010111011 <
b1010001 @
b11100110110000000 ;
b1110011011 B
b11001100101 "
b11001100101 2
b11001100101 8
b10100011100 -
b11001100101 3
b11111111111111111110101101111001 ,
b11111111111111111110101110100111 4
1!
b11111111111111111111111010010111 1
b11111111111111111111110000001011 /
b1111110000001011 #
b1111110000001011 0
b1111110000001011 C
b101000110000000 A
b101000110 ?
b1001010101 E
b111111111111111111111111111110101001110100100010 >
b11111111111111101110110000111010 D
1)
#5592436
0'
0)
#5610954
0!
b1001001 +
1)
#5629472
1'
0)
#5647990
b11111111111111111111101010101111 =
b1001110010 :
b11111111111111111111110101101111 .
b11111111111111111111110101110011 <
b1010010 @
b100111001000000000 ;
b10011100100 B
b10100011100 "
b10100011100 2
b10100011100 8
b1111010010 -
b10100011100 3
b11111111111111111110101101100010 ,
b11111111111111111110101101111001 4
1!
b11111111111111111111111101001100 1
b11111111111111111111110010111011 /
b1111110010111011 #
b1111110010111011 0
b1111110010111011 C
b101001001000000 A
b101001001 ?
b1110011011 E
b111111111111111111111111111110101010111100101001 >
b11111111111111101110111111010101 D
1)
#5666508
0'
0)
#5685026
0!
b1001010 +
1)
#5703544
1'
0)
#5722062
b11111111111111111111101011000111 =
b11111111111111111111111000110000 <
b1100010111 :
b11111111111111111111110101101100 .
b110001011100000000 ;
b11000101110 B
b1111010010 "
b1111010010 2
b1111010010 8
b1010001000 -
b1111010010 3
b11111111111111111110101101100010 ,
b11111111111111111110101101100010 4
1!
b111 1
b11111111111111111111110101110011 /
b1111110101110011 #
b1111110101110011 0
b1111110101110011 C
b101001010000000 A
b101001010 ?
b10011100100 E
b111111111111111111111111111110101100011110011101 >
b11111111111111101111010010111001 D
1)
#5740580
0'
0)
#5759098
0!
b1001011 +
1)
#5777616
1'
0)
#5796134
b11111111111111111111101011100110 =
b11111111111111111111111011110100 <
b1110111100 :
b11111111111111111110101101111010 ,
b111011110000000000 ;
b11101111000 B
b1010001000 "
b1010001000 2
b1010001000 8
b100111111 -
b1010001000 3
1!
b11000100 1
b11111111111111111111111000110000 /
b1111111000110000 #
b1111111000110000 0
b1111111000110000 C
b101001010000000 A
b101001010 ?
b11000101110 E
b111111111111111111111111111110101110011010000011 >
b11111111111111101111101011100111 D
1)
#5814652
0'
0)
#5833170
0!
b1001100 +
1)
#5851688
1'
0)
#5870206
b11111111111111111111101100001011 =
b11111111111111111111111110111101 <
b10001100000 :
b11111111111111111111110101101111 .
b1000110000010000000 ;
b100011000001 B
b100111111 "
b100111111 2
b100111111 8
b11111111111111111111111111111001 -
b100111111 3
b11111111111111111110101110101010 ,
b11111111111111111110101101111010 4
1!
b110000101 1
b11111111111111111111111011110100 /
b1111111011110100 #
b1111111011110100 0
b1111111011110100 C
b101001001000000 A
b101001001 ?
b11101111000 E
b111111111111111111111111111110110000101111011011 >
b11111111111111110000001001011111 D
1)
#5888724
0'
0)
#5907242
0!
b1001101 +
1)
#5925760
1'
0)
#5944278
b11111111111111111111101100110111 =
b10100000011 :
b11111111111111111111110101110101 .
b10001011 <
b1010001 @
b1010000001110000000 ;
b101000000111 B
b1111111111111001 "
b1111111111111001 2
b1111111111111001 8
b11111111111111111111111010111000 -
b11111111111111111111111111111001 3
b11111111111111111110101111110011 ,
b11111111111111111110101110101010 4
1!
b1001001000 1
b11111111111111111111111110111101 /
b1111111110111101 #
b1111111110111101 0
b1111111110111101 C
b101000110000000 A
b101000110 ?
b100011000001 E
b111111111111111111111111111110110011011110100000 >
b11111111111111110000101100100000 D
1)
#5962796
0'
0)
#5981314
0!
b1001110 +
1)
#5999832
1'
0)
#6018350
b11111111111111111111101101101001 =
b10110100100 :
b11111111111111111111110101111110 .
b101011101 <
b1010000 @
b1011010010000000000 ;
b101101001000 B
b1111111010111000 "
b1111111010111000 2
b1111111010111000 8
b11111111111111111111110101111101 -
b11111111111111111111111010111000 3
b11111111111111111110110001010100 ,
b11111111111111111110101111110011 4
1!
b1100001101 1
b10001011 /
b10001011 #
b10001011 0
b10001011 C
b101000001000000 A
b101000001 ?
b101000000111 E
b111111111111111111111111111110110110100111000011 >
b11111111111111110001010100100111 D
1)
#6036868
0'
0)
#6055386
0!
b1001111 +
1)
#6073904
1'
0)
#6092422
b11111111111111111111101110100010 =
b11001000001 :
b11111111111111111111110110001010 .
b1000110001 <
b1001110 @
b1100100000110000000 ;
b110010000011 B
b1111110101111101 "
b1111110101111101 2
b1111110101111101 8
b11111111111111111111110001001001 -
b11111111111111111111110101111101 3
b11111111111111111110110011001110 ,
b11111111111111111110110001010100 4
1!
b1111010011 1
b101011101 /
b101011101 #
b101011101 0
b101011101 C
b100111011000000 A
b100111011 ?
b101101001000 E
b111111111111111111111111111110111010001000101011 >
b11111111111111110010000001101111 D
1)
#6110940
0'
0)
#6129458
0!
b1010000 +
1)
#6147976
1'
0)
#6166494
b11111111111111111111101111100000 =
b11011011011 :
b11111111111111111111110110011001 .
b1100001000 <
b1001101 @
b1101101101110000000 ;
b110110110111 B
b1111110001001001 "
b1111110001001001 2
b1111110001001001 8
b11111111111111111111101100011111 -
b11111111111111111111110001001001 3
b11111111111111111110110101100001 ,
b11111111111111111110110011001110 4
1!
b10010011000 1
b1000110001 /
b1000110001 #
b1000110001 0
b1000110001 C
b100110100000000 A
b100110100 ?
b110010000011 E
b111111111111111111111111111110111110000010111010 >
b11111111111111110010110011110010 D
1)
#6185012
0'
0)
#6203530
0!
b1010001 +
1)
#6222048
1'
0)
#6240566
b11111111111111111111110000100101 =
b11101110000 :
b11111111111111111111110110101100 .
b1111011111 <
b1001010 @
b1110111000010000000 ;
b111011100001 B
b1111101100011111 "
b1111101100011111 2
b1111101100011111 8
b11111111111111111111100111111111 -
b11111111111111111111101100011111 3
b11111111111111111110111000001100 ,
b11111111111111111110110101100001 4
1!
b10101011100 1
b1100001000 /
b1100001000 #
b1100001000 0
b1100001000 C
b100101010000000 A
b100101010 ?
b110110110111 E
b111111111111111111111111111111000010010101001101 >
b11111111111111110011101010101001 D
1)
#6259084
0'
0)
#6277602
0!
b1010010 +
1)
#6296120
1'
0)
#6314638
b11111111111111111111110001101111 =
b100000000000 :
b11111111111111111111110111000001 .
b10010110111 <
b1001000 @
b10000000000010000000 ;
b1000000000001 B
b1111100111111111 "
b1111100111111111 2
b1111100111111111 8
b11111111111111111111100011101011 -
b11111111111111111111100111111111 3
b11111111111111111110111011001111 ,
b11111111111111111110111000001100 4
1!
b11000011110 1
b1111011111 /
b1111011111 #
b1111011111 0
b1111011111 C
b100100000000000 A
b100100000 ?
b111011100001 E
b111111111111111111111111111111000110111110110010 >
b11111111111111110100100110001010 D
1)
#6333156
0'
0)
#6351674
0!
b1010011 +
1)
#6370192
1'
0)
#6388710
b11111111111111111111110010111111 =
b100010001010 :
b11111111111111111111110111011001 .
b10110001110 <
b1000101 @
b10001000101010000000 ;
b1000100010101 B
b1111100011101011 "
b1111100011101011 2
b1111100011101011 8
b11111111111111111111011111100101 -
b11111111111111111111100011101011 3
b11111111111111111110111110101010 ,
b11111111111111111110111011001111 4
1!
b11011011110 1
b10010110111 /
b10010110111 #
b10010110111 0
b10010110111 C
b100010100000000 A
b100010100 ?
b1000000000001 E
b111111111111111111111111111111001011111110110111 >
b11111111111111110101100110001011 D
1)
#6407228
0'
0)
#6425746
0!
b1010100 +
1)
#6444264
1'
0)
#6462782
b11111111111111111111110100010101 =
b100100001101 :
b11111111111111111111110111110101 .
b11001100011 <
b1000001 @
b10010000110110000000 ;
b1001000011011 B
b1111011111100101 "
b1111011111100101 2
b1111011111100101 8
b11111111111111111111011011101110 -
b11111111111111111111011111100101 3
b11111111111111111111000010011101 ,
b11111111111111111110111110101010 4
1!
b11110011001 1
b10110001110 /
b10110001110 #
b10110001110 0
b10110001110 C
b100000110000000 A
b100000110 ?
b1000100010101 E
b111111111111111111111111111111010001010100100000 >
b11111111111111110110101010100000 D
1)
#6481300
0'
0)
#6499818
0!
b1010101 +
1)
#6518336
1'
0)
#6536854
b11111111111111111111110101101111 =
b100110001001 :
b11111111111111111111111000010011 .
b11100110101 <
b111101 @
b10011000100100000000 ;
b1001100010010 B
b1111011011101110 "
b1111011011101110 2
b1111011011101110 8
b11111111111111111111011000001000 -
b11111111111111111111011011101110 3
b11111111111111111111000110100111 ,
b11111111111111111111000010011101 4
1!
b100001010000 1
b11001100011 /
b11001100011 #
b11001100011 0
b11001100011 C
b11110111000000 A
b11110111 ?
b1001000011011 E
b111111111111111111111111111111010110111110100111 >
b11111111111111110111110010111011 D
1)
#6555372
0'
0)
#6573890
0!
b1010110 +
1)
#6592408
1'
0)
#6610926
b11111111111111111111110111001111 =
b100111111100 :
b11111111111111111111111000110100 .
b100000000100 <
b111001 @
b10011111110000000000 ;
b1001111111000 B
b1111011000001000 "
b1111011000001000 2
b1111011000001000 8
b11111111111111111111010100110100 -
b11111111111111111111011000001000 3
b11111111111111111111001011000111 ,
b11111111111111111111000110100111 4
1!
b100100000001 1
b11100110101 /
b11100110101 #
b11100110101 0
b11100110101 C
b11100110000000 A
b11100110 ?
b1001100010010 E
b111111111111111111111111111111011100111100000001 >
b11111111111111111000111111001101 D
1)
#6629444
0'
0)
#6647962
0!
b1010111 +
1)
#6666480
1'
0)
#6684998
b11111111111111111111111000110010 =
b101001100110 :
b11111111111111111111111001011000 .
b100011001101 <
b110101 @
b10100110011000000000 ;
b1010011001100 B
b1111010100110100 "
b1111010100110100 2
b1111010100110100 8
b11111111111111111111010001110011 -
b11111111111111111111010100110100 3
b11111111111111111111001111111100 ,
b11111111111111111111001011000111 4
1!
b100110101100 1
b100000000100 /
b100000000100 #
b100000000100 0
b100000000100 C
b11010100000000 A
b11010100 ?
b1001111111000 E
b111111111111111111111111111111100011001011011001 >
b11111111111111111010001111000101 D
1)
#6703516
0'
0)
#6722034
0!
b1011000 +
1)
#6740552
1'
0)
#6759070
b11111111111111111111111010011010 =
b101011000110 :
b11111111111111111111111001111111 .
b100110010000 <
b110000 @
b10101100011010000000 ;
b1010110001101 B
b1111010001110011 "
b1111010001110011 2
b1111010001110011 8
b11111111111111111111001111000111 -
b11111111111111111111010001110011 3
b11111111111111111111010101000101 ,
b11111111111111111111001111111100 4
1!
b101001001110 1
b100011001101 /
b100011001101 #
b100011001101 0
b100011001101 C
b11000001000000 A
b11000001 ?
b1010011001100 E
b111111111111111111111111111111101001101011010101 >
b11111111111111111011100010010001 D
1)
#6777588
0'
0)
#6796106
0!
b1011001 +
1)
#6814624
1'
0)
#6833142
b11111111111111111111111100000110 =
b101100011100 :
b11111111111111111111111010101000 .
b101001001101 <
b101011 @
b10110001110010000000 ;
b1011000111001 B
b1111001111000111 "
b1111001111000111 2
b1111001111000111 8
b11111111111111111111001100110001 -
b11111111111111111111001111000111 3
b11111111111111111111011010100010 ,
b11111111111111111111010101000101 4
1!
b101011101000 1
b100110010000 /
b100110010000 #
b100110010000 0
b100110010000 C
b10101100000000 A
b10101100 ?
b1010110001101 E
b111111111111111111111111111111110000011010010110 >
b11111111111111111100111000011110 D
1)
#6851660
0'
0)
#6870178
0!
b1011010 +
1)
#6888696
1'
0)
#6907214
b11111111111111111111111101110101 =
b101101100111 :
b11111111111111111111111011010100 .
b101100000001 <
b100101 @
b10110110011110000000 ;
b1011011001111 B
b1111001100110001 "
b1111001100110001 2
b1111001100110001 8
b11111111111111111111001010110010 -
b11111111111111111111001100110001 3
b11111111111111111111100000010001 ,
b11111111111111111111011010100010 4
1!
b101101111001 1
b101001001101 /
b101001001101 #
b101001001101 0
b101001001101 C
b10010110000000 A
b10010110 ?
b1011000111001 E
b111111111111111111111111111111110111010110110011 >
b11111111111111111110010001010111 D
1)
#6925732
0'
0)
#6944250
0!
b1011011 +
1)
#6962768
1'
0)
#6981286
b11111111111111111111111111100111 =
b101110100111 :
b11111111111111111111111100000010 .
b101110101101 <
b11111 @
b10111010011100000000 ;
b1011101001110 B
b1111001010110010 "
b1111001010110010 2
b1111001010110010 8
b11111111111111111111001001001011 -
b11111111111111111111001010110010 3
b11111111111111111111100110010000 ,
b11111111111111111111100000010001 4
1!
b101111111111 1
b101100000001 /
b101100000001 #
b101100000001 0
b101100000001 C
b1111111000000 A
b1111111 ?
b1011011001111 E
b111111111111111111111111111111111110011110111110 >
b11111111111111111111101100100110 D
1)
#6999804
0'
0)
#7018322
0!
b1011100 +
1)
#7036840
1'
0)
#7055358
b1011100 =
b101111011010 :
b11111111111111111111111100110010 .
b110001001111 <
b11001 @
b10111101101010000000 ;
b1011110110101 B
b1111001001001011 "
b1111001001001011 2
b1111001001001011 8
b11111111111111111111000111111100 -
b11111111111111111111001001001011 3
b11111111111111111111101100011111 ,
b11111111111111111111100110010000 4
1!
b110001111011 1
b101110101101 /
b101110101101 #
b101110101101 0
b101110101101 C
b1100111000000 A
b1100111 ?
b1011101001110 E
b101110001000100 >
b1001001110100 D
1)
#7073876
0'
0)
#7092394
0!
b1011101 +
1)
#7110912
1'
0)
#7129430
b11010010 =
b110000000010 :
b11111111111111111111111101100011 .
b110011100111 <
b10011 @
b11000000001000000000 ;
b1100000000100 B
b1111000111111100 "
b1111000111111100 2
b1111000111111100 8
b11111111111111111111000111000111 -
b11111111111111111111000111111100 3
b11111111111111111111110010111100 ,
b11111111111111111111101100011111 4
1!
b110011101100 1
b110001001111 /
b110001001111 #
b110001001111 0
b110001001111 C
b1001111000000 A
b1001111 ?
b1011110110101 E
b1101001011001101 >
b10101000101001 D
1)
#7147948
0'
0)
#7166466
0!
b1011110 +
1)
#7184984
1'
0)
#7203502
b101001010 =
b110000011100 :
b11111111111111111111111110010111 .
b110101110011 <
b1101 @
b11000001110010000000 ;
b1100000111001 B
b1111000111000111 "
b1111000111000111 2
b1111000111000111 8
b11111111111111111111000110101101 -
b11111111111111111111000111000111 3
b11111111111111111111111001100110 ,
b11111111111111111111110010111100 4
1!
b110101010000 1
b110011100111 /
b110011100111 #
b110011100111 0
b110011100111 C
b110101000000 A
b110101 ?
b1100000000100 E
b10100101011100001 >
b100001000101101 D
1)
#7222020
0'
0)
#7240538
0!
b1011111 +
1)
#7259056
1'
0)
#7277574
b111000011 =
b110000101001 :
b11111111111111111111111111001100 .
b110111110010 <
b110 @
b11000010100110000000 ;
b1100001010011 B
b1111000110101101 "
b1111000110101101 2
b1111000110101101 8
b11111111111111111111000110101110 -
b11111111111111111111000110101101 3
b11010 ,
b11111111111111111111111001100110 4
1!
b110110100111 1
b110101110011 /
b110101110011 #
b110101110011 0
b110101110011 C
b11010000000 A
b11010 ?
b1100000111001 E
b11100001111111110 >
b101101001100110 D
1)
#7296092
0'
0)
#7314610
0!
b1100000 +
1)
#7333128
1'
0)
#7351646
b1000111101 =
b11 .
b111001100101 <
b11111111111111111111111111111111 @
b11000010100100000000 ;
b1100001010010 B
b1111000110101110 "
b1111000110101110 2
b1111000110101110 8
b11111111111111111111000111001011 -
b11111111111111111111000110101110 3
b111010111 ,
b11010 4
1!
b110111101111 1
b110111110010 /
b110111110010 #
b110111110010 0
b110111110010 C
b11111111111111111111111111000000 A
b1111111111111111 ?
b1100001010011 E
b100011110110011101 >
b111001010111001 D
1)
#7370164
0'
0)
#7388682
0!
b1100001 +
1)
#7407200
1'
0)
#7425718
b1010110111 =
b110000011010 :
b111010 .
b111011001001 <
b11111111111111111111111111111000 @
b11000001101010000000 ;
b1100000110101 B
b1111000111001011 "
b1111000111001011 2
b1111000111001011 8
b11111111111111111111001000000100 -
b11111111111111111111000111001011 3
b1110011100 ,
b111010111 4
1!
b111000101011 1
b111001100101 /
b111001100101 #
b111001100101 0
b111001100101 C
b11111111111111111111100011000000 A
b1111111111100011 ?
b1100001010010 E
b101011011100110111 >
b1000101100001011 D
1)
#7444236
0'
0)
#7462754
0!
b1100010 +
1)
#7481272
1'
0)
#7499790
b1100110000 =
b101111111110 :
b1110011 .
b111100011111 <
b11111111111111111111111111110001 @
b10111111111000000000 ;
b1011111111100 B
b1111001000000100 "
b1111001000000100 2
b1111001000000100 8
b11111111111111111111001001011010 -
b11111111111111111111001000000100 3
b10101100110 ,
b1110011100 4
1!
b111001010110 1
b111011001001 /
b111011001001 #
b111011001001 0
b111011001001 C
b11111111111111111111000111000000 A
b1111111111000111 ?
b1100000110101 E
b110011000001000000 >
b1010001101000000 D
1)
#7518308
0'
0)
#7536826
0!
b1100011 +
1)
#7555344
1'
0)
#7573862
b1110101000 =
b101111010011 :
b10101100 .
b111101100101 <
b11111111111111111111111111101010 @
b10111101001100000000 ;
b1011110100110 B
b1111001001011010 "
b1111001001011010 2
b1111001001011010 8
b11111111111111111111001011001101 -
b11111111111111111111001001011010 3
b11100110100 ,
b10101100110 4
1!
b111001110011 1
b111100011111 /
b111100011111 #
b111100011111 0
b111100011111 C
b11111111111111111110101010000000 A
b1111111110101010 ?
b1011111111100 E
b111010100000101100 >
b1011101100111100 D
1)
#7592380
0'
0)
#7610898
0!
b1100100 +
1)
#7629416
1'
0)
#7647934
b10000011110 =
b101110011001 :
b11100110 .
b111110011010 <
b11111111111111111111111111100011 @
b10111001100110000000 ;
b1011100110011 B
b1111001011001101 "
b1111001011001101 2
b1111001011001101 8
b11111111111111111111001101011101 -
b11111111111111111111001011001101 3
b100100000011 ,
b11100110100 4
1!
b111001111111 1
b111101100101 /
b111101100101 #
b111101100101 0
b111101100101 C
b11111111111111111110001101000000 A
b1111111110001101 ?
b1011110100110 E
b1000001111001101010 >
b1101001011100010 D
1)
#7666452
0'
0)
#7684970
0!
b1100101 +
1)
#7703488
1'
0)
#7722006
b10010010010 =
b101101010001 :
b100100000 .
b111110111111 <
b11111111111111111111111111011100 @
b10110101000110000000 ;
b1011010100011 B
b1111001101011101 "
b1111001101011101 2
b1111001101011101 8
b11111111111111111111010000001010 -
b11111111111111111111001101011101 3
b101011010010 ,
b100100000011 4
1!
b111001111010 1
b111110011010 /
b111110011010 #
b111110011010 0
b111110011010 C
b11111111111111111101110000000000 A
b1111111101110000 ?
b1011100110011 E
b1001001001001101001 >
b1110101000010101 D
1)
#7740524
0'
0)
#7759042
0!
b1100110 +
1)
#7777560
1'
0)
#7796078
b10100000011 =
b101011111011 :
b101011010 .
b111111010010 <
b11111111111111111111111111010100 @
b10101111101100000000 ;
b1010111110110 B
b1111010000001010 "
b1111010000001010 2
b1111010000001010 8
b11111111111111111111010011010011 -
b11111111111111111111010000001010 3
b110010011110 ,
b101011010010 4
1!
b111001100101 1
b111110111111 /
b111110111111 #
b111110111111 0
b111110111111 C
b11111111111111111101010011000000 A
b1111111101010011 ?
b1011010100011 E
b1010000001110011000 >
b10000000010111000 D
1)
#7814596
0'
0)
#7833114
0!
b1100111 +
1)
#7851632
1'
0)
#7870150
b10101110001 =
b101010010110 :
b110010011 .
b111111010100 <
b11111111111111111111111111001101 @
b10101001011010000000 ;
b1010100101101 B
b1111010011010011 "
b1111010011010011 2
b1111010011010011 8
b11111111111111111111010110111001 -
b11111111111111111111010011010011 3
b111001100101 ,
b110010011110 4
1!
b111000111111 1
b111111010010 /
b111111010010 #
b111111010010 0
b111111010010 C
b11111111111111111100110111000000 A
b1111111100110111 ?
b1010111110110 E
b1010111000101100110 >
b10001011010101110 D
1)
#7888668
0'
0)
#7907186
0!
b1101000 +
1)
#7925704
1'
0)
#7944222
b10111011011 =
b101000100011 :
b111001100 .
b111111000100 <
b11111111111111111111111111000110 @
b10100010001110000000 ;
b1010001000111 B
b1111010110111001 "
b1111010110111001 2
b1111010110111001 8
b11111111111111111111011010111011 -
b11111111111111111111010110111001 3
b1000000100110 ,
b111001100101 4
1!
b111000001000 1
b111111010100 /
b111111010100 #
b111111010100 0
b111111010100 C
b11111111111111111100011010000000 A
b1111111100011010 ?
b1010100101101 E
b1011101101101000111 >
b10010101111011011 D
1)
#7962740
0'
0)
#7981258
0!
b1101001 +
1)
#7999776
1'
0)
#8018294
b11001000000 =
b100110100010 :
b1000000100 .
b111110100001 <
b11111111111111111111111110111111 @
b10011010001010000000 ;
b1001101000101 B
b1111011010111011 "
b1111011010111011 2
b1111011010111011 8
b11111111111111111111011111011000 -
b11111111111111111111011010111011 3
b1000111011110 ,
b1000000100110 4
1!
b110111000000 1
b111111000100 /
b111111000100 #
b111111000100 0
b111111000100 C
b11111111111111111011111110000000 A
b1111111011111110 ?
b1010001000111 E
b1100100000010101010 >
b10100000000100010 D
1)
#8036812
0'
0)
#8055330
0!
b1101010 +
1)
#8073848
1'
0)
#8092366
b11010100001 =
b100100010100 :
b1000111011 .
b111101101101 <
b11111111111111111111111110111000 @
b10010001010000000000 ;
b1001000101000 B
b1111011111011000 "
b1111011111011000 2
b1111011111011000 8
b11111111111111111111100100010000 -
b11111111111111111111011111011000 3
b1001110001010 ,
b1000111011110 4
1!
b110101100110 1
b111110100001 /
b111110100001 #
b111110100001 0
b111110100001 C
b11111111111111111011100011000000 A
b1111111011100011 ?
b1001101000101 E
b1101010000100000011 >
b10101001101100111 D
1)
#8110884
0'
0)
#8129402
0!
b1101011 +
1)
#8147920
1'
0)
#8166438
b11011111011 =
b100001111000 :
b1001110001 .
b111100100101 <
b11111111111111111111111110110010 @
b10000111100000000000 ;
b1000011110000 B
b1111100100010000 "
b1111100100010000 2
b1111100100010000 8
b11111111111111111111101001100010 -
b11111111111111111111100100010000 3
b1010100101001 ,
b1001110001010 4
1!
b110011111100 1
b111101101101 /
b111101101101 #
b111101101101 0
b111101101101 C
b11111111111111111011001000000000 A
b1111111011001000 ?
b1001000101000 E
b1101111101111001011 >
b10110010110001111 D
1)
#8184956
0'
0)
#8203474
0!
b1101100 +
1)
#8221992
1'
0)
#8240510
b11101010000 =
b11111001111 :
b1010100101 .
b111011001010 <
b11111111111111111111111110101011 @
b1111100111100000000 ;
b111110011110 B
b1111101001100010 "
b1111101001100010 2
b1111101001100010 8
b11111111111111111111101111001101 -
b11111111111111111111101001100010 3
b1011010111001 ,
b1010100101001 4
1!
b110010000000 1
b111100100101 /
b111100100101 #
b111100100101 0
b111100100101 C
b11111111111111111010101110000000 A
b1111111010101110 ?
b1000011110000 E
b1110101000001111011 >
b10111011001111111 D
1)
#8259028
0'
0)
#8277546
0!
b1101101 +
1)
#8296064
1'
0)
#8314582
b11110011110 =
b11100011001 :
b1011010111 .
b111001011100 <
b11111111111111111111111110100101 @
b1110001100110000000 ;
b111000110011 B
b1111101111001101 "
b1111101111001101 2
b1111101111001101 8
b11111111111111111111110101010000 -
b11111111111111111111101111001101 3
b1100000110111 ,
b1011010111001 4
1!
b101111110011 1
b111011001010 /
b111011001010 #
b111011001010 0
b111011001010 C
b11111111111111111010010101000000 A
b1111111010010101 ?
b111110011110 E
b1111001111010010001 >
b11000011000011101 D
1)
#8333100
0'
0)
#8351618
0!
b1101110 +
1)
#8370136
1'
0)
#8388654
b11111100101 =
b11001011000 :
b1100000110 .
b110111011100 <
b11111111111111111111111110011111 @
b1100101100000000000 ;
b110010110000 B
b1111110101010000 "
b1111110101010000 2
b1111110101010000 8
b11111111111111111111111011101010 -
b11111111111111111111110101010000 3
b1100110100001 ,
b1100000110111 4
1!
b101101010110 1
b111001011100 /
b111001011100 #
b111001011100 0
b111001011100 C
b11111111111111111001111101000000 A
b1111111001111101 ?
b111000110011 E
b1111110010110010000 >
b11001010001010000 D
1)
#8407172
0'
0)
#8425690
0!
b1101111 +
1)
#8444208
1'
0)
#8462726
b100000100101 =
b10110001011 :
b1100110100 .
b110101001001 <
b11111111111111111111111110011001 @
b1011000101100000000 ;
b101100010110 B
b1111111011101010 "
b1111111011101010 2
b1111111011101010 8
b10011001 -
b11111111111111111111111011101010 3
b1101011110110 ,
b1100110100001 4
1!
b101010101000 1
b110111011100 /
b110111011100 #
b110111011100 0
b110111011100 C
b11111111111111111001100110000000 A
b1111111001100110 ?
b110010110000 E
b10000010010100000000 >
b11010000100000000 D
1)
#8481244
0'
0)
#8499762
0!
b1110000 +
1)
#8518280
1'
0)
#8536798
b100001011100 =
b10010110011 :
b1101011110 .
b110010100011 <
b11111111111111111111111110010100 @
b1001011001110000000 ;
b100101100111 B
b10011001 "
b10011001 2
b10011001 8
b1001011100 -
b10011001 3
b1110000110011 ,
b1101011110110 4
1!
b100111101011 1
b110101001001 /
b110101001001 #
b110101001001 0
b110101001001 C
b11111111111111111001010001000000 A
b1111111001010001 ?
b101100010110 E
b10000101110001101110 >
b11010110000010110 D
1)
#8555316
0'
0)
#8573834
0!
b1110001 +
1)
#8592352
1'
0)
#8610870
b100010001011 =
b1111010010 :
b1110000110 .
b101111101100 <
b11111111111111111111111110001111 @
b111101001000000000 ;
b11110100100 B
b1001011100 "
b1001011100 2
b1001011100 8
b10000110001 -
b1001011100 3
b1110101010110 ,
b1110000110011 4
1!
b100100011101 1
b110010100011 /
b110010100011 #
b110010100011 0
b110010100011 C
b11111111111111111000111101000000 A
b1111111000111101 ?
b100101100111 E
b10001000101101110001 >
b11011010101111101 D
1)
#8629388
0'
0)
#8647906
0!
b1110010 +
1)
#8666424
1'
0)
#8684942
b100010110001 =
b1011100111 :
b1110101010 .
b101100100010 <
b11111111111111111111111110001010 @
b101110011110000000 ;
b10111001111 B
b10000110001 "
b10000110001 2
b10000110001 8
b11000010110 -
b10000110001 3
b1111001011110 ,
b1110101010110 4
1!
b100001000010 1
b101111101100 /
b101111101100 #
b101111101100 0
b101111101100 C
b11111111111111111000101011000000 A
b1111111000101011 ?
b11110100100 E
b10001011000110100101 >
b11011110100100001 D
1)
#8703460
0'
0)
#8721978
0!
b1110011 +
1)
#8740496
1'
0)
#8759014
b100011001110 =
b111110101 :
b1111001011 .
b101001001001 <
b11111111111111111111111110000110 @
b11111010100000000 ;
b1111101010 B
b11000010110 "
b11000010110 2
b11000010110 8
b100000001010 -
b11000010110 3
b1111101001000 ,
b1111001011110 4
1!
b11101010111 1
b101100100010 /
b101100100010 #
b101100100010 0
b101100100010 C
b11111111111111111000011011000000 A
b1111111000011011 ?
b10111001111 E
b10001100111010110000 >
b11100001011110000 D
1)
#8777532
0'
0)
#8796050
0!
b1110100 +
1)
#8814568
1'
0)
#8833086
b100011100010 =
b11111011 :
b1111101001 .
b100101100000 <
b11111111111111111111111110000011 @
b1111101100000000 ;
b111110110 B
b100000001010 "
b100000001010 2
b100000001010 8
b101000001011 -
b100000001010 3
b10000000010100 ,
b1111101001000 4
1!
b11001100000 1
b101001001001 /
b101001001001 #
b101001001001 0
b101001001001 C
b11111111111111111000001100000000 A
b1111111000001100 ?
b1111101010 E
b10001110001001000010 >
b11100011011011010 D
1)
#8851604
0'
0)
#8870122
0!
b1110101 +
1)
#8888640
1'
0)
#8907158
b100011101100 =
b11111111111111111111111111111010 :
b10000000010 .
b100001100101 <
b11111111111111111111111101111111 @
b11111111111111111111101010000000 ;
b1111111111110101 B
b101000001011 "
b101000001011 2
b101000001011 8
b110000010110 -
b101000001011 3
b10000010111111 ,
b10000000010100 4
1!
b10101011110 1
b100101100000 /
b100101100000 #
b100101100000 0
b100101100000 C
b11111111111111110111111111000000 A
b1111110111111111 ?
b111110110 E
b10001110110000010000 >
b11100100011010000 D
1)
#8925676
0'
0)
#8944194
0!
b1110110 +
1)
#8962712
1'
0)
#8981230
b100011101011 =
b11111111111111111111111011110101 :
b10000010111 .
b11101011101 <
b11111111111111111111111101111101 @
b11111111111111101111010100000000 ;
b1111110111101010 B
b110000010110 "
b110000010110 2
b110000010110 8
b111000101010 -
b110000010110 3
b10000101001000 ,
b10000010111111 4
1!
b10001001110 1
b100001100101 /
b100001100101 #
b100001100101 0
b100001100101 C
b11111111111111110111110101000000 A
b1111110111110101 ?
b1111111111110101 E
b10001110101111011001 >
b11100100011000101 D
1)
#8999748
0'
0)
#9018266
0!
b1110111 +
1)
#9036784
1'
0)
#9055302
b100011100001 =
b11111111111111111111110111101011 :
b10000101001 .
b11001000111 <
b11111111111111111111111101111011 @
b11111111111111011110101100000000 ;
b1111101111010110 B
b111000101010 "
b111000101010 2
b111000101010 8
b1000001000100 -
b111000101010 3
b10000110101110 ,
b10000101001000 4
1!
b1100110100 1
b11101011101 /
b11101011101 #
b11101011101 0
b11101011101 C
b11111111111111110111101100000000 A
b1111110111101100 ?
b1111110111101010 E
b10001110000101101011 >
b11100011010101111 D
1)
#9073820
0'
0)
#9092338
0!
b11111111111111111111101110111011 @
b11111111111111111111101100000111 <
b11111111111111111111011001101011 :
b11111111111110111011101100000000 A
b1110111011101100 ?
b11111111111101100110101100000000 ;
b1110110011010110 B
b1111101100000000 (
b1111101100000000 9
b1111000 +
1)
#9110856
1'
0)
#9129374
b100010000001 =
b11111111111111111111010101011110 :
b10000110101 .
b11111111111111111111110101011000 <
b11111111111111111111111101111001 @
b11111111111101010101111000000000 ;
b1110101010111100 B
b1000001000100 "
b1000001000100 2
b1000001000100 8
b1001001001100 -
b1000001000100 3
b10000010001000 ,
b10000110101110 4
1!
b11111111111111111111011011010010 1
b11111111111111111111101100000111 /
b1111101100000111 #
b1111101100000111 0
b1111101100000111 C
b11111111111111110111100110000000 A
b1111110111100110 ?
b1110110011010110 E
b10001000000110011001 >
b11011001110000101 D
1)
#9147892
0'
0)
#9166410
0!
b1111001 +
1)
#9184928
1'
0)
#9203446
b100000010111 =
b11111111111111111111010001011010 :
b10000010001 .
b11111111111111111111101111101111 <
b11111111111111111111111101111110 @
b11111111111101000101101000000000 ;
b1110100010110100 B
b1001001001100 "
b1001001001100 2
b1001001001100 8
b1010001000111 -
b1001001001100 3
b1111110110000 ,
b10000010001000 4
1!
b11111111111111111111100101000111 1
b11111111111111111111110101011000 /
b1111110101011000 #
b1111110101011000 0
b1111110101011000 C
b11111111111111110111111000000000 A
b1111110111111000 ?
b1110101010111100 E
b10000001011101000101 >
b11001111001000001 D
1)
#9221964
0'
0)
#9240482
0!
b1111010 +
1)
#9259000
1'
0)
#9277518
b11110100010 =
b11111111111111111111001101011100 :
b1111110110 .
b11111111111111111111101001111111 <
b11111111111111111111111110000001 @
b11111111111100110101110010000000 ;
b1110011010111001 B
b1010001000111 "
b1010001000111 2
b1010001000111 8
b1011000110001 -
b1010001000111 3
b1111010101111 ,
b1111110110000 4
1!
b11111111111111111111011111111001 1
b11111111111111111111101111101111 /
b1111101111101111 #
b1111101111101111 0
b1111101111101111 C
b11111111111111111000000101000000 A
b1111111000000101 ?
b1110100010110100 E
b1111010001011001001 >
b11000011011110101 D
1)
#9296036
0'
0)
#9314554
0!
b1111011 +
1)
#9333072
1'
0)
#9351590
b11100100100 =
b11111111111111111111001001100111 :
b1111010101 .
b11111111111111111111100100010000 <
b11111111111111111111111110000101 @
b11111111111100100110011110000000 ;
b1110010011001111 B
b1011000110001 "
b1011000110001 2
b1011000110001 8
b1100000001001 -
b1011000110001 3
b1110110000100 ,
b1111010101111 4
1!
b11111111111111111111011010101010 1
b11111111111111111111101001111111 /
b1111101001111111 #
b1111101001111111 0
b1111101001111111 C
b11111111111111111000010110000000 A
b1111111000010110 ?
b1110011010111001 E
b1110010010001100110 >
b10110110110101110 D
1)
#9370108
0'
0)
#9388626
0!
b1111100 +
1)
#9407144
1'
0)
#9425662
b11010011100 =
b11111111111111111111000101111011 :
b1110110000 .
b11111111111111111111011110100001 <
b11111111111111111111111110001010 @
b11111111111100010111101110000000 ;
b1110001011110111 B
b1100000001001 "
b1100000001001 2
b1100000001001 8
b1100111001100 -
b1100000001001 3
b1110000110000 ,
b1110110000100 4
1!
b11111111111111111111010101100000 1
b11111111111111111111100100010000 /
b1111100100010000 #
b1111100100010000 0
b1111100100010000 C
b11111111111111111000101000000000 A
b1111111000101000 ?
b1110010011001111 E
b1101001110001110001 >
b10101001001111101 D
1)
#9444180
0'
0)
#9462698
0!
b1111101 +
1)
#9481216
1'
0)
#9499734
b11000001011 =
b11111111111111111111000010011010 :
b1110000110 .
b11111111111111111111011000110100 <
b11111111111111111111111110001111 @
b11111111111100001001101000000000 ;
b1110000100110100 B
b1100111001100 "
b1100111001100 2
b1100111001100 8
b1101101110111 -
b1100111001100 3
b1101010110011 ,
b1110000110000 4
1!
b11111111111111111111010000011011 1
b11111111111111111111011110100001 /
b1111011110100001 #
b1111011110100001 0
b1111011110100001 C
b11111111111111111000111101000000 A
b1111111000111101 ?
b1110001011110111 E
b1100000101101000100 >
b10011010101110100 D
1)
#9518252
0'
0)
#9536770
0!
b1111110 +
1)
#9555288
1'
0)
#9573806
b10101110001 =
b11111111111111111110111111000100 :
b1101010110 .
b11111111111111111111010011001010 <
b11111111111111111111111110010101 @
b11111111111011111100010010000000 ;
b1101111110001001 B
b1101101110111 "
b1101101110111 2
b1101101110111 8
b1110100000111 -
b1101101110111 3
b1100100001110 ,
b1101010110011 4
1!
b11111111111111111111001011011110 1
b11111111111111111111011000110100 /
b1111011000110100 #
b1111011000110100 0
b1111011000110100 C
b11111111111111111001010101000000 A
b1111111001010101 ?
b1110000100110100 E
b1010111000101001000 >
b10001011010101000 D
1)
#9592324
0'
0)
#9610842
0!
b1111111 +
1)
#9629360
1'
0)
#9647878
b10011001110 =
b11111111111111111110111011111100 :
b1100100001 .
b11111111111111111111001101100110 <
b11111111111111111111111110011100 @
b11111111111011101111110010000000 ;
b1101110111111001 B
b1110100000111 "
b1110100000111 2
b1110100000111 8
b1111001111011 -
b1110100000111 3
b1011101000011 ,
b1100100001110 4
1!
b11111111111111111111000110101001 1
b11111111111111111111010011001010 /
b1111010011001010 #
b1111010011001010 0
b1111010011001010 C
b11111111111111111001110000000000 A
b1111111001110000 ?
b1101111110001001 E
b1001100111011110101 >
b1111011000110001 D
1)
#9666396
0'
0)
#9684914
0!
b10000000 +
1)
#9703432
1'
0)
#9721950
b10000100100 =
b11111111111111111110111001000010 :
b1011101000 .
b11111111111111111111001000001001 <
b11111111111111111111111110100011 @
b11111111111011100100001010000000 ;
b1101110010000101 B
b1111001111011 "
b1111001111011 2
b1111001111011 8
b1111111010000 -
b1111001111011 3
b1010101010010 ,
b1011101000011 4
1!
b11111111111111111111000001111110 1
b11111111111111111111001101100110 /
b1111001101100110 #
b1111001101100110 0
b1111001101100110 C
b11111111111111111010001100000000 A
b1111111010001100 ?
b1101110111111001 E
b1000010010011010010 >
b1101010000101010 D
1)
#9740468
0'
0)
#9758986
0!
b10000001 +
1)
#9777504
1'
0)
#9796022
b1101110011 =
b11111111111111111110110110011000 :
b1010101010 .
b11111111111111111111000010110101 <
b11111111111111111111111110101010 @
b11111111111011011001100000000000 ;
b1101101100110000 B
b1111111010000 "
b1111111010000 2
b1111111010000 8
b10000100000011 -
b1111111010000 3
b1001100111101 ,
b1010101010010 4
1!
b11111111111111111110111101011111 1
b11111111111111111111001000001001 /
b1111001000001001 #
b1111001000001001 0
b1111001000001001 C
b11111111111111111010101011000000 A
b1111111010101011 ?
b1101110010000101 E
b110111001101101011 >
b1011000010101111 D
1)
#9814540
0'
0)
#9833058
0!
b10000010 +
1)
#9851576
1'
0)
#9870094
b1010111011 =
b11111111111111111110110011111110 :
b1001100111 .
b11111111111111111110111101101100 <
b11111111111111111111111110110011 @
b11111111111011001111111010000000 ;
b1101100111111101 B
b10000100000011 "
b10000100000011 2
b10000100000011 8
b10001000010011 -
b10000100000011 3
b1000100000110 ,
b1001100111101 4
1!
b11111111111111111110111001001110 1
b11111111111111111111000010110101 /
b1111000010110101 #
b1111000010110101 0
b1111000010110101 C
b11111111111111111011001101000000 A
b1111111011001101 ?
b1101101100110000 E
b101011101101011011 >
b1000101111011111 D
1)
#9888612
0'
0)
#9907130
0!
b10000011 +
1)
#9925648
1'
0)
#9944166
b111111101 =
b11111111111111111110110001110110 :
b1000100000 .
b11111111111111111110111000101111 <
b11111111111111111111111110111100 @
b11111111111011000111011010000000 ;
b1101100011101101 B
b10001000010011 "
b10001000010011 2
b10001000010011 8
b10001011111101 -
b10001000010011 3
b111010101111 ,
b1000100000110 4
1!
b11111111111111111110110101001100 1
b11111111111111111110111101101100 /
b1110111101101100 #
b1110111101101100 0
b1110111101101100 C
b11111111111111111011110000000000 A
b1111111011110000 ?
b1101100111111101 E
b11111110101001100 >
b110010111011100 D
1)
#9962684
0'
0)
#9981202
0!
b10000100 +
1)
#9999720
1'
0)
#10018238
b100111001 =
b11111111111111111110110000000001 :
b111010101 .
b11111111111111111110110011111111 <
b11111111111111111111111111000101 @
b11111111111011000000000110000000 ;
b1101100000000011 B
b10001011111101 "
b10001011111101 2
b10001011111101 8
b10001111000000 -
b10001011111101 3
b110000111010 ,
b111010101111 4
1!
b11111111111111111110110001011010 1
b11111111111111111110111000101111 /
b1110111000101111 #
b1110111000101111 0
b1110111000101111 C
b11111111111111111100010110000000 A
b1111111100010110 ?
b1101100011101101 E
b10011100111101101 >
b11111011001001 D
1)
#10036756
0'
0)
#10055274
0!
b10000101 +
1)
#10073792
1'
0)
#10092310
b1110001 =
b11111111111111111110101110100000 :
b110000111 .
b11111111111111111110101111100000 <
b11111111111111111111111111001111 @
b11111111111010111010000000000000 ;
b1101011101000000 B
b10001111000000 "
b10001111000000 2
b10001111000000 8
b10010001011010 -
b10001111000000 3
b100110101001 ,
b110000111010 4
1!
b11111111111111111110101101111000 1
b11111111111111111110110011111111 /
b1110110011111111 #
b1110110011111111 0
b1110110011111111 C
b11111111111111111100111101000000 A
b1111111100111101 ?
b1101100000000011 E
b111000111111100 >
b1011011001100 D
1)
#10110828
0'
0)
#10129346
0!
b10000110 +
1)
#10147864
1'
0)
#10166382
b11111111111111111111111110100110 =
b11111111111111111110101101010011 :
b100110101 .
b11111111111111111110101011010010 <
b11111111111111111111111111011001 @
b11111111111010110101001100000000 ;
b1101011010100110 B
b10010001011010 "
b10010001011010 2
b10010001011010 8
b10010011001001 -
b10010001011010 3
b11011111110 ,
b100110101001 4
1!
b11111111111111111110101010101011 1
b11111111111111111110101111100000 /
b1110101111100000 #
b1110101111100000 0
b1110101111100000 C
b11111111111111111101100110000000 A
b1111111101100110 ?
b1101011101000000 E
b111111111111111111111111111111111010011000111100 >
b11111111111111111110111000001100 D
1)
#10184900
0'
0)
#10203418
0!
b10000111 +
1)
#10221936
1'
0)
#10240454
b11111111111111111111111011010111 =
b11111111111111111110101100011011 :
b11011111 .
b11111111111111111110100111010110 <
b11111111111111111111111111100100 @
b11111111111010110001101110000000 ;
b1101011000110111 B
b10010011001001 "
b10010011001001 2
b10010011001001 8
b10010100001100 -
b10010011001001 3
b10000111100 ,
b11011111110 4
1!
b11111111111111111110100111110011 1
b11111111111111111110101011010010 /
b1110101011010010 #
b1110101011010010 0
b1110101011010010 C
b11111111111111111110010001000000 A
b1111111110010001 ?
b1101011010100110 E
b111111111111111111111111111111101101011101111010 >
b11111111111111111100010010110010 D
1)
#10258972
0'
0)
#10277490
0!
b10001000 +
1)
#10296008
1'
0)
#10314526
b11111111111111111111111000000110 =
b11111111111111111110101011111010 :
b10000111 .
b11111111111111111110100011101111 <
b11111111111111111111111111101111 @
b11111111111010101111101000000000 ;
b1101010111110100 B
b10010100001100 "
b10010100001100 2
b10010100001100 8
b10010100100010 -
b10010100001100 3
b101100101 ,
b10000111100 4
1!
b11111111111111111110100101001111 1
b11111111111111111110100111010110 /
b1110100111010110 #
b1110100111010110 0
b1110100111010110 C
b11111111111111111110111101000000 A
b1111111110111101 ?
b1101011000110111 E
b111111111111111111111111111111100000011010001101 >
b11111111111111111001101011101001 D
1)
#10333044
0'
0)
#10351562
0!
b10001001 +
1)
#10370080
1'
0)
#10388598
b11111111111111111111110100110100 =
b11111111111111111110101011101111 :
b101100 .
b11111111111111111110100000011101 <
b11111111111111111111111111111010 @
b11111111111010101110111100000000 ;
b1101010111011110 B
b10010100100010 "
b10010100100010 2
b10010100100010 8
b10010100001001 -
b10010100100010 3
b11111111111111111111111001111101 ,
b101100101 4
1!
b11111111111111111110100011000011 1
b11111111111111111110100011101111 /
b1110100011101111 #
b1110100011101111 0
b1110100011101111 C
b11111111111111111111101010000000 A
b1111111111101010 ?
b1101010111110100 E
b111111111111111111111111111111010011010001010001 >
b11111111111111110111000011011101 D
1)
#10407116
0'
0)
#10425634
0!
b10001010 +
1)
#10444152
1'
0)
#10462670
b11111111111111111111110001100001 =
b11111111111111111110101011111011 :
b11111111111111111111111111001111 .
b11111111111111111110011101100010 <
b110 @
b11111111111010101111101110000000 ;
b1101010111110111 B
b10010100001001 "
b10010100001001 2
b10010100001001 8
b10010011000001 -
b10010100001001 3
b11111111111111111111101110000110 ,
b11111111111111111111111001111101 4
1!
b11111111111111111110100001001110 1
b11111111111111111110100000011101 /
b1110100000011101 #
b1110100000011101 0
b1110100000011101 C
b11001000000 A
b11001 ?
b1101010111011110 E
b111111111111111111111111111111000110000110100111 >
b11111111111111110100011010111011 D
1)
#10481188
0'
0)
#10499706
0!
b10001011 +
1)
#10518224
1'
0)
#10536742
b11111111111111111111101110001111 =
b11111111111111111110101100011111 :
b11111111111111111111111101110000 .
b11111111111111111110011011000000 <
b10010 @
b11111111111010110001111110000000 ;
b1101011000111111 B
b10010011000001 "
b10010011000001 2
b10010011000001 8
b10010001001001 -
b10010011000001 3
b11111111111111111111100010000100 ,
b11111111111111111111101110000110 4
1!
b11111111111111111110011111110010 1
b11111111111111111110011101100010 /
b1110011101100010 #
b1110011101100010 0
b1110011101100010 C
b1001000000000 A
b1001000 ?
b1101010111110111 E
b111111111111111111111111111110111000111101111010 >
b11111111111111110001110010110010 D
1)
#10555260
0'
0)
#10573778
0!
b10001100 +
1)
#10592296
1'
0)
#10610814
b11111111111111111111101010111110 =
b11111111111111111110101101011011 :
b11111111111111111111111100010000 .
b11111111111111111110011000110111 <
b11110 @
b11111111111010110101101110000000 ;
b1101011010110111 B
b10010001001001 "
b10010001001001 2
b10010001001001 8
b10001110100000 -
b10010001001001 3
b11111111111111111111010101111010 ,
b11111111111111111111100010000100 4
1!
b11111111111111111110011110110000 1
b11111111111111111110011011000000 /
b1110011011000000 #
b1110011011000000 0
b1110011011000000 C
b1111000000000 A
b1111000 ?
b1101011000111111 E
b111111111111111111111111111110101011111010110101 >
b11111111111111101111001011110001 D
1)
#10629332
0'
0)
#10647850
0!
b10001101 +
1)
#10666368
1'
0)
#10684886
b11111111111111111111100111110000 =
b11111111111111111110101110110000 :
b11111111111111111111111010101111 .
b11111111111111111110010111001010 <
b101010 @
b11111111111010111011000000000000 ;
b1101011101100000 B
b10001110100000 "
b10001110100000 2
b10001110100000 8
b10001011000110 -
b10001110100000 3
b11111111111111111111001001101011 ,
b11111111111111111111010101111010 4
1!
b11111111111111111110011110001000 1
b11111111111111111110011000110111 /
b1110011000110111 #
b1110011000110111 0
b1110011000110111 C
b10101001000000 A
b10101001 ?
b1101011010110111 E
b111111111111111111111111111110011111000001001000 >
b11111111111111101100100110101000 D
1)
#10703404
0'
0)
#10721922
0!
b10001110 +
1)
#10740440
1'
0)
#10758958
b11111111111111111111100100100101 =
b11111111111111111110110000011101 :
b11111111111111111111111001001101 .
b11111111111111111110010101111000 <
b110110 @
b11111111111011000001110100000000 ;
b1101100000111010 B
b10001011000110 "
b10001011000110 2
b10001011000110 8
b10000110111011 -
b10001011000110 3
b11111111111111111110111101011010 ,
b11111111111111111111001001101011 4
1!
b11111111111111111110011101111101 1
b11111111111111111110010111001010 /
b1110010111001010 #
b1110010111001010 0
b1110010111001010 C
b11011010000000 A
b11011010 ?
b1101011101100000 E
b111111111111111111111111111110010010010100101000 >
b11111111111111101010000100001000 D
1)
#10777476
0'
0)
#10795994
0!
b10001111 +
1)
#10814512
1'
0)
#10833030
b11111111111111111111100001011110 =
b11111111111111111110110010100010 :
b11111111111111111111110111101011 .
b11111111111111111110010101000010 <
b1000010 @
b11111111111011001010001010000000 ;
b1101100101000101 B
b10000110111011 "
b10000110111011 2
b10000110111011 8
b10000001111111 -
b10000110111011 3
b11111111111111111110110001001011 ,
b11111111111111111110111101011010 4
1!
b11111111111111111110011110001101 1
b11111111111111111110010101111000 /
b1110010101111000 #
b1110010101111000 0
b1110010101111000 C
b100001011000000 A
b100001011 ?
b1101100000111010 E
b111111111111111111111111111110000101111001001010 >
b11111111111111100111100101000010 D
1)
#10851548
0'
0)
#10870066
0!
b10010000 +
1)
#10888584
1'
0)
#10907102
b11111111111111111111011110011100 =
b11111111111111111110110101000000 :
b11111111111111111111110110001001 .
b11111111111111111110010100101011 <
b1001111 @
b11111111111011010100000010000000 ;
b1101101010000001 B
b10000001111111 "
b10000001111111 2
b10000001111111 8
b1111100010011 -
b10000001111111 3
b11111111111111111110100101000010 ,
b11111111111111111110110001001011 4
1!
b11111111111111111110011110111001 1
b11111111111111111110010101000010 /
b1110010101000010 #
b1110010101000010 0
b1110010101000010 C
b100111100000000 A
b100111100 ?
b1101100101000101 E
b111111111111111111111111111101111001110010100011 >
b11111111111111100101001010000111 D
1)
#10925620
0'
0)
#10944138
0!
b10010001 +
1)
#10962656
1'
0)
#10981174
b11111111111111111111011011100001 =
b11111111111111111110110111110110 :
b11111111111111111111110100101000 .
b11111111111111111110010100110010 <
b1011011 @
b11111111111011011111011010000000 ;
b1101101111101101 B
b1111100010011 "
b1111100010011 2
b1111100010011 8
b1110101110111 -
b1111100010011 3
b11111111111111111110011001000010 ,
b11111111111111111110100101000010 4
1!
b11111111111111111110100000000011 1
b11111111111111111110010100101011 /
b1110010100101011 #
b1110010100101011 0
b1110010100101011 C
b101101100000000 A
b101101100 ?
b1101101010000001 E
b111111111111111111111111111101101110000100101000 >
b11111111111111100010110100001000 D
1)
#10999692
0'
0)
#11018210
0!
b10010010 +
1)
#11036728
1'
0)
#11055246
b11111111111111111111011000101100 =
b11111111111111111110111011000100 :
b11111111111111111111110011001000 .
b11111111111111111110010101010111 <
b1100111 @
b11111111111011101100010010000000 ;
b1101110110001001 B
b1110101110111 "
b1110101110111 2
b1110101110111 8
b1101110101011 -
b1110101110111 3
b11111111111111111110001101001111 ,
b11111111111111111110011001000010 4
1!
b11111111111111111110100001101010 1
b11111111111111111110010100110010 /
b1110010100110010 #
b1110010100110010 0
b1110010100110010 C
b110011100000000 A
b110011100 ?
b1101101111101101 E
b111111111111111111111111111101100010110011001001 >
b11111111111111100000100011110101 D
1)
#11073764
0'
0)
#11092282
0!
b10010011 +
1)
#11110800
1'
0)
#11129318
b11111111111111111111010110000000 =
b11111111111111111110111110101010 :
b11111111111111111111110001101001 .
b11111111111111111110010110011101 <
b1110011 @
b11111111111011111010101010000000 ;
b1101111101010101 B
b1101110101011 "
b1101110101011 2
b1101110101011 8
b1100110110001 -
b1101110101011 3
b11111111111111111110000001101100 ,
b11111111111111111110001101001111 4
1!
b11111111111111111110100011101110 1
b11111111111111111110010101010111 /
b1110010101010111 #
b1110010101010111 0
b1110010101010111 C
b111001100000000 A
b111001100 ?
b1101110110001001 E
b111111111111111111111111111101011000000001110110 >
b11111111111111011110011001111110 D
1)
#11147836
0'
0)
#11166354
0!
b10010100 +
1)
#11184872
1'
0)
#11203390
b11111111111111111111010011011101 =
b11111111111111111111000010100111 :
b11111111111111111111110000001101 .
b11111111111111111110011000000010 <
b1111110 @
b11111111111100001010011110000000 ;
b1110000101001111 B
b1100110110001 "
b1100110110001 2
b1100110110001 8
b1011110001010 -
b1100110110001 3
b11111111111111111101110110011110 ,
b11111111111111111110000001101100 4
1!
b11111111111111111110100110010000 1
b11111111111111111110010110011101 /
b1110010110011101 #
b1110010110011101 0
b1110010110011101 C
b111111010000000 A
b111111010 ?
b1101111101010101 E
b111111111111111111111111111101001101110100011111 >
b11111111111111011100010111010011 D
1)
#11221908
0'
0)
#11240426
0!
b10010101 +
1)
#11258944
1'
0)
#11277462
b11111111111111111111010001000011 =
b11111111111111111111000110111011 :
b11111111111111111111101110110011 .
b11111111111111111110011010000111 <
b10001001 @
b11111111111100011011101100000000 ;
b1110001101110110 B
b1011110001010 "
b1011110001010 2
b1011110001010 8
b1010100111000 -
b1011110001010 3
b11111111111111111101101011100111 ,
b11111111111111111101110110011110 4
1!
b11111111111111111110101001001111 1
b11111111111111111110011000000010 /
b1110011000000010 #
b1110011000000010 0
b1110011000000010 C
b1000100111000000 A
b1000100111 ?
b1110000101001111 E
b111111111111111111111111111101000100001110101010 >
b11111111111111011010011100100010 D
1)
#11295980
0'
0)
#11314498
0!
b10010110 +
1)
#11333016
1'
0)
#11351534
b11111111111111111111001110110100 =
b11111111111111111111001011100100 :
b11111111111111111111101101011100 .
b11111111111111111110011100101100 <
b10010100 @
b11111111111100101110010000000000 ;
b1110010111001000 B
b1010100111000 "
b1010100111000 2
b1010100111000 8
b1001010111100 -
b1010100111000 3
b11111111111111111101100001001100 ,
b11111111111111111101101011100111 4
1!
b11111111111111111110101100101011 1
b11111111111111111110011010000111 /
b1110011010000111 #
b1110011010000111 0
b1110011010000111 C
b1001010010000000 A
b1001010010 ?
b1110001101110110 E
b111111111111111111111111111100111011010011111000 >
b11111111111111011000101010011000 D
1)
#11370052
0'
0)
#11388570
0!
b10010111 +
1)
#11407088
1'
0)
#11425606
b11111111111111111111001100110001 =
b11111111111111111111010000100010 :
b11111111111111111111101100001001 .
b11111111111111111110011111110010 <
b10011111 @
b11111111111101000010001000000000 ;
b1110100001000100 B
b1001010111100 "
b1001010111100 2
b1001010111100 8
b1000000011001 -
b1001010111100 3
b11111111111111111101010111010000 ,
b11111111111111111101100001001100 4
1!
b11111111111111111110110000100011 1
b11111111111111111110011100101100 /
b1110011100101100 #
b1110011100101100 0
b1110011100101100 C
b1001111100000000 A
b1001111100 ?
b1110010111001000 E
b111111111111111111111111111100110011000111100000 >
b11111111111111010111000001100000 D
1)
#11444124
0'
0)
#11462642
0!
b10011000 +
1)
#11481160
1'
0)
#11499678
b11111111111111111111001010111011 =
b11111111111111111111010101110011 :
b11111111111111111111101010111010 .
b11111111111111111110100011010110 <
b10101000 @
b11111111111101010111001110000000 ;
b1110101011100111 B
b1000000011001 "
b1000000011001 2
b1000000011001 8
b110101010000 -
b1000000011001 3
b11111111111111111101001101110111 ,
b11111111111111111101010111010000 4
1!
b11111111111111111110110100111000 1
b11111111111111111110011111110010 /
b1110011111110010 #
b1110011111110010 0
b1110011111110010 C
b1010100011000000 A
b1010100011 ?
b1110100001000100 E
b111111111111111111111111111100101011101100110100 >
b11111111111111010101100010100100 D
1)
#11518196
0'
0)
#11536714
0!
b10011001 +
1)
#11555232
1'
0)
#11573750
b11111111111111111111001001010001 =
b11111111111111111111011011011000 :
b11111111111111111111101001101110 .
b11111111111111111110100111011011 <
b10110010 @
b11111111111101101101100000000000 ;
b1110110110110000 B
b110101010000 "
b110101010000 2
b110101010000 8
b101001100100 -
b110101010000 3
b11111111111111111101000101000100 ,
b11111111111111111101001101110111 4
1!
b11111111111111111110111001101000 1
b11111111111111111110100011010110 /
b1110100011010110 #
b1110100011010110 0
b1110100011010110 C
b1011001001000000 A
b1011001001 ?
b1110101011100111 E
b111111111111111111111111111100100101000110110111 >
b11111111111111010100001110001011 D
1)
#11592268
0'
0)
#11610786
0!
b10011010 +
1)
#11629304
1'
0)
#11647822
b11111111111111111111000111110110 =
b11111111111111111111100001001110 :
b11111111111111111111101000101000 .
b11111111111111111110101011111111 <
b10111011 @
b11111111111110000100111000000000 ;
b1111000010011100 B
b101001100100 "
b101001100100 2
b101001100100 8
b11101010111 -
b101001100100 3
b11111111111111111100111100111010 ,
b11111111111111111101000101000100 4
1!
b11111111111111111110111110110011 1
b11111111111111111110100111011011 /
b1110100111011011 #
b1110100111011011 0
b1110100111011011 C
b1011101100000000 A
b1011101100 ?
b1110110110110000 E
b111111111111111111111111111100011111011000100111 >
b11111111111111010011000100111011 D
1)
#11666340
0'
0)
#11684858
0!
b10011011 +
1)
#11703376
1'
0)
#11721894
b11111111111111111111000110101001 =
b11111111111111111111100111010100 :
b11111111111111111111100111100111 .
b11111111111111111110110001000000 <
b11000011 @
b11111111111110011101010010000000 ;
b1111001110101001 B
b11101010111 "
b11101010111 2
b11101010111 8
b10000101100 -
b11101010111 3
b11111111111111111100110101011101 ,
b11111111111111111100111100111010 4
1!
b11111111111111111111000100011000 1
b11111111111111111110101011111111 /
b1110101011111111 #
b1110101011111111 0
b1110101011111111 C
b1100001101000000 A
b1100001101 ?
b1111000010011100 E
b111111111111111111111111111100011010100100110011 >
b11111111111111010010000111010111 D
1)
#11740412
0'
0)
#11758930
0!
b10011100 +
1)
#11777448
1'
0)
#11795966
b11111111111111111111000101101011 =
b11111111111111111111101101101010 :
b11111111111111111111100110101011 .
b11111111111111111110110110011111 <
b11001010 @
b11111111111110110110101000000000 ;
b1111011011010100 B
b10000101100 "
b10000101100 2
b10000101100 8
b11100110 -
b10000101100 3
b11111111111111111100101110101111 ,
b11111111111111111100110101011101 4
1!
b11111111111111111111001010010101 1
b11111111111111111110110001000000 /
b1110110001000000 #
b1110110001000000 0
b1110110001000000 C
b1100101011000000 A
b1100101011 ?
b1111001110101001 E
b111111111111111111111111111100010110101110000000 >
b11111111111111010001010110000000 D
1)
#11814484
0'
0)
#11833002
0!
b10011101 +
1)
#11851520
1'
0)
#11870038
b11111111111111111111000100111101 =
b11111111111111111111110100001101 :
b11111111111111111111100101110101 .
b11111111111111111110111100011011 <
b11010001 @
b11111111111111010000110100000000 ;
b1111101000011010 B
b11100110 "
b11100110 2
b11100110 8
b11111111111111111111110110001001 -
b11100110 3
b11111111111111111100101000110100 ,
b11111111111111111100101110101111 4
1!
b11111111111111111111010000101010 1
b11111111111111111110110110011111 /
b1110110110011111 #
b1110110110011111 0
b1110110110011111 C
b1101000110000000 A
b1101000110 ?
b1111011011010100 E
b111111111111111111111111111100010011110110100100 >
b11111111111111010000110001010100 D
1)
#11888556
0'
0)
#11907074
0!
b10011110 +
1)
#11925592
1'
0)
#11944110
b11111111111111111111000100100000 =
b11111111111111111111111010111011 :
b11111111111111111111100101000110 .
b11111111111111111111000010110010 <
b11010111 @
b11111111111111101011101110000000 ;
b1111110101110111 B
b1111110110001001 "
b1111110110001001 2
b1111110110001001 8
b11111111111111111111101000010111 -
b11111111111111111111110110001001 3
b11111111111111111100100011101110 ,
b11111111111111111100101000110100 4
1!
b11111111111111111111010111010101 1
b11111111111111111110111100011011 /
b1110111100011011 #
b1110111100011011 0
b1110111100011011 C
b1101011101000000 A
b1101011101 ?
b1111101000011010 E
b111111111111111111111111111100010010000000100110 >
b11111111111111010000011001101110 D
1)
#11962628
0'
0)
#11981146
0!
b10011111 +
1)
#11999664
1'
0)
#12018182
b11111111111111111111000100010011 =
b1110100 :
b11111111111111111111100100011101 .
b11111111111111111111001001100011 <
b11011100 @
b111010010000000 ;
b11101001 B
b1111101000010111 "
b1111101000010111 2
b1111101000010111 8
b11111111111111111111011010010101 -
b11111111111111111111101000010111 3
b11111111111111111100011111100000 ,
b11111111111111111100100011101110 4
1!
b11111111111111111111011110010101 1
b11111111111111111111000010110010 /
b1111000010110010 #
b1111000010110010 0
b1111000010110010 C
b1101110010000000 A
b1101110010 ?
b1111110101110111 E
b111111111111111111111111111100010001001101111001 >
b11111111111111010000001111100101 D
1)
#12036700
0'
0)
#12055218
0!
b10100000 +
1)
#12073736
1'
0)
#12092254
b11111111111111111111000100011000 =
b1000110101 :
b11111111111111111111100011111100 .
b11111111111111111111010000101101 <
b11100000 @
b100011010110000000 ;
b10001101011 B
b1111011010010101 "
b1111011010010101 2
b1111011010010101 8
b11111111111111111111001100000101 -
b11111111111111111111011010010101 3
b11111111111111111100011100001100 ,
b11111111111111111100011111100000 4
1!
b11111111111111111111100101100111 1
b11111111111111111111001001100011 /
b1111001001100011 #
b1111001001100011 0
b1111001001100011 C
b1110000010000000 A
b1110000010 ?
b11101001 E
b111111111111111111111111111100010001100000000110 >
b11111111111111010000010011001110 D
1)
#12110772
0'
0)
#12129290
0!
b10100001 +
1)
#12147808
1'
0)
#12166326
b11111111111111111111000100101110 =
b1111111101 :
b11111111111111111111100011100001 .
b11111111111111111111011000001111 <
b11100100 @
b111111110110000000 ;
b11111111011 B
b1111001100000101 "
b1111001100000101 2
b1111001100000101 8
b11111111111111111110111101101100 -
b11111111111111111111001100000101 3
b11111111111111111100011001110101 ,
b11111111111111111100011100001100 4
1!
b11111111111111111111101101001100 1
b11111111111111111111010000101101 /
b1111010000101101 #
b1111010000101101 0
b1111010000101101 C
b1110010000000000 A
b1110010000 ?
b10001101011 E
b111111111111111111111111111100010010111000011101 >
b11111111111111010000100100111001 D
1)
#12184844
0'
0)
#12203362
0!
b10100010 +
1)
#12221880
1'
0)
#12240398
b11111111111111111111000101010110 =
b10111001010 :
b11111111111111111111100011001110 .
b11111111111111111111100000000110 <
b11100110 @
b1011100101000000000 ;
b101110010100 B
b1110111101101100 "
b1110111101101100 2
b1110111101101100 8
b11111111111111111110101111001101 -
b11111111111111111110111101101100 3
b11111111111111111100011000011101 ,
b11111111111111111100011001110101 4
1!
b11111111111111111111110101000001 1
b11111111111111111111011000001111 /
b1111011000001111 #
b1111011000001111 0
b1111011000001111 C
b1110011001000000 A
b1110011001 ?
b11111111011 E
b111111111111111111111111111100010101011000000100 >
b11111111111111010001000100110100 D
1)
#12258916
0'
0)
#12277434
0!
b10100011 +
1)
#12295952
1'
0)
#12314470
b11111111111111111111000110001111 =
b11110011001 :
b11111111111111111111100011000011 .
b11111111111111111111101000001111 <
b11100111 @
b1111001100110000000 ;
b111100110011 B
b1110101111001101 "
b1110101111001101 2
b1110101111001101 8
b11111111111111111110100000101101 -
b11111111111111111110101111001101 3
b11111111111111111100011000000101 ,
b11111111111111111100011000011101 4
1!
b11111111111111111111111101000011 1
b11111111111111111111100000000110 /
b1111100000000110 #
b1111100000000110 0
b1111100000000110 C
b1110011111000000 A
b1110011111 ?
b101110010100 E
b111111111111111111111111111100011000111111101000 >
b11111111111111010001110011001000 D
1)
#12332988
0'
0)
#12351506
0!
b10100100 +
1)
#12370024
1'
0)
#12388542
b11111111111111111111000111011011 =
b100101101001 :
b11111111111111111111100011000000 .
b11111111111111111111110000101100 <
b11101000 @
b10010110100110000000 ;
b1001011010011 B
b1110100000101101 "
b1110100000101101 2
b1110100000101101 8
b11111111111111111110010010001111 -
b11111111111111111110100000101101 3
b11111111111111111100011000101110 ,
b11111111111111111100011000000101 4
1!
b101001111 1
b11111111111111111111101000001111 /
b1111101000001111 #
b1111101000001111 0
b1111101000001111 C
b1110100000000000 A
b1110100000 ?
b111100110011 E
b111111111111111111111111111100011101101111100111 >
b11111111111111010010101111111011 D
1)
#12407060
0'
0)
#12425578
0!
b10100101 +
1)
#12444096
1'
0)
#12462614
b11111111111111111111001000111010 =
b101100111000 :
b11111111111111111111100011000101 .
b11111111111111111111111001011001 <
b11100111 @
b10110011100010000000 ;
b1011001110001 B
b1110010010001111 "
b1110010010001111 2
b1110010010001111 8
b11111111111111111110000011111000 -
b11111111111111111110010010001111 3
b11111111111111111100011010011010 ,
b11111111111111111100011000101110 4
1!
b1101100111 1
b11111111111111111111110000101100 /
b1111110000101100 #
b1111110000101100 0
b1111110000101100 C
b1110011110000000 A
b1110011110 ?
b1001011010011 E
b111111111111111111111111111100100011101000000110 >
b11111111111111010011111011001110 D
1)
#12481132
0'
0)
#12499650
0!
b10100110 +
1)
#12518168
1'
0)
#12536686
b11111111111111111111001010101010 =
b110100000100 :
b11111111111111111111100011010011 .
b10010011 <
b11100101 @
b11010000010000000000 ;
b1101000001000 B
b1110000011111000 "
b1110000011111000 2
b1110000011111000 8
b11111111111111111101110101101100 -
b11111111111111111110000011111000 3
b11111111111111111100011101001010 ,
b11111111111111111100011010011010 4
1!
b10110000110 1
b11111111111111111111111001011001 /
b1111111001011001 #
b1111111001011001 0
b1111111001011001 C
b1110010111000000 A
b1110010111 ?
b1011001110001 E
b111111111111111111111111111100101010101000111011 >
b11111111111111010101010100111111 D
1)
#12555204
0'
0)
#12573722
0!
b10100111 +
1)
#12592240
1'
0)
#12610758
b11111111111111111111001100101100 =
b111011001010 :
b11111111111111111111100011101001 .
b1011011001 <
b11100011 @
b11101100101000000000 ;
b1110110010100 B
b1101110101101100 "
b1101110101101100 2
b1101110101101100 8
b11111111111111111101100111101111 -
b11111111111111111101110101101100 3
b11111111111111111100100000111111 ,
b11111111111111111100011101001010 4
1!
b11110101010 1
b10010011 /
b10010011 #
b10010011 0
b10010011 C
b1110001100000000 A
b1110001100 ?
b1101000001000 E
b111111111111111111111111111100110010110001100011 >
b11111111111111010110111101000111 D
1)
#12629276
0'
0)
#12647794
0!
b10101000 +
1)
#12666312
1'
0)
#12684830
b11111111111111111111001111000000 =
b1000010001000 :
b11111111111111111111100100000111 .
b10100100111 <
b11011111 @
b100001000100010000000 ;
b10000100010001 B
b1101100111101111 "
b1101100111101111 2
b1101100111101111 8
b11111111111111111101011010000110 -
b11111111111111111101100111101111 3
b11111111111111111100100101111001 ,
b11111111111111111100100000111111 4
1!
b100111010010 1
b1011011001 /
b1011011001 #
b1011011001 0
b1011011001 C
b1101111101000000 A
b1101111101 ?
b1110110010100 E
b111111111111111111111111111100111100000001000111 >
b11111111111111011000110011011011 D
1)
#12703348
0'
0)
#12721866
0!
b10101001 +
1)
#12740384
1'
0)
#12758902
b11111111111111111111010001100101 =
b1001000111101 :
b11111111111111111111100100101111 .
b11101111100 <
b11011010 @
b100100011110100000000 ;
b10010001111010 B
b1101011010000110 "
b1101011010000110 2
b1101011010000110 8
b11111111111111111101001100110101 -
b11111111111111111101011010000110 3
b11111111111111111100101011111000 ,
b11111111111111111100100101111001 4
1!
b101111111000 1
b10100100111 /
b10100100111 #
b10100100111 0
b10100100111 C
b1101101001000000 A
b1101101001 ?
b10000100010001 E
b111111111111111111111111111101000110010110011100 >
b11111111111111011010110111101100 D
1)
#12777420
0'
0)
#12795938
0!
b10101010 +
1)
#12814456
1'
0)
#12832974
b11111111111111111111010100011011 =
b1001111100101 :
b11111111111111111111100101011111 .
b100111010100 <
b11010100 @
b100111110010110000000 ;
b10011111001011 B
b1101001100110101 "
b1101001100110101 2
b1101001100110101 8
b11111111111111111101000000000000 -
b11111111111111111101001100110101 3
b11111111111111111100110010111011 ,
b11111111111111111100101011111000 4
1!
b111000011101 1
b11101111100 /
b11101111100 #
b11101111100 0
b11101111100 C
b1101010001000000 A
b1101010001 ?
b10010001111010 E
b111111111111111111111111111101010001101111111110 >
b11111111111111011101001001100110 D
1)
#12851492
0'
0)
#12870010
0!
b10101011 +
1)
#12888528
1'
0)
#12907046
b11111111111111111111010111100010 =
b1010110000000 :
b11111111111111111111100110010111 .
b110000101111 <
b11001101 @
b101011000000000000000 ;
b10101100000000 B
b1101000000000000 "
b1101000000000000 2
b1101000000000000 8
b11111111111111111100110011101100 -
b11111111111111111101000000000000 3
b11111111111111111100111011000010 ,
b11111111111111111100110010111011 4
1!
b1000000111101 1
b100111010100 /
b100111010100 #
b100111010100 0
b100111010100 C
b1100110101000000 A
b1100110101 ?
b10011111001011 E
b111111111111111111111111111101011110001011110101 >
b11111111111111011111101000110001 D
1)
#12925564
0'
0)
#12944082
0!
b10101100 +
1)
#12962600
1'
0)
#12981118
b11111111111111111111011010111001 =
b1011100001010 :
b11111111111111111111100111011000 .
b111010001000 <
b11000101 @
b101110000101000000000 ;
b10111000010100 B
b1100110011101100 "
b1100110011101100 2
b1100110011101100 8
b11111111111111111100100111111100 -
b11111111111111111100110011101100 3
b11111111111111111101000100001100 ,
b11111111111111111100111011000010 4
1!
b1001001010111 1
b110000101111 /
b110000101111 #
b110000101111 0
b110000101111 C
b1100010100000000 A
b1100010100 ?
b10101100000000 E
b111111111111111111111111111101101011100111110101 >
b11111111111111100010010100110001 D
1)
#12999636
0'
0)
#13018154
0!
b10101101 +
1)
#13036672
1'
0)
#13055190
b11111111111111111111011110100000 =
b1100010000010 :
b11111111111111111111101000100001 .
b1000011011110 <
b10111100 @
b110001000001000000000 ;
b11000100000100 B
b1100100111111100 "
b1100100111111100 2
b1100100111111100 8
b11111111111111111100011100110101 -
b11111111111111111100100111111100 3
b11111111111111111101001110011000 ,
b11111111111111111101000100001100 4
1!
b1010001100111 1
b111010001000 /
b111010001000 #
b111010001000 0
b111010001000 C
b1011110000000000 A
b1011110000 ?
b10111000010100 E
b111111111111111111111111111101111010000001011001 >
b11111111111111100101001101000101 D
1)
#13073708
0'
0)
#13092226
0!
b10101110 +
1)
#13110744
1'
0)
#13129262
b11111111111111111111100010010101 =
b1100111100101 :
b11111111111111111111101001110011 .
b1001100101011 <
b10110001 @
b110011110010110000000 ;
b11001111001011 B
b1100011100110101 "
b1100011100110101 2
b1100011100110101 8
b11111111111111111100010010011011 -
b11111111111111111100011100110101 3
b11111111111111111101011001100101 ,
b11111111111111111101001110011000 4
1!
b1011001101011 1
b1000011011110 /
b1000011011110 #
b1000011011110 0
b1000011011110 C
b1011000111000000 A
b1011000111 ?
b11000100000100 E
b111111111111111111111111111110001001010101101101 >
b11111111111111101000010001001001 D
1)
#13147780
0'
0)
#13166298
0!
b10101111 +
1)
#13184816
1'
0)
#13203334
b11111111111111111111100110011000 =
b1101100110010 :
b11111111111111111111101011001100 .
b1010101110000 <
b10100110 @
b110110011001010000000 ;
b11011001100101 B
b1100010010011011 "
b1100010010011011 2
b1100010010011011 8
b11111111111111111100001000110010 -
b11111111111111111100010010011011 3
b11111111111111111101100101110000 ,
b11111111111111111101011001100101 4
1!
b1100001011111 1
b1001100101011 /
b1001100101011 #
b1001100101011 0
b1001100101011 C
b1010011010000000 A
b1010011010 ?
b11001111001011 E
b111111111111111111111111111110011001100001100100 >
b11111111111111101011100000010100 D
1)
#13221852
0'
0)
#13240370
0!
b10110000 +
1)
#13258888
1'
0)
#13277406
b11111111111111111111101010101000 =
b1110001100111 :
b11111111111111111111101100101110 .
b1011110101001 <
b10011010 @
b111000110011100000000 ;
b11100011001110 B
b1100001000110010 "
b1100001000110010 2
b1100001000110010 8
b11111111111111111011111111111101 -
b11111111111111111100001000110010 3
b11111111111111111101110010111000 ,
b11111111111111111101100101110000 4
1!
b1101001000010 1
b1010101110000 /
b1010101110000 #
b1010101110000 0
b1010101110000 C
b1001101001000000 A
b1001101001 ?
b11011001100101 E
b111111111111111111111111111110101010100001011101 >
b11111111111111101110111001111001 D
1)
#13295924
0'
0)
#13314442
0!
b10110001 +
1)
#13332960
1'
0)
#13351478
b11111111111111111111101111000100 =
b1110110000001 :
b11111111111111111111101110010111 .
b1100111010010 <
b10001101 @
b111011000000110000000 ;
b11101100000011 B
b1011111111111101 "
b1011111111111101 2
b1011111111111101 8
b11111111111111111011111000000000 -
b11111111111111111011111111111101 3
b11111111111111111110000000111010 ,
b11111111111111111101110010111000 4
1!
b1110000010010 1
b1011110101001 /
b1011110101001 #
b1011110101001 0
b1011110101001 C
b1000110101000000 A
b1000110101 ?
b11100011001110 E
b111111111111111111111111111110111100010001100011 >
b11111111111111110010011101000111 D
1)
#13369996
0'
0)
#13388514
0!
b10110010 +
1)
#13407032
1'
0)
#13425550
b11111111111111111111110011101011 =
b1111010000000 :
b11111111111111111111110000000111 .
b1101111101010 <
b1111111 @
b111101000000000000000 ;
b11110100000000 B
b1011111000000000 "
b1011111000000000 2
b1011111000000000 8
b11111111111111111011110000111111 -
b11111111111111111011111000000000 3
b11111111111111111110001111110011 ,
b11111111111111111110000000111010 4
1!
b1110111001011 1
b1100111010010 /
b1100111010010 #
b1100111010010 0
b1100111010010 C
b111111101000000 A
b111111101 ?
b11101100000011 E
b111111111111111111111111111111001110101101110010 >
b11111111111111110110001001001010 D
1)
#13444068
0'
0)
#13462586
0!
b10110011 +
1)
#13481104
1'
0)
#13499622
b11111111111111111111111000011100 =
b1111101100000 :
b11111111111111111111110001111110 .
b1110111101100 <
b1110000 @
b111110110000010000000 ;
b11111011000001 B
b1011110000111111 "
b1011110000111111 2
b1011110000111111 8
b11111111111111111011101010111101 -
b11111111111111111011110000111111 3
b11111111111111111110011111100000 ,
b11111111111111111110001111110011 4
1!
b1111101101100 1
b1101111101010 /
b1101111101010 #
b1101111101010 0
b1101111101010 C
b111000001000000 A
b111000001 ?
b11110100000000 E
b111111111111111111111111111111100001110001110010 >
b11111111111111111001111101001010 D
1)
#13518140
0'
0)
#13536658
0!
b10110100 +
1)
#13555176
1'
0)
#13573694
b11111111111111111111111101010110 =
b10000000100001 :
b11111111111111111111110011111100 .
b1111111010111 <
b1100000 @
b1000000010000110000000 ;
b100000001000011 B
b1011101010111101 "
b1011101010111101 2
b1011101010111101 8
b11111111111111111011100101111100 -
b11111111111111111011101010111101 3
b11111111111111111110101111111110 ,
b11111111111111111110011111100000 4
1!
b10000011110000 1
b1110111101100 /
b1110111101100 #
b1110111101100 0
b1110111101100 C
b110000010000000 A
b110000010 ?
b11111011000001 E
b111111111111111111111111111111110101011000110111 >
b11111111111111111101111000001011 D
1)
#13592212
0'
0)
#13610730
0!
b10110101 +
1)
#13629248
1'
0)
#13647766
b10010111 =
b10000011000010 :
b11111111111111111111110101111111 .
b10000110101001 <
b1010000 @
b1000001100001000000000 ;
b100000110000100 B
b1011100101111100 "
b1011100101111100 2
b1011100101111100 8
b11111111111111111011100010000000 -
b11111111111111111011100101111100 3
b11111111111111111111000001001001 ,
b11111111111111111110101111111110 4
1!
b10001001011000 1
b1111111010111 /
b1111111010111 #
b1111111010111 0
b1111111010111 C
b101000001000000 A
b101000001 ?
b100000001000011 E
b1001011110000110 >
b1111001001110 D
1)
#13666284
0'
0)
#13684802
0!
b10110110 +
1)
#13703320
1'
0)
#13721838
b111011111 =
b10000101000000 :
b11111111111111111111111000001001 .
b10001101011110 <
b111111 @
b1000010100000000000000 ;
b100001010000000 B
b1011100010000000 "
b1011100010000000 2
b1011100010000000 8
b11111111111111111011011111001011 -
b11111111111111111011100010000000 3
b11111111111111111111010010111101 ,
b11111111111111111111000001001001 4
1!
b10001110100000 1
b10000110101001 /
b10000110101001 #
b10000110101001 0
b10000110101001 C
b11111100000000 A
b11111100 ?
b100000110000100 E
b11101111100011010 >
b101111111010010 D
1)
#13740356
0'
0)
#13758874
0!
b10110111 +
1)
#13777392
1'
0)
#13795910
b1100101011 =
b10000110011010 :
b11111111111111111111111010010111 .
b10010011110010 <
b101101 @
b1000011001101010000000 ;
b100001100110101 B
b1011011111001011 "
b1011011111001011 2
b1011011111001011 8
b11111111111111111011011101100000 -
b11111111111111111011011111001011 3
b11111111111111111111100101010101 ,
b11111111111111111111010010111101 4
1!
b10010011000111 1
b10001101011110 /
b10001101011110 #
b10001101011110 0
b10001101011110 C
b10110101000000 A
b10110101 ?
b100001010000000 E
b110010101110011010 >
b1010001001010010 D
1)
#13814428
0'
0)
#13832946
0!
b10111000 +
1)
#13851464
1'
0)
#13869982
b10001111011 =
b10000111010000 :
b11111111111111111111111100101010 .
b10011001100101 <
b11010 @
b1000011101000000000000 ;
b100001110100000 B
b1011011101100000 "
b1011011101100000 2
b1011011101100000 8
b11111111111111111011011101000000 -
b11111111111111111011011101100000 3
b11111111111111111111111000001110 ,
b11111111111111111111100101010101 4
1!
b10010111001000 1
b10010011110010 /
b10010011110010 #
b10010011110010 0
b10010011110010 C
b1101011000000 A
b1101011 ?
b100001100110101 E
b1000111101110100011 >
b1110010110000111 D
1)
#13888500
0'
0)
#13907018
0!
b10111001 +
1)
#13925536
1'
0)
#13944054
b10111001101 =
b10000111100000 :
b11111111111111111111111111000001 .
b10011110110101 <
b1000 @
b1000011110000000000000 ;
b100001111000000 B
b1011011101000000 "
b1011011101000000 2
b1011011101000000 8
b11111111111111111011011101101110 -
b11111111111111111011011101000000 3
b1011100010 ,
b11111111111111111111111000001110 4
1!
b10011010100100 1
b10011001100101 /
b10011001100101 #
b10011001100101 0
b10011001100101 C
b100000000000 A
b100000 ?
b100001110100000 E
b1011100110111000011 >
b10010100100100111 D
1)
#13962572
0'
0)
#13981090
0!
b10111010 +
1)
#13999608
1'
0)
#14018126
b11100100000 =
b10000111001001 :
b1011100 .
b10100011011101 <
b11111111111111111111111111110100 @
b1000011100100100000000 ;
b100001110010010 B
b1011011101101110 "
b1011011101101110 2
b1011011101101110 8
b11111111111111111011011111101010 -
b11111111111111111011011101101110 3
b11111001101 ,
b1011100010 4
1!
b10011101011001 1
b10011110110101 /
b10011110110101 #
b10011110110101 0
b10011110110101 C
b11111111111111111111010010000000 A
b1111111111010010 ?
b100001111000000 E
b1110010000010000011 >
b10110110011100111 D
1)
#14036644
0'
0)
#14055162
0!
b10111011 +
1)
#14073680
1'
0)
#14092198
b100001110010 =
b10000110001011 :
b11111001 .
b10100111011110 <
b11111111111111111111111111100001 @
b1000011000101100000000 ;
b100001100010110 B
b1011011111101010 "
b1011011111101010 2
b1011011111101010 8
b11111111111111111011100010110110 -
b11111111111111111011011111101010 3
b110011001001 ,
b11111001101 4
1!
b10011111100100 1
b10100011011101 /
b10100011011101 #
b10100011011101 0
b10100011011101 C
b11111111111111111110000100000000 A
b1111111110000100 ?
b100001110010010 E
b10000111001001011101 >
b11011000001111001 D
1)
#14110716
0'
0)
#14129234
0!
b10111100 +
1)
#14147752
1'
0)
#14166270
b100111000001 =
b10000100100101 :
b110011001 .
b10101010110011 <
b11111111111111111111111111001101 @
b1000010010010100000000 ;
b100001001001010 B
b1011100010110110 "
b1011100010110110 2
b1011100010110110 8
b11111111111111111011100111010011 -
b11111111111111111011100010110110 3
b1000111010001 ,
b110011001001 4
1!
b10100001000101 1
b10100111011110 /
b10100111011110 #
b10100111011110 0
b10100111011110 C
b11111111111111111100110100000000 A
b1111111100110100 ?
b100001100010110 E
b10011100000111001011 >
b11111001110001111 D
1)
#14184788
0'
0)
#14203306
0!
b10111101 +
1)
#14221824
1'
0)
#14240342
b101100001101 =
b10000010010110 :
b1000111010 .
b10101101011011 <
b11111111111111111111111110111000 @
b1000001001011010000000 ;
b100000100101101 B
b1011100111010011 "
b1011100111010011 2
b1011100111010011 8
b11111111111111111011101101000001 -
b11111111111111111011100111010011 3
b1011011100000 ,
b1000111010001 4
1!
b10100001111001 1
b10101010110011 /
b10101010110011 #
b10101010110011 0
b10101010110011 C
b11111111111111111011100011000000 A
b1111111011100011 ?
b100001001001010 E
b10110000110100111101 >
b100011010111011001 D
1)
#14258860
0'
0)
#14277378
0!
b10111110 +
1)
#14295896
1'
0)
#14314414
b110001010011 =
b1111111011111 :
b1011011100 .
b10101111010110 <
b11111111111111111111111110100100 @
b111111101111110000000 ;
b11111110111111 B
b1011101101000001 "
b1011101101000001 2
b1011101101000001 8
b11111111111111111011110011111111 -
b11111111111111111011101101000001 3
b1101111101111 ,
b1011011100000 4
1!
b10100001111111 1
b10101101011011 /
b10101101011011 #
b10101101011011 0
b10101101011011 C
b11111111111111111010010010000000 A
b1111111010010010 ?
b100000100101101 E
b11000101001100011110 >
b100111011100000110 D
1)
#14332932
0'
0)
#14351450
0!
b10111111 +
1)
#14369968
1'
0)
#14388486
b110110010001 =
b1111100000000 :
b1101111101 .
b10110000100001 <
b11111111111111111111111110010000 @
b111110000000010000000 ;
b11111000000001 B
b1011110011111111 "
b1011110011111111 2
b1011110011111111 8
b11111111111111111011111100001110 -
b11111111111111111011110011111111 3
b10000011111010 ,
b1101111101111 4
1!
b10100001011001 1
b10101111010110 /
b10101111010110 #
b10101111010110 0
b10101111010110 C
b11111111111111111001000010000000 A
b1111111001000010 ?
b11111110111111 E
b11011001000111011001 >
b101011011011000101 D
1)
#14407004
0'
0)
#14425522
0!
b11000000 +
1)
#14444040
1'
0)
#14462558
b111011000111 =
b1110111111001 :
b10000011111 .
b10110000111100 <
b11111111111111111111111101111100 @
b111011111100100000000 ;
b11101111110010 B
b1011111100001110 "
b1011111100001110 2
b1011111100001110 8
b11111111111111111100000101101101 -
b11111111111111111011111100001110 3
b10010111111010 ,
b10000011111010 4
1!
b10100000000010 1
b10110000100001 /
b10110000100001 #
b10110000100001 0
b10110000100001 C
b11111111111111110111110001000000 A
b1111110111110001 ?
b11111000000001 E
b11101100011111011110 >
b101111010011000110 D
1)
#14481076
0'
0)
#14499594
0!
b11000001 +
1)
#14518112
1'
0)
#14536630
b111111110011 =
b1110011001001 :
b10010111111 .
b10110000100100 <
b11111111111111111111111101101000 @
b111001100100110000000 ;
b11100110010011 B
b1100000101101101 "
b1100000101101101 2
b1100000101101101 8
b11111111111111111100010000011011 -
b11111111111111111100000101101101 3
b10101011101001 ,
b10010111111010 4
1!
b10011101111101 1
b10110000111100 /
b10110000111100 #
b10110000111100 0
b10110000111100 C
b11111111111111110110100001000000 A
b1111110110100001 ?
b11101111110010 E
b11111111001110011000 >
b110011000010111000 D
1)
#14555148
0'
0)
#14573666
0!
b11000010 +
1)
#14592184
1'
0)
#14610702
b1000100010011 =
b1101101110010 :
b10101011101 .
b10101111011001 <
b11111111111111111111111101010100 @
b110110111001010000000 ;
b11011011100101 B
b1100010000011011 "
b1100010000011011 2
b1100010000011011 8
b11111111111111111100011100010111 -
b11111111111111111100010000011011 3
b10111111000001 ,
b10101011101001 4
1!
b10011011000111 1
b10110000100100 /
b10110000100100 #
b10110000100100 0
b10110000100100 C
b11111111111111110101010010000000 A
b1111110101010010 ?
b11100110010011 E
b100010001001101110111 >
b110110101001001011 D
1)
#14629220
0'
0)
#14647738
0!
b11000011 +
1)
#14666256
1'
0)
#14684774
b1001000100101 =
b1100111110100 :
b10111111000 .
b10101101011010 <
b11111111111111111111111101000001 @
b110011111010010000000 ;
b11001111101001 B
b1100011100010111 "
b1100011100010111 2
b1100011100010111 8
b11111111111111111100101001011110 -
b11111111111111111100011100010111 3
b11010001111101 ,
b10111111000001 4
1!
b10010111100001 1
b10101111011001 /
b10101111011001 #
b10101111011001 0
b10101111011001 C
b11111111111111110100000100000000 A
b1111110100000100 ?
b11011011100101 E
b100100010010111110000 >
b111010000100110000 D
1)
#14703292
0'
0)
#14721810
0!
b11000100 +
1)
#14740328
1'
0)
#14758846
b1001100101001 =
b1100001010001 :
b11010001111 .
b10101010101000 <
b11111111111111111111111100101110 @
b110000101000100000000 ;
b11000010100010 B
b1100101001011110 "
b1100101001011110 2
b1100101001011110 8
b11111111111111111100110111101111 -
b11111111111111111100101001011110 3
b11100100010110 ,
b11010001111101 4
1!
b10010011001011 1
b10101101011010 /
b10101101011010 #
b10101101011010 0
b10101101011010 C
b11111111111111110010111001000000 A
b1111110010111001 ?
b11001111101001 E
b100110010100101111101 >
b111101010100011001 D
1)
#14777364
0'
0)
#14795882
0!
b11000101 +
1)
#14814400
1'
0)
#14832918
b1010000011100 =
b1011010001000 :
b11100100010 .
b10100110111111 <
b11111111111111111111111100011011 @
b101101000100010000000 ;
b10110100010001 B
b1100110111101111 "
b1100110111101111 2
b1100110111101111 8
b11111111111111111101000111000111 -
b11111111111111111100110111101111 3
b11110110000110 ,
b11100100010110 4
1!
b10001110000110 1
b10101010101000 /
b10101010101000 #
b10101010101000 0
b10101010101000 C
b11111111111111110001101111000000 A
b1111110001101111 ?
b11000010100010 E
b101000001110010100111 >
b1000000010110111011 D
1)
#14851436
0'
0)
#14869954
0!
b11000110 +
1)
#14888472
1'
0)
#14906990
b1010011111101 =
b1010010011100 :
b11110110000 .
b10100010100011 <
b11111111111111111111111100001010 @
b101001001110010000000 ;
b10100100111001 B
b1101000111000111 "
b1101000111000111 2
b1101000111000111 8
b11111111111111111101010111100011 -
b11111111111111111101000111000111 3
b100000111000111 ,
b11110110000110 4
1!
b10001000001111 1
b10100110111111 /
b10100110111111 #
b10100110111111 0
b10100110111111 C
b11111111111111110000101000000000 A
b1111110000101000 ?
b10110100010001 E
b101001111110111111100 >
b1000011001011001100 D
1)
#14925508
0'
0)
#14944026
0!
b11000111 +
1)
#14962544
1'
0)
#14981062
b1010111001100 =
b1001010001110 :
b100000111000 .
b10011101010011 <
b11111111111111111111111011111001 @
b100101000111010000000 ;
b10010100011101 B
b1101010111100011 "
b1101010111100011 2
b1101010111100011 8
b11111111111111111101101001000000 -
b11111111111111111101010111100011 3
b100010111010100 ,
b100000111000111 4
1!
b10000001101011 1
b10100010100011 /
b10100010100011 #
b10100010100011 0
b10100010100011 C
b11111111111111101111100100000000 A
b1111101111100100 ?
b10100100111001 E
b101011100110000011001 >
b1000101110000000101 D
1)
#14999580
0'
0)
#15018098
0!
b11001000 +
1)
#15036616
1'
0)
#15055134
b1011010000101 =
b1000001100000 :
b100010111010 .
b10010111001101 <
b11111111111111111111111011101000 @
b100000110000000000000 ;
b10000011000000 B
b1101101001000000 "
b1101101001000000 2
b1101101001000000 8
b11111111111111111101111011011010 -
b11111111111111111101101001000000 3
b100100110100111 ,
b100010111010100 4
1!
b1111010011001 1
b10011101010011 /
b10011101010011 #
b10011101010011 0
b10011101010011 C
b11111111111111101110100011000000 A
b1111101110100011 ?
b10010100011101 E
b101101000010110101010 >
b1001000000100100010 D
1)
#15073652
0'
0)
#15092170
0!
b11001001 +
1)
#15110688
1'
0)
#15129206
b1011100101001 =
b111000010011 :
b100100110100 .
b10010000010101 <
b11111111111111111111111011011001 @
b11100001001100000000 ;
b1110000100110 B
b1101111011011010 "
b1101111011011010 2
b1101111011011010 8
b11111111111111111110001110101101 -
b11111111111111111101111011011010 3
b100110100111010 ,
b100100110100111 4
1!
b1110010011001 1
b10010111001101 /
b10010111001101 #
b10010111001101 0
b10010111001101 C
b11111111111111101101100110000000 A
b1111101101100110 ?
b10000011000000 E
b101110010100101101010 >
b1001010000111100010 D
1)
#15147724
0'
0)
#15166242
0!
b11001010 +
1)
#15184760
1'
0)
#15203278
b1011110110110 =
b101110101001 :
b100110100111 .
b10001000101010 <
b11111111111111111111111011001011 @
b10111010100110000000 ;
b1011101010011 B
b1110001110101101 "
b1110001110101101 2
b1110001110101101 8
b11111111111111111110100010110101 -
b11111111111111111110001110101101 3
b101000010000111 ,
b100110100111010 4
1!
b1101001101110 1
b10010000010101 /
b10010000010101 #
b10010000010101 0
b10010000010101 C
b11111111111111101100101101000000 A
b1111101100101101 ?
b1110000100110 E
b101111011011000101000 >
b1001011111000001000 D
1)
#15221796
0'
0)
#15240314
0!
b11001011 +
1)
#15258832
1'
0)
#15277350
b1100000101010 =
b100100100101 :
b101000010000 .
b10000000001101 <
b11111111111111111111111010111110 @
b10010010010110000000 ;
b1001001001011 B
b1110100010110101 "
b1110100010110101 2
b1110100010110101 8
b11111111111111111110110111101101 -
b11111111111111111110100010110101 3
b101001110001010 ,
b101000010000111 4
1!
b1100000011010 1
b10001000101010 /
b10001000101010 #
b10001000101010 0
b10001000101010 C
b11111111111111101011111000000000 A
b1111101011111000 ?
b1011101010011 E
b110000010101011000111 >
b1001101010101011011 D
1)
#15295868
0'
0)
#15314386
0!
b11001100 +
1)
#15332904
1'
0)
#15351422
b1100010000110 =
b11010001001 :
b101001110001 .
b1110111000001 <
b11111111111111111111111010110010 @
b1101000100110000000 ;
b110100010011 B
b1110110111101101 "
b1110110111101101 2
b1110110111101101 8
b11111111111111111111001101010000 -
b11111111111111111110110111101101 3
b101011000111101 ,
b101001110001010 4
1!
b1010110011100 1
b10000000001101 /
b10000000001101 #
b10000000001101 0
b10000000001101 C
b11111111111111101011001000000000 A
b1111101011001000 ?
b1001001001011 E
b110001000011000111110 >
b1001110011110100110 D
1)
#15369940
0'
0)
#15388458
0!
b11001101 +
1)
#15406976
1'
0)
#15425494
b1100011000111 =
b1111011000 :
b101011000111 .
b1101101000110 <
b11111111111111111111111010100111 @
b111101100000000000 ;
b11110110000 B
b1111001101010000 "
b1111001101010000 2
b1111001101010000 8
b11111111111111111111100011011001 -
b11111111111111111111001101010000 3
b101100010011100 ,
b101011000111101 4
1!
b1001011111010 1
b1110111000001 /
b1110111000001 #
b1110111000001 0
b1110111000001 C
b11111111111111101010011101000000 A
b1111101010011101 ?
b110100010011 E
b110001100011110011101 >
b1001111010010111001 D
1)
#15444012
0'
0)
#15462530
0!
b11001110 +
1)
#15481048
1'
0)
#15499566
b1100011101110 =
b100010011 :
b101100010011 .
b1100010011110 <
b11111111111111111111111010011101 @
b10001001110000000 ;
b1000100111 B
b1111100011011001 "
b1111100011011001 2
b1111100011011001 8
b11111111111111111111111010000011 -
b11111111111111111111100011011001 3
b101101010100010 ,
b101100010011100 4
1!
b1000000110011 1
b1101101000110 /
b1101101000110 #
b1101101000110 0
b1101101000110 C
b11111111111111101001110111000000 A
b1111101001110111 ?
b11110110000 E
b110001110111000001101 >
b1001111110001101001 D
1)
#15518084
0'
0)
#15536602
0!
b11001111 +
1)
#15555120
1'
0)
#15573638
b1100011111000 =
b11111111111111111111111000111110 :
b101101010100 .
b1010111001011 <
b11111111111111111111111010010101 @
b11111111111111100011111010000000 ;
b1111110001111101 B
b1111111010000011 "
b1111111010000011 2
b1111111010000011 8
b10001000111 -
b11111111111111111111111010000011 3
b101110001001011 ,
b101101010100010 4
1!
b110101001010 1
b1100010011110 /
b1100010011110 #
b1100010011110 0
b1100010011110 C
b11111111111111101001010110000000 A
b1111101001010110 ?
b1000100111 E
b110001111100011010000 >
b1001111111010010000 D
1)
#15592156
0'
0)
#15610674
0!
b11010000 +
1)
#15629192
1'
0)
#15647710
b1100011100111 =
b11111111111111111111101101011100 :
b101110001001 .
b1001011010010 <
b11111111111111111111111010001111 @
b11111111111110110101110010000000 ;
b1111011010111001 B
b10001000111 "
b10001000111 2
b10001000111 8
b101000100000 -
b10001000111 3
b101110110010011 ,
b101110001001011 4
1!
b101001000010 1
b1010111001011 /
b1010111001011 #
b1010111001011 0
b1010111001011 C
b11111111111111101000111100000000 A
b1111101000111100 ?
b1111110001111101 E
b110001110011101000001 >
b1001111101100001101 D
1)
#15666228
0'
0)
#15684746
0!
b11010001 +
1)
#15703264
1'
0)
#15721782
b1100010111000 =
b11111111111111111111100001110000 :
b101110110010 .
b111110110001 <
b11111111111111111111111010001001 @
b11111111111110000111000000000000 ;
b1111000011100000 B
b101000100000 "
b101000100000 2
b101000100000 8
b1000000000111 -
b101000100000 3
b101111001110111 ,
b101110110010011 4
1!
b11100100000 1
b1001011010010 /
b1001011010010 #
b1001011010010 0
b1001011010010 C
b11111111111111101000100111000000 A
b1111101000100111 ?
b1111011010111001 E
b110001011100011011110 >
b1001111000111000110 D
1)
#15740300
0'
0)
#15758818
0!
b11010010 +
1)
#15777336
1'
0)
#15795854
b1100001101101 =
b11111111111111111111010101111100 :
b101111001110 .
b110001101111 <
b11111111111111111111111010000110 @
b11111111111101010111110010000000 ;
b1110101011111001 B
b1000000000111 "
b1000000000111 2
b1000000000111 8
b1010111110110 -
b1000000000111 3
b101111011110011 ,
b101111001110111 4
1!
b1111100011 1
b111110110001 /
b111110110001 #
b111110110001 0
b111110110001 C
b11111111111111101000011001000000 A
b1111101000011001 ?
b1111000011100000 E
b110000110110100111110 >
b1001110001010100110 D
1)
#15814372
0'
0)
#15832890
0!
b11010011 +
1)
#15851408
1'
0)
#15869926
b1100000000100 =
b11111111111111111111001010000101 :
b101111011110 .
b100100001101 <
b11111111111111111111111010000100 @
b11111111111100101000010100000000 ;
b1110010100001010 B
b1010111110110 "
b1010111110110 2
b1010111110110 8
b1101111100110 -
b1010111110110 3
b101111100000101 ,
b101111011110011 4
1!
b10010001 1
b110001101111 /
b110001101111 #
b110001101111 0
b110001101111 C
b11111111111111101000010001000000 A
b1111101000010001 ?
b1110101011111001 E
b110000000010000011011 >
b1001100110110011111 D
1)
#15888444
0'
0)
#15906962
0!
b11010100 +
1)
#15925480
1'
0)
#15943998
b1011101111101 =
b10110001110 <
b11111111111111111110111110001101 :
b101111100000 .
b11111111111011111000110100000000 ;
b1101111100011010 B
b1101111100110 "
b1101111100110 2
b1101111100110 8
b10000111010000 -
b1101111100110 3
b101111010101010 ,
b101111100000101 4
1!
b11111111111111111111110100101101 1
b100100001101 /
b100100001101 #
b100100001101 0
b100100001101 C
b11111111111111101000010000000000 A
b1111101000010000 ?
b1110010100001010 E
b101110111110101001101 >
b1001011001010101001 D
1)
#15962516
0'
0)
#15981034
0!
b11010101 +
1)
#15999552
1'
0)
#16018070
b1011011011000 =
b11111111111111111110110010011000 :
b101111010101 .
b111110101 <
b11111111111111111111111010000101 @
b11111111111011001001100000000000 ;
b1101100100110000 B
b10000111010000 "
b10000111010000 2
b10000111010000 8
b10011110101110 -
b10000111010000 3
b101110111100001 ,
b101111010101010 4
1!
b11111111111111111111100110111001 1
b10110001110 /
b10110001110 #
b10110001110 0
b10110001110 C
b11111111111111101000010110000000 A
b1111101000010110 ?
b1101111100011010 E
b101101101100011001111 >
b1001001000111000011 D
1)
#16036588
0'
0)
#16055106
0!
b11010110 +
1)
#16073624
1'
0)
#16092142
b1011000010110 =
b11111111111111111110100110101001 :
b101110111100 .
b11111111111111111111111001000111 <
b11111111111111111111111010001000 @
b11111111111010011010100100000000 ;
b1101001101010010 B
b10011110101110 "
b10011110101110 2
b10011110101110 8
b10110101111000 -
b10011110101110 3
b101110010101000 ,
b101110111100001 4
1!
b11111111111111111111011000111001 1
b111110101 /
b111110101 #
b111110101 0
b111110101 C
b11111111111111101000100010000000 A
b1111101000100010 ?
b1101100100110000 E
b101100001011010111111 >
b1000110101011110011 D
1)
#16110660
0'
0)
#16129178
0!
b11010111 +
1)
#16147696
1'
0)
#16166214
b1010100110111 =
b11111111111111111110011011000100 :
b101110010101 .
b11111111111111111111101010001000 <
b11111111111111111111111010001101 @
b11111111111001101100010000000000 ;
b1100110110001000 B
b10110101111000 "
b10110101111000 2
b10110101111000 8
b11001100100111 -
b10110101111000 3
b101101011111110 ,
b101110010101000 4
1!
b11111111111111111111001010110010 1
b11111111111111111111111001000111 /
b1111111001000111 #
b1111111001000111 0
b1111111001000111 C
b11111111111111101000110110000000 A
b1111101000110110 ?
b1101001101010010 E
b101010011011101011001 >
b1000011111001000101 D
1)
#16184732
0'
0)
#16203250
0!
b11011000 +
1)
#16221768
1'
0)
#16240286
b1010000111011 =
b11111111111111111110001111101100 :
b101101011111 .
b11111111111111111111011010111011 <
b11111111111111111111111010010100 @
b11111111111000111110110010000000 ;
b1100011111011001 B
b11001100100111 "
b11001100100111 2
b11001100100111 8
b11100010110101 -
b11001100100111 3
b101100011100011 ,
b101101011111110 4
1!
b11111111111111111110111100101001 1
b11111111111111111111101010001000 /
b1111101010001000 #
b1111101010001000 0
b1111101010001000 C
b11111111111111101001010001000000 A
b1111101001010001 ?
b1100110110001000 E
b101000011101100000001 >
b1000000101111001101 D
1)
#16258804
0'
0)
#16277322
0!
b11011001 +
1)
#16295840
1'
0)
#16314358
b1001100100010 =
b11111111111111111110000100100101 :
b101100011100 .
b11111111111111111111001011100011 <
b11111111111111111111111010011100 @
b11111111111000010010010110000000 ;
b1100001001001011 B
b11100010110101 "
b11100010110101 2
b11100010110101 8
b11111000011010 -
b11100010110101 3
b101011001010110 ,
b101100011100011 4
1!
b11111111111111111110101110011111 1
b11111111111111111111011010111011 /
b1111011010111011 #
b1111011010111011 0
b1111011010111011 C
b11111111111111101001110010000000 A
b1111101001110010 ?
b1100011111011001 E
b100110010001000111110 >
b111101001110100110 D
1)
#16332876
0'
0)
#16351394
0!
b11011010 +
1)
#16369912
1'
0)
#16388430
b1000111101101 =
b11111111111111111101111001110011 :
b101011001010 .
b11111111111111111110111100000110 <
b11111111111111111111111010100110 @
b11111111110111100111001100000000 ;
b1011110011100110 B
b11111000011010 "
b11111000011010 2
b11111000011010 8
b100001101001111 -
b11111000011010 3
b101001101011001 ,
b101011001010110 4
1!
b11111111111111111110100000011001 1
b11111111111111111111001011100011 /
b1111001011100011 #
b1111001011100011 0
b1111001011100011 C
b11111111111111101010011011000000 A
b1111101010011011 ?
b1100001001001011 E
b100011110110110110101 >
b111001010111110001 D
1)
#16406948
0'
0)
#16425466
0!
b11011011 +
1)
#16443984
1'
0)
#16462502
b1000010011110 =
b11111111111111111101101111011000 :
b101001101011 .
b11111111111111111110101100101000 <
b11111111111111111111111010110010 @
b11111111110110111101100010000000 ;
b1011011110110001 B
b100001101001111 "
b100001101001111 2
b100001101001111 8
b100100001001101 -
b100001101001111 3
b100111111101100 ,
b101001101011001 4
1!
b11111111111111111110010010011011 1
b11111111111111111110111100000110 /
b1110111100000110 #
b1110111100000110 0
b1110111100000110 C
b11111111111111101011001011000000 A
b1111101011001011 ?
b1011110011100110 E
b100001001111000110011 >
b110101001011010111 D
1)
#16481020
0'
0)
#16499538
0!
b11011100 +
1)
#16518056
1'
0)
#16536574
b111100110100 =
b11111111111111111101100101011001 :
b100111111101 .
b11111111111111111110011101001101 <
b11111111111111111111111011000000 @
b11111111110110010101100110000000 ;
b1011001010110011 B
b100100001001101 "
b100100001001101 2
b100100001001101 8
b100110100001110 -
b100100001001101 3
b100110000010001 ,
b100111111101100 4
1!
b11111111111111111110000100101011 1
b11111111111111111110101100101000 /
b1110101100101000 #
b1110101100101000 0
b1110101100101000 C
b11111111111111101100000010000000 A
b1111101100000010 ?
b1011011110110001 E
b11110011010010101000 >
b110000101010001000 D
1)
#16555092
0'
0)
#16573610
0!
b11011101 +
1)
#16592128
1'
0)
#16610646
b110110110010 =
b11111111111111111101011011111001 :
b100110000010 .
b11111111111111111110001101111010 <
b11111111111111111111111011001111 @
b11111111110101101111100100000000 ;
b1010110111110010 B
b100110100001110 "
b100110100001110 2
b100110100001110 8
b101000110001010 -
b100110100001110 3
b100011111001010 ,
b100110000010001 4
1!
b11111111111111111101110111001011 1
b11111111111111111110011101001101 /
b1110011101001101 #
b1110011101001101 0
b1110011101001101 C
b11111111111111101100111111000000 A
b1111101100111111 ?
b1011001010110011 E
b11011011001000100111 >
b101011110100111011 D
1)
#16629164
0'
0)
#16647682
0!
b11011110 +
1)
#16666200
1'
0)
#16684718
b110000010111 =
b11111111111111111101010010111011 :
b100011111001 .
b11111111111111111101111110110011 <
b11111111111111111111111011100001 @
b11111111110101001011101100000000 ;
b1010100101110110 B
b101000110001010 "
b101000110001010 2
b101000110001010 8
b101010110111011 -
b101000110001010 3
b100001100011010 ,
b100011111001010 4
1!
b11111111111111111101101010000001 1
b11111111111111111110001101111010 /
b1110001101111010 #
b1110001101111010 0
b1110001101111010 C
b11111111111111101110000100000000 A
b1111101110000100 ?
b1010110111110010 E
b11000001011111100001 >
b100110101100101101 D
1)
#16703236
0'
0)
#16721754
0!
b11011111 +
1)
#16740272
1'
0)
#16758790
b101001100111 =
b11111111111111111101001010100010 :
b100001100011 .
b11111111111111111101101111111100 <
b11111111111111111111111011110011 @
b11111111110100101010001010000000 ;
b1010010101000101 B
b101010110111011 "
b101010110111011 2
b101010110111011 8
b101100110011011 -
b101010110111011 3
b11111000000100 ,
b100001100011010 4
1!
b11111111111111111101011101010000 1
b11111111111111111101111110110011 /
b1101111110110011 #
b1101111110110011 0
b1101111110110011 C
b11111111111111101111001111000000 A
b1111101111001111 ?
b1010100101110110 E
b10100110011100101111 >
b100001010010100011 D
1)
#16777308
0'
0)
#16795826
0!
b11100000 +
1)
#16814344
1'
0)
#16832862
b100010100001 =
b11111111111111111101000010110010 :
b11111000000 .
b11111111111111111101100001011011 <
b11111111111111111111111100001000 @
b11111111110100001011001010000000 ;
b1010000101100101 B
b101100110011011 "
b101100110011011 2
b101100110011011 8
b101110100100011 -
b101100110011011 3
b11100010001011 ,
b11111000000100 4
1!
b11111111111111111101010000111100 1
b11111111111111111101101111111100 /
b1101101111111100 #
b1101101111111100 0
b1101101111111100 C
b11111111111111110000100000000000 A
b1111110000100000 ?
b1010010101000101 E
b10001010000110001000 >
b11011100111101000 D
1)
#16851380
0'
0)
#16869898
0!
b11100001 +
1)
#16888416
1'
0)
#16906934
b11011001000 =
b11111111111111111100111011101110 :
b11100010001 .
b11111111111111111101010011010100 <
b11111111111111111111111100011110 @
b11111111110011101110111010000000 ;
b1001110111011101 B
b101110100100011 "
b101110100100011 2
b101110100100011 8
b110000001001110 -
b101110100100011 3
b11001010110100 ,
b11100010001011 4
1!
b11111111111111111101000101001010 1
b11111111111111111101100001011011 /
b1101100001011011 #
b1101100001011011 0
b1101100001011011 C
b11111111111111110001111000000000 A
b1111110001111000 ?
b1010000101100101 E
b1101100100010000001 >
b10101101101001101 D
1)
#16925452
0'
0)
#16943970
0!
b11100010 +
1)
#16962488
1'
0)
#16981006
b10011011101 =
b11111111111111111100110101011001 :
b11001010110 .
b11111111111111111101000101101011 <
b11111111111111111111111100110101 @
b11111111110011010101100100000000 ;
b1001101010110010 B
b110000001001110 "
b110000001001110 2
b110000001001110 8
b110001100010110 -
b110000001001110 3
b10110010000011 ,
b11001010110100 4
1!
b11111111111111111100111001111110 1
b11111111111111111101010011010100 /
b1101010011010100 #
b1101010011010100 0
b1101010011010100 C
b11111111111111110011010101000000 A
b1111110011010101 ?
b1001110111011101 E
b1001101110111010010 >
b1111100100101010 D
1)
#16999524
0'
0)
#17018042
0!
b11100011 +
1)
#17036560
1'
0)
#17055078
b1011100011 =
b11111111111111111100101111110101 :
b10110010000 .
b11111111111111111100111000100110 <
b11111111111111111111111101001110 @
b11111111110010111111010100000000 ;
b1001011111101010 B
b110001100010110 "
b110001100010110 2
b110001100010110 8
b110010101110101 -
b110001100010110 3
b10010111111110 ,
b10110010000011 4
1!
b11111111111111111100101111011011 1
b11111111111111111101000101101011 /
b1101000101101011 #
b1101000101101011 0
b1101000101101011 C
b11111111111111110100111000000000 A
b1111110100111000 ?
b1001101010110010 E
b101110001101001100 >
b1001001111011100 D
1)
#17073596
0'
0)
#17092114
0!
b11100100 +
1)
#17110632
1'
0)
#17129150
b11011010 =
b11111111111111111100101011000101 :
b10010111111 .
b11111111111111111100101100000111 <
b11111111111111111111111101101000 @
b11111111110010101100010110000000 ;
b1001010110001011 B
b110010101110101 "
b110010101110101 2
b110010101110101 8
b110011101100111 -
b110010101110101 3
b1111100101010 ,
b10010111111110 4
1!
b11111111111111111100100101100111 1
b11111111111111111100111000100110 /
b1100111000100110 #
b1100111000100110 0
b1100111000100110 C
b11111111111111110110100001000000 A
b1111110110100001 ?
b1001011111101010 E
b1101101011011110 >
b10101111000110 D
1)
#17147668
0'
0)
#17166186
0!
b11100101 +
1)
#17184704
1'
0)
#17203222
b11111111111111111111111011000110 =
b11111111111111111100100111001100 :
b1111100101 .
b11111111111111111100100000010101 <
b11111111111111111111111110000011 @
b11111111110010011100110010000000 ;
b1001001110011001 B
b110011101100111 "
b110011101100111 2
b110011101100111 8
b110100011100111 -
b110011101100111 3
b1100000001110 ,
b1111100101010 4
1!
b11111111111111111100011100100010 1
b11111111111111111100101100000111 /
b1100101100000111 #
b1100101100000111 0
b1100101100000111 C
b11111111111111111000001110000000 A
b1111111000001110 ?
b1001010110001011 E
b111111111111111111111111111111101100011010010101 >
b11111111111111111100000101010001 D
1)
#17221740
0'
0)
#17240258
0!
b11100110 +
1)
#17258776
1'
0)
#17277294
b11111111111111111111110010101000 =
b11111111111111111100100100001100 :
b1100000001 .
b11111111111111111100010101010100 <
b11111111111111111111111110100000 @
b11111111110010010000110010000000 ;
b1001001000011001 B
b110100011100111 "
b110100011100111 2
b110100011100111 8
b110100111110010 -
b110100011100111 3
b1000010110000 ,
b1100000001110 4
1!
b11111111111111111100010100010100 1
b11111111111111111100100000010101 /
b1100100000010101 #
b1100100000010101 0
b1100100000010101 C
b11111111111111111010000000000000 A
b1111111010000000 ?
b1001001110011001 E
b111111111111111111111111111111001010100010010010 >
b11111111111111110101010011101010 D
1)
#17295812
0'
0)
#17314330
0!
b11100111 +
1)
#17332848
1'
0)
#17351366
b11111111111111111111101010000011 =
b11111111111111111100100010000111 :
b1000010110 .
b11111111111111111100001011000111 <
b11111111111111111111111110111101 @
b11111111110010001000011100000000 ;
b1001000100001110 B
b110100111110010 "
b110100111110010 2
b110100111110010 8
b110101010000011 -
b110100111110010 3
b100100010111 ,
b1000010110000 4
1!
b11111111111111111100001100111110 1
b11111111111111111100010101010100 /
b1100010101010100 #
b1100010101010100 0
b1100010101010100 C
b11111111111111111011110101000000 A
b1111111011110101 ?
b1001001000011001 E
b111111111111111111111111111110101000001100001111 >
b11111111111111101110011100000011 D
1)
#17369884
0'
0)
#17388402
0!
b11101000 +
1)
#17406920
1'
0)
#17425438
b11111111111111111111100001011000 =
b11111111111111111100100000111110 :
b100100010 .
b11111111111111111100000001110001 <
b11111111111111111111111111011011 @
b11111111110010000011111010000000 ;
b1001000001111101 B
b110101010000011 "
b110101010000011 2
b110101010000011 8
b110101010010111 -
b110101010000011 3
b101001011 ,
b100100010111 4
1!
b11111111111111111100000110100101 1
b11111111111111111100001011000111 /
b1100001011000111 #
b1100001011000111 0
b1100001011000111 C
b11111111111111111101101111000000 A
b1111111101101111 ?
b1001000100001110 E
b111111111111111111111111111110000101100001010101 >
b11111111111111100111100000010001 D
1)
#17443956
0'
0)
#17462474
0!
b11101001 +
1)
#17480992
1'
0)
#17499510
b11111111111111111111011000101010 =
b11111111111111111100100000110100 :
b101001 .
b11111111111111111011111001011001 <
b11111111111111111111111111111011 @
b11111111110010000011010010000000 ;
b1001000001101001 B
b110101010010111 "
b110101010010111 2
b110101010010111 8
b110101000101100 -
b110101010010111 3
b11111111111111111111100101010100 ,
b101001011 4
1!
b11111111111111111100000001001000 1
b11111111111111111100000001110001 /
b1100000001110001 #
b1100000001110001 0
b1100000001110001 C
b11111111111111111111101100000000 A
b1111111111101100 ?
b1001000001111101 E
b111111111111111111111111111101100010101011000110 >
b11111111111111100000100010001110 D
1)
#17518028
0'
0)
#17536546
0!
b11101010 +
1)
#17555064
1'
0)
#17573582
b11111111111111111111001111111100 =
b11111111111111111100100001101010 :
b11111111111111111111111100101010 .
b11111111111111111011110010000000 <
b11010 @
b11111111110010000110101000000000 ;
b1001000011010100 B
b110101000101100 "
b110101000101100 2
b110101000101100 8
b110100100111111 -
b110101000101100 3
b11111111111111111111000100111001 ,
b11111111111111111111100101010100 4
1!
b11111111111111111011111100101111 1
b11111111111111111011111001011001 /
b1011111001011001 #
b1011111001011001 0
b1011111001011001 C
b1101011000000 A
b1101011 ?
b1001000001101001 E
b111111111111111111111111111100111111110011010011 >
b11111111111111011001100011110111 D
1)
#17592100
0'
0)
#17610618
0!
b11101011 +
1)
#17629136
1'
0)
#17647654
b11111111111111111111000111010000 =
b11111111111111111100100011100000 :
b11111111111111111111111000100111 .
b11111111111111111011101011101011 <
b111011 @
b11111111110010001110000010000000 ;
b1001000111000001 B
b110100100111111 "
b110100100111111 2
b110100100111111 8
b110011111001111 -
b110100100111111 3
b11111111111111111110100100000100 ,
b11111111111111111111000100111001 4
1!
b11111111111111111011111001011001 1
b11111111111111111011110010000000 /
b1011110010000000 #
b1011110010000000 0
b1011110010000000 C
b11101101000000 A
b11101101 ?
b1001000011010100 E
b111111111111111111111111111100011101000011110111 >
b11111111111111010010100111001011 D
1)
#17666172
0'
0)
#17684690
0!
b11101100 +
1)
#17703208
1'
0)
#17721726
b11111111111111111110111110101001 =
b11111111111111111100100110011000 :
b11111111111111111111110100100000 .
b11111111111111111011100110011101 <
b1011100 @
b11111111110010011001100010000000 ;
b1001001100110001 B
b110011111001111 "
b110011111001111 2
b110011111001111 8
b110010111011010 -
b110011111001111 3
b11111111111111111110000010111101 ,
b11111111111111111110100100000100 4
1!
b11111111111111111011110111001011 1
b11111111111111111011101011101011 /
b1011101011101011 #
b1011101011101011 0
b1011101011101011 C
b101110000000000 A
b101110000 ?
b1001000111000001 E
b111111111111111111111111111011111010100110111100 >
b11111111111111001011101110001100 D
1)
#17740244
0'
0)
#17758762
0!
b11101101 +
1)
#17777280
1'
0)
#17795798
b11111111111111111110110110001001 =
b11111111111111111100101010010011 :
b11111111111111111111110000010111 .
b11111111111111111011100010011001 <
b1111101 @
b11111111110010101001001100000000 ;
b1001010100100110 B
b110010111011010 "
b110010111011010 2
b110010111011010 8
b110001101100000 -
b110010111011010 3
b11111111111111111101100001101101 ,
b11111111111111111110000010111101 4
1!
b11111111111111111011110110000110 1
b11111111111111111011100110011101 /
b1011100110011101 #
b1011100110011101 0
b1011100110011101 C
b111110101000000 A
b111110101 ?
b1001001100110001 E
b111111111111111111111111111011011000100110110001 >
b11111111111111000100111010111101 D
1)
#17814316
0'
0)
#17832834
0!
b11101110 +
1)
#17851352
1'
0)
#17869870
b11111111111111111110101101110011 =
b11111111111111111100101111010000 :
b11111111111111111111101100001101 .
b11111111111111111011011111100001 <
b10011110 @
b11111111110010111101000000000000 ;
b1001011110100000 B
b110001101100000 "
b110001101100000 2
b110001101100000 8
b110000001100001 -
b110001101100000 3
b11111111111111111101000000011110 ,
b11111111111111111101100001101101 4
1!
b11111111111111111011110110001100 1
b11111111111111111011100010011001 /
b1011100010011001 #
b1011100010011001 0
b1011100010011001 C
b1001111010000000 A
b1001111010 ?
b1001010100100110 E
b111111111111111111111111111010110111001101101111 >
b11111111111110111110001111100011 D
1)
#17888388
0'
0)
#17906906
0!
b11101111 +
1)
#17925424
1'
0)
#17943942
b11111111111111111110100101101001 =
b11111111111111111100110101001111 :
b11111111111111111111101000000011 .
b11111111111111111011011101110111 <
b10111111 @
b11111111110011010100111110000000 ;
b1001101010011111 B
b110000001100001 "
b110000001100001 2
b110000001100001 8
b101110011011110 -
b110000001100001 3
b11111111111111111100011111011001 ,
b11111111111111111101000000011110 4
1!
b11111111111111111011110111011110 1
b11111111111111111011011111100001 /
b1011011111100001 #
b1011011111100001 0
b1011011111100001 C
b1011111111000000 A
b1011111111 ?
b1001011110100000 E
b111111111111111111111111111010010110100110001111 >
b11111111111110110111101110000011 D
1)
#17962460
0'
0)
#17980978
0!
b111111111 @
b11111111111111111011101100110111 <
b11111111111111111100111111001111 :
b11111111111000000 A
b11111111111 ?
b11111111110011111100111110000000 ;
b1001111110011111 B
b0 (
b0 9
b11110000 +
1)
#17999496
1'
0)
#18018014
b11111111111111111110011110000111 =
b11111111111111111101000110010001 :
b11111111111111111111100011111011 .
b11111111111111111011100111111000 <
b11100000 @
b11111111110100011001000100000000 ;
b1010001100100010 B
b101110011011110 "
b101110011011110 2
b101110011011110 8
b101100011100000 -
b101110011011110 3
b11111111111111111100000000100000 ,
b11111111111111111100011111011001 4
1!
b11111111111111111100001000111100 1
b11111111111111111011101100110111 /
b1011101100110111 #
b1011101100110111 0
b1011101100110111 C
b1110000011000000 A
b1110000011 ?
b1001111110011111 E
b111111111111111111111111111001111000011110101010 >
b11111111111110110001101100100010 D
1)
#18036532
0'
0)
#18055050
0!
b11110001 +
1)
#18073568
1'
0)
#18092086
b11111111111111111110010110110111 =
b11111111111111111101001110010000 :
b11111111111111111111100000000100 .
b11111111111111111011101001000110 <
b11111111 @
b11111111110100111001000000000000 ;
b1010011100100000 B
b101100011100000 "
b101100011100000 2
b101100011100000 8
b101010001100101 -
b101100011100000 3
b11111111111111111011100001011110 ,
b11111111111111111100000000100000 4
1!
b11111111111111111100000111110100 1
b11111111111111111011100111111000 /
b1011100111111000 #
b1011100111111000 0
b1011100111111000 C
b1111111110000000 A
b1111111110 ?
b1010001100100010 E
b111111111111111111111111111001011011011101010100 >
b11111111111110101011111001000100 D
1)
#18110604
0'
0)
#18129122
0!
b11110010 +
1)
#18147640
1'
0)
#18166158
b11111111111111111110001111111010 =
b11111111111111111101010111001101 :
b11111111111111111111011100001011 .
b11111111111111111011101011100101 <
b100011110 @
b11111111110101011100110110000000 ;
b1010101110011011 B
b101010001100101 "
b101010001100101 2
b101010001100101 8
b100111101110001 -
b101010001100101 3
b11111111111111111011000011000101 ,
b11111111111111111011100001011110 4
1!
b11111111111111111100001100111011 1
b11111111111111111011101001000110 /
b1011101001000110 #
b1011101001000110 0
b1011101001000110 C
b10001111011000000 A
b10001111011 ?
b1010011100100000 E
b111111111111111111111111111000111111101011110100 >
b11111111111110100110010101100100 D
1)
#18184676
0'
0)
#18203194
0!
b11110011 +
1)
#18221712
1'
0)
#18240230
b11111111111111111110001001010100 =
b11111111111111111101100001000111 :
b11111111111111111111011000011000 .
b11111111111111111011101111011000 <
b100111101 @
b11111111110110000100011110000000 ;
b1011000010001111 B
b100111101110001 "
b100111101110001 2
b100111101110001 8
b100101000000110 -
b100111101110001 3
b11111111111111111010100101011110 ,
b11111111111111111011000011000101 4
1!
b11111111111111111100010011001101 1
b11111111111111111011101011100101 /
b1011101011100101 #
b1011101011100101 0
b1011101011100101 C
b10011110100000000 A
b10011110100 ?
b1010101110011011 E
b111111111111111111111111111000100101010011111011 >
b11111111111110100001000011111111 D
1)
#18258748
0'
0)
#18277266
0!
b11110100 +
1)
#18295784
1'
0)
#18314302
b11111111111111111110000011000111 =
b11111111111111111101101011111101 :
b11111111111111111111010100101011 .
b11111111111111111011110100011110 <
b101011010 @
b11111111110110101111110100000000 ;
b1011010111111010 B
b100101000000110 "
b100101000000110 2
b100101000000110 8
b100010000101001 -
b100101000000110 3
b11111111111111111010001000110011 ,
b11111111111111111010100101011110 4
1!
b11111111111111111100011010101101 1
b11111111111111111011101111011000 /
b1011101111011000 #
b1011101111011000 0
b1011101111011000 C
b10101101011000000 A
b10101101011 ?
b1011000010001111 E
b111111111111111111111111111000001100011111000110 >
b11111111111110011100000110001110 D
1)
#18332820
0'
0)
#18351338
0!
b11110101 +
1)
#18369856
1'
0)
#18388374
b11111111111111111101111101010101 =
b11111111111111111101110111101011 :
b11111111111111111111010001000110 .
b11111111111111111011111010110111 <
b101110111 @
b11111111110111011110101110000000 ;
b1011101111010111 B
b100010000101001 "
b100010000101001 2
b100010000101001 8
b11110111011101 -
b100010000101001 3
b11111111111111111001101101001110 ,
b11111111111111111010001000110011 4
1!
b11111111111111111100100011011000 1
b11111111111111111011110100011110 /
b1011110100011110 #
b1011110100011110 0
b1011110100011110 C
b10111011101000000 A
b10111011101 ?
b1011010111111010 E
b111111111111111111111111110111110101010110101000 >
b11111111111110010111011110001000 D
1)
#18406892
0'
0)
#18425410
0!
b11110110 +
1)
#18443928
1'
0)
#18462446
b11111111111111111101111000000000 =
b11111111111111111110000100010001 :
b11111111111111111111001101101001 .
b11111111111111111100000010100100 <
b110010011 @
b11111111111000010001000110000000 ;
b1100001000100011 B
b11110111011101 "
b11110111011101 2
b11110111011101 8
b11011100101000 -
b11110111011101 3
b11111111111111111001010010110111 ,
b11111111111111111001101101001110 4
1!
b11111111111111111100101101001110 1
b11111111111111111011111010110111 /
b1011111010110111 #
b1011111010110111 0
b1011111010110111 C
b11001001100000000 A
b11001001100 ?
b1011101111010111 E
b111111111111111111111111110111100000000011011011 >
b11111111111110010011001101011111 D
1)
#18480964
0'
0)
#18499482
0!
b11110111 +
1)
#18518000
1'
0)
#18536518
b11111111111111111101110011001011 =
b11111111111111111110010001101100 :
b11111111111111111111001010010110 .
b11111111111111111100001011100100 <
b110101101 @
b11111111111001000110110000000000 ;
b1100100011011000 B
b11011100101000 "
b11011100101000 2
b11011100101000 8
b11000000001111 -
b11011100101000 3
b11111111111111111000111001111000 ,
b11111111111111111001010010110111 4
1!
b11111111111111111100111000001110 1
b11111111111111111100000010100100 /
b1100000010100100 #
b1100000010100100 0
b1100000010100100 C
b11010110101000000 A
b11010110101 ?
b1100001000100011 E
b111111111111111111111111110111001100101110001010 >
b11111111111110001111010110000010 D
1)
#18555036
0'
0)
#18573554
0!
b11111000 +
1)
#18592072
1'
0)
#18610590
b11111111111111111101101110110111 =
b11111111111111111110011111111000 :
b11111111111111111111000111001111 .
b11111111111111111100010101110101 <
b111000110 @
b11111111111001111111100010000000 ;
b1100111111110001 B
b11000000001111 "
b11000000001111 2
b11000000001111 8
b10100010011000 -
b11000000001111 3
b11111111111111111000100010011010 ,
b11111111111111111000111001111000 4
1!
b11111111111111111101000100010101 1
b11111111111111111100001011100100 /
b1100001011100100 #
b1100001011100100 0
b1100001011100100 C
b11100011001000000 A
b11100011001 ?
b1100100011011000 E
b111111111111111111111111110110111011011111000010 >
b11111111111110001011111001011010 D
1)
#18629108
0'
0)
#18647626
0!
b11111001 +
1)
#18666144
1'
0)
#18684662
b11111111111111111101101011000111 =
b11111111111111111110101110110100 :
b11111111111111111111000100010011 .
b11111111111111111100100001011000 <
b111011101 @
b11111111111010111011010000000000 ;
b1101011101101000 B
b10100010011000 "
b10100010011000 2
b10100010011000 8
b10000011001010 -
b10100010011000 3
b11111111111111111000001100100110 ,
b11111111111111111000100010011010 4
1!
b11111111111111111101010001100010 1
b11111111111111111100010101110101 /
b1100010101110101 #
b1100010101110101 0
b1100010101110101 C
b11101110111000000 A
b11101110111 ?
b1100111111110001 E
b111111111111111111111111110110101100011101110111 >
b11111111111110001000111001001011 D
1)
#18703180
0'
0)
#18721698
0!
b11111010 +
1)
#18740216
1'
0)
#18758734
b11111111111111111101100111111100 =
b11111111111111111110111110011011 :
b11111111111111111111000001100100 .
b11111111111111111100101110001010 <
b111110011 @
b11111111111011111001101100000000 ;
b1101111100110110 B
b10000011001010 "
b10000011001010 2
b10000011001010 8
b1100010101100 -
b10000011001010 3
b11111111111111110111111000100100 ,
b11111111111111111000001100100110 4
1!
b11111111111111111101011111110100 1
b11111111111111111100100001011000 /
b1100100001011000 #
b1100100001011000 0
b1100100001011000 C
b11111001110000000 A
b11111001110 ?
b1101011101101000 E
b111111111111111111111111110110011111110001111111 >
b11111111111110000110010110110011 D
1)
#18777252
0'
0)
#18795770
0!
b11111011 +
1)
#18814288
1'
0)
#18832806
b11111111111111111101100101011000 =
b11111111111111111111001110101010 :
b11111111111111111110111111000100 .
b11111111111111111100111100001001 <
b1000000111 @
b11111111111100111010101000000000 ;
b1110011101010100 B
b1100010101100 "
b1100010101100 2
b1100010101100 8
b1000001000101 -
b1100010101100 3
b11111111111111110111100110011100 ,
b11111111111111110111111000100100 4
1!
b11111111111111111101101111000110 1
b11111111111111111100101110001010 /
b1100101110001010 #
b1100101110001010 0
b1100101110001010 C
b100000011110000000 A
b100000011110 ?
b1101111100110110 E
b111111111111111111111111110110010101100010001101 >
b11111111111110000100010011101001 D
1)
#18851324
0'
0)
#18869842
0!
b11111100 +
1)
#18888360
1'
0)
#18906878
b11111111111111111101100011011101 =
b11111111111111111111011111011101 :
b11111111111111111110111100110011 .
b11111111111111111101001011010011 <
b1000011001 @
b11111111111101111101110110000000 ;
b1110111110111011 B
b1000001000101 "
b1000001000101 2
b1000001000101 8
b11110011110 -
b1000001000101 3
b11111111111111110111010110010110 ,
b11111111111111110111100110011100 4
1!
b11111111111111111101111111010110 1
b11111111111111111100111100001001 /
b1100111100001001 #
b1100111100001001 0
b1100111100001001 C
b100001100111000000 A
b100001100111 ?
b1110011101010100 E
b111111111111111111111111110110001101110100110001 >
b11111111111110000010110000111101 D
1)
#18925396
0'
0)
#18943914
0!
b11111101 +
1)
#18962432
1'
0)
#18980950
b11111111111111111101100010001011 =
b11111111111111111111110000110001 :
b11111111111111111110111010110010 .
b11111111111111111101011011100101 <
b1000101001 @
b11111111111111000011000100000000 ;
b1111100001100010 B
b11110011110 "
b11110011110 2
b11110011110 8
b11111111111111111111111010111111 -
b11110011110 3
b11111111111111110111001000011010 ,
b11111111111111110111010110010110 4
1!
b11111111111111111110010000100001 1
b11111111111111111101001011010011 /
b1101001011010011 #
b1101001011010011 0
b1101001011010011 C
b100010100111000000 A
b100010100111 ?
b1110111110111011 E
b111111111111111111111111110110001000101111011000 >
b11111111111110000001101111111000 D
1)
#18999468
0'
0)
#19017986
0!
b11111110 +
1)
#19036504
1'
0)
#19055022
b11111111111111111101100001100101 =
b10100000 :
b11111111111111111110111001000011 .
b11111111111111111101101100111100 <
b1000110111 @
b1010000010000000 ;
b101000001 B
b1111111010111111 "
b1111111010111111 2
b1111111010111111 8
b11111111111111111111010110110001 -
b11111111111111111111111010111111 3
b11111111111111110110111100101110 ,
b11111111111111110111001000011010 4
1!
b11111111111111111110100010100010 1
b11111111111111111101011011100101 /
b1101011011100101 #
b1101011011100101 0
b1101011011100101 C
b100011011111000000 A
b100011011111 ?
b1111100001100010 E
b111111111111111111111111110110000110010111000010 >
b11111111111110000001010001011010 D
1)
#19073540
0'
0)
#19092058
0!
b11111111 +
1)
#19110576
1'
0)
#19129094
b11111111111111111101100001101100 =
b10100100111 :
b11111111111111111110110111100101 .
b11111111111111111101111111010110 <
b1001000011 @
b1010010011110000000 ;
b101001001111 B
b1111010110110001 "
b1111010110110001 2
b1111010110110001 8
b11111111111111111110110001111110 -
b11111111111111111111010110110001 3
b11111111111111110110110011011000 ,
b11111111111111110110111100101110 4
1!
b11111111111111111110110101010111 1
b11111111111111111101101100111100 /
b1101101100111100 #
b1101101100111100 0
b1101101100111100 C
b100100001110000000 A
b100100001110 ?
b101000001 E
b111111111111111111111111110110000110110000000111 >
b11111111111110000001010110011011 D
1)
#19147612
0'
0)
#19166130
0!
b100000000 +
1)
#19184648
1'
0)
#19203166
b11111111111111111101100010011111 =
b100111000001 :
b11111111111111111110110110011011 .
b11111111111111111110010010101100 <
b1001001100 @
b10011100000100000000 ;
b1001110000010 B
b1110110001111110 "
b1110110001111110 2
b1110110001111110 8
b11111111111111111110001100101111 -
b11111111111111111110110001111110 3
b11111111111111110110101100011111 ,
b11111111111111110110110011011000 4
1!
b11111111111111111111001000111011 1
b11111111111111111101111111010110 /
b1101111111010110 #
b1101111111010110 0
b1101111111010110 C
b100100110011000000 A
b100100110011 ?
b101001001111 E
b111111111111111111111111110110001001111110010010 >
b11111111111110000001111111101010 D
1)
#19221684
0'
0)
#19240202
0!
b100000001 +
1)
#19258720
1'
0)
#19277238
b11111111111111111101100100000001 =
b111001101000 :
b11111111111111111110110101100011 .
b11111111111111111110100110111100 <
b1001010011 @
b11100110100010000000 ;
b1110011010001 B
b1110001100101111 "
b1110001100101111 2
b1110001100101111 8
b11111111111111111101100111001111 -
b11111111111111111110001100101111 3
b11111111111111110110101000001000 ,
b11111111111111110110101100011111 4
1!
b11111111111111111111011101001001 1
b11111111111111111110010010101100 /
b1110010010101100 #
b1110010010101100 0
b1110010010101100 C
b100101001111000000 A
b100101001111 ?
b1001110000010 E
b111111111111111111111111110110010000000100011100 >
b11111111111110000011001101101100 D
1)
#19295756
0'
0)
#19314274
0!
b100000010 +
1)
#19332792
1'
0)
#19351310
b11111111111111111101100110010001 =
b1001100011000 :
b11111111111111111110110101000001 .
b11111111111111111110111100000001 <
b1001011000 @
b100110001100010000000 ;
b10011000110001 B
b1101100111001111 "
b1101100111001111 2
b1101100111001111 8
b11111111111111111101000001101000 -
b11111111111111111101100111001111 3
b11111111111111110110100110010111 ,
b11111111111111110110101000001000 4
1!
b11111111111111111111110001111011 1
b11111111111111111110100110111100 /
b1110100110111100 #
b1110100110111100 0
b1110100110111100 C
b100101100000000000 A
b100101100000 ?
b1110011010001 E
b111111111111111111111111110110011001000100110001 >
b11111111111110000101000000111101 D
1)
#19369828
0'
0)
#19388346
0!
b100000011 +
1)
#19406864
1'
0)
#19425382
b11111111111111111101101001010000 =
b1011111001100 :
b11111111111111111110110100110010 .
b11111111111111111111010001110101 <
b1001011001 @
b101111100110000000000 ;
b10111110011000 B
b1101000001101000 "
b1101000001101000 2
b1101000001101000 8
b11111111111111111100011100000101 -
b11111111111111111101000001101000 3
b11111111111111110110100111010000 ,
b11111111111111110110100110010111 4
1!
b111001111 1
b11111111111111111110111100000001 /
b1110111100000001 #
b1110111100000001 0
b1110111100000001 C
b100101100111000000 A
b100101100111 ?
b10011000110001 E
b111111111111111111111111110110100101000000100110 >
b11111111111110000111011001101110 D
1)
#19443900
0'
0)
#19462418
0!
b100000100 +
1)
#19480936
1'
0)
#19499454
b11111111111111111101101100111110 =
b1110001111101 :
b11111111111111111110110100111010 .
b11111111111111111111101000010011 <
b1001011000 @
b111000111110110000000 ;
b11100011111011 B
b1100011100000101 "
b1100011100000101 2
b1100011100000101 8
b11111111111111111011110110110000 -
b11111111111111111100011100000101 3
b11111111111111110110101010110111 ,
b11111111111111110110100111010000 4
1!
b11100111011 1
b11111111111111111111010001110101 /
b1111010001110101 #
b1111010001110101 0
b1111010001110101 C
b100101100011000000 A
b100101100011 ?
b10111110011000 E
b111111111111111111111111110110110011111000011110 >
b11111111111110001010011000000110 D
1)
#19517972
0'
0)
#19536490
0!
b100000101 +
1)
#19555008
1'
0)
#19573526
b11111111111111111101110001011011 =
b10000100101000 :
b11111111111111111110110101010110 .
b11111111111111111111111111011000 <
b1001010101 @
b1000010010100000000000 ;
b100001001010000 B
b1011110110110000 "
b1011110110110000 2
b1011110110110000 8
b11111111111111111011010001110100 -
b11111111111111111011110110110000 3
b11111111111111110110110001001110 ,
b11111111111111110110101010110111 4
1!
b110010111101 1
b11111111111111111111101000010011 /
b1111101000010011 #
b1111101000010011 0
b1111101000010011 C
b100101010101000000 A
b100101010101 ?
b11100011111011 E
b111111111111111111111111110111000101101100000101 >
b11111111111110001101111100000001 D
1)
#19592044
0'
0)
#19610562
0!
b100000110 +
1)
#19629080
1'
0)
#19647598
b11111111111111111101110110100110 =
b10010111000110 :
b11111111111111111110110110001001 .
b10110111011 <
b1001001111 @
b1001011100011000000000 ;
b100101110001100 B
b1011010001110100 "
b1011010001110100 2
b1011010001110100 8
b11111111111111111010101101011101 -
b11111111111111111011010001110100 3
b11111111111111110110111010010111 ,
b11111111111111110110110001001110 4
1!
b1001001001111 1
b11111111111111111111111111011000 /
b1111111111011000 #
b1111111111011000 0
b1111111111011000 C
b100100111100000000 A
b100100111100 ?
b100001001010000 E
b111111111111111111111111110111011010011010010101 >
b11111111111110010010000101010001 D
1)
#19666116
0'
0)
#19684634
0!
b100000111 +
1)
#19703152
1'
0)
#19721670
b11111111111111111101111100100000 =
b10101001010001 :
b11111111111111111110110111010010 .
b101110110110 <
b1001000101 @
b1010100101000110000000 ;
b101010010100011 B
b1010101101011101 "
b1010101101011101 2
b1010101101011101 8
b11111111111111111010001001110110 -
b11111111111111111010101101011101 3
b11111111111111110111000110010100 ,
b11111111111111110110111010010111 4
1!
b1011111101001 1
b10110111011 /
b10110111011 #
b10110111011 0
b10110111011 C
b100100010111000000 A
b100100010111 ?
b100101110001100 E
b111111111111111111111111110111110010000001010001 >
b11111111111110010110110011011101 D
1)
#19740188
0'
0)
#19758706
0!
b100001000 +
1)
#19777224
1'
0)
#19795742
b11111111111111111110000011000111 =
b10111011000101 :
b11111111111111111110111000110010 .
b1000111000101 <
b1000111001 @
b1011101100010100000000 ;
b101110110001010 B
b1010001001110110 "
b1010001001110110 2
b1010001001110110 8
b11111111111111111001100111001010 -
b11111111111111111010001001110110 3
b11111111111111110111010101000100 ,
b11111111111111110111000110010100 4
1!
b1110110000100 1
b101110110110 /
b101110110110 #
b101110110110 0
b101110110110 C
b100011100111000000 A
b100011100111 ?
b101010010100011 E
b111111111111111111111111111000001100011110000000 >
b11111111111110011100000110000000 D
1)
#19814260
0'
0)
#19832778
0!
b100001001 +
1)
#19851296
1'
0)
#19869814
b11111111111111111110001010011011 =
b11001100011011 :
b11111111111111111110111010101000 .
b1011111100001 <
b1000101011 @
b1100110001101100000000 ;
b110011000110110 B
b1001100111001010 "
b1001100111001010 2
b1001100111001010 8
b11111111111111111001000101100100 -
b11111111111111111001100111001010 3
b11111111111111110111100110100111 ,
b11111111111111110111010101000100 4
1!
b10001100011101 1
b1000111000101 /
b1000111000101 #
b1000111000101 0
b1000111000101 C
b100010101100000000 A
b100010101100 ?
b101110110001010 E
b111111111111111111111111111000101001101100110010 >
b11111111111110100001111100001010 D
1)
#19888332
0'
0)
#19906850
0!
b100001010 +
1)
#19925368
1'
0)
#19943886
b11111111111111111110010010011010 =
b11011101001110 :
b11111111111111111110111100110100 .
b1111000000001 <
b1000011001 @
b1101110100111000000000 ;
b110111010011100 B
b1001000101100100 "
b1001000101100100 2
b1001000101100100 8
b11111111111111111000100101001111 -
b11111111111111111001000101100100 3
b11111111111111110111111010111100 ,
b11111111111111110111100110100111 4
1!
b10100010101101 1
b1011111100001 /
b1011111100001 #
b1011111100001 0
b1011111100001 C
b100001100110000000 A
b100001100110 ?
b110011000110110 E
b111111111111111111111111111001001001101001000000 >
b11111111111110101000010101000000 D
1)
#19962404
0'
0)
#19980922
0!
b100001011 +
1)
#19999440
1'
0)
#20017958
b11111111111111111110011011000011 =
b11101101011000 :
b11111111111111111110111111010111 .
b10010000100000 <
b1000000101 @
b1110110101100010000000 ;
b111011010110001 B
b1000100101001111 "
b1000100101001111 2
b1000100101001111 8
b11111111111111111000000110010111 -
b11111111111111111000100101001111 3
b11111111111111111000010010000001 ,
b11111111111111110111111010111100 4
1!
b10111000101010 1
b1111000000001 /
b1111000000001 #
b1111000000001 0
b1111000000001 C
b100000010101000000 A
b100000010101 ?
b110111010011100 E
b111111111111111111111111111001101100001101001100 >
b11111111111110101111001111011100 D
1)
#20036476
0'
0)
#20054994
0!
b100001100 +
1)
#20073512
1'
0)
#20092030
b11111111111111111110100100010100 =
b11111100110100 :
b11111111111111111111000010010000 .
b10101000110110 <
b111101110 @
b1111110011010010000000 ;
b111111001101001 B
b1000000110010111 "
b1000000110010111 2
b1000000110010111 8
b11111111111111110111101001000110 -
b11111111111111111000000110010111 3
b11111111111111111000101011110011 ,
b11111111111111111000010010000001 4
1!
b11001110010000 1
b10010000100000 /
b10010000100000 #
b10010000100000 0
b10010000100000 C
b11110111000000000 A
b11110111000 ?
b111011010110001 E
b111111111111111111111111111010010001010011000001 >
b11111111111110110110101010001101 D
1)
#20110548
0'
0)
#20129066
0!
b100001101 +
1)
#20147584
1'
0)
#20166102
b11111111111111111110101110001100 =
b11111111111111111100000000000000 :
b11111111111111111111000101011110 .
b11111111111111111010101111110001 <
b1100101 @
b11111111110000000000000000000000 ;
b1000000000000000 B
b1000000000000000 "
b1000000000000000 2
b1000000000000000 8
b11111111111111110111001101100110 -
b11111111111111110111101001000110 3
b11111111111111111001001000001110 ,
b11111111111111111000101011110011 4
1!
b11100011011000 1
b10101000110110 /
b10101000110110 #
b10101000110110 0
b10101000110110 C
b110010111000000 A
b110010111 ?
b111111001101001 E
b111111111111111111111111111010111000110011001110 >
b11111111111110111110100011110110 D
1)
#20184620
0'
0)
#20203138
0!
b100001110 +
1)
#20221656
1'
0)
#20240174
b11111111111111111110100100001100 =
b11111111111111111111001001000001 .
b11111111111111111010100100001100 <
b0 @
b11111111111111110110101111111010 -
b11111111111111110111001101100110 3
b11111111111111111000100101000100 ,
b11111111111111111001001000001110 4
1!
b11111111111111111011100110110000 1
b11111111111111111010101111110001 /
b1010101111110001 #
b1010101111110001 0
b1010101111110001 C
b0 A
b0 ?
b1000000000000000 E
b111111111111111111111111111010010000110011001110 >
b11111111111110110110100011110110 D
1)
#20258692
0'
0)
#20277210
0!
b100001111 +
1)
#20295728
1'
0)
#20314246
b11111111111111111010011010001100 <
b11111111111111111110011010001100 =
b11111111111111111111000100101000 .
b11111111111111110110001111111110 -
b11111111111111110110101111111010 3
b11111111111111111000000001000000 ,
b11111111111111111000100101000100 4
1!
b11111111111111111011011111100100 1
b11111111111111111010100100001100 /
b1010100100001100 #
b1010100100001100 0
b1010100100001100 C
b111111111111111111111111111001101000110011001110 >
b11111111111110101110100011110110 D
1)
#20332764
0'
0)
#20351282
0!
b100010000 +
1)
#20369800
1'
0)
#20388318
b11111111111111111010010000001100 <
b11111111111111111110010000001100 =
b11111111111111111111000000001000 .
b11111111111111110101101101101111 -
b11111111111111110110001111111110 3
b11111111111111110111011100010000 ,
b11111111111111111000000001000000 4
1!
b11111111111111111011011010000100 1
b11111111111111111010011010001100 /
b1010011010001100 #
b1010011010001100 0
b1010011010001100 C
b111111111111111111111111111001000000110011001110 >
b11111111111110100110100011110110 D
1)
#20406836
0'
0)
#20425354
0!
b100010001 +
1)
#20443872
1'
0)
#20462390
b11111111111111111010000110001100 <
b11111111111111111110000110001100 =
b11111111111111111110111011100010 .
b11111111111111110101001001001010 -
b11111111111111110101101101101111 3
b11111111111111110110110110110101 ,
b11111111111111110111011100010000 4
1!
b11111111111111111011010100101010 1
b11111111111111111010010000001100 /
b1010010000001100 #
b1010010000001100 0
b1010010000001100 C
b111111111111111111111111111000011000110011001110 >
b11111111111110011110100011110110 D
1)
#20480908
0'
0)
#20499426
0!
b100010010 +
1)
#20517944
1'
0)
#20536462
b11111111111111111001111100001100 <
b11111111111111111101111100001100 =
b11111111111111111110110110110110 .
b11111111111111110100100010001100 -
b11111111111111110101001001001010 3
b11111111111111110110010000101111 ,
b11111111111111110110110110110101 4
1!
b11111111111111111011001111010110 1
b11111111111111111010000110001100 /
b1010000110001100 #
b1010000110001100 0
b1010000110001100 C
b111111111111111111111111110111110000110011001110 >
b11111111111110010110100011110110 D
1)
#20554980
0'
0)
#20573498
0!
b100010011 +
1)
#20592016
1'
0)
#20610534
b11111111111111111001110010001100 <
b11111111111111111101110010001100 =
b11111111111111111110110010000101 .
b11111111111111110011111000110011 -
b11111111111111110100100010001100 3
b11111111111111110101101001111111 ,
b11111111111111110110010000101111 4
1!
b11111111111111111011001010000111 1
b11111111111111111001111100001100 /
b1001111100001100 #
b1001111100001100 0
b1001111100001100 C
b111111111111111111111111110111001000110011001110 >
b11111111111110001110100011110110 D
1)
#20629052
0'
0)
#20647570
0!
b100010100 +
1)
#20666088
1'
0)
#20684606
b11111111111111111001101000001100 <
b11111111111111111101101000001100 =
b11111111111111111110101101001111 .
b11111111111111110011001100111101 -
b11111111111111110011111000110011 3
b11111111111111110101000010100110 ,
b11111111111111110101101001111111 4
1!
b11111111111111111011000100111101 1
b11111111111111111001110010001100 /
b1001110010001100 #
b1001110010001100 0
b1001110010001100 C
b111111111111111111111111110110100000110011001110 >
b11111111111110000110100011110110 D
1)
#20703124
0'
0)
#20721642
0!
b100010101 +
1)
#20740160
1'
0)
#20758678
b11111111111111111001011110001100 <
b11111111111111111101011110001100 =
b11111111111111111110101000010100 .
b11111111111111110010011110100111 -
b11111111111111110011001100111101 3
b11111111111111110100011010100101 ,
b11111111111111110101000010100110 4
1!
b11111111111111111010111111111000 1
b11111111111111111001101000001100 /
b1001101000001100 #
b1001101000001100 0
b1001101000001100 C
b111111111111111111111111110101111000110011001110 >
b11111111111101111110100011110110 D
1)
#20777196
0'
0)
#20795714
0!
b100010110 +
1)
#20814232
1'
0)
#20832750
b11111111111111111001010100001100 <
b11111111111111111101010100001100 =
b11111111111111111110100011010100 .
b11111111111111110001101101101110 -
b11111111111111110010011110100111 3
b11111111111111110011110001111100 ,
b11111111111111110100011010100101 4
1!
b11111111111111111010111010111000 1
b11111111111111111001011110001100 /
b1001011110001100 #
b1001011110001100 0
b1001011110001100 C
b111111111111111111111111110101010000110011001110 >
b11111111111101110110100011110110 D
1)
#20851268
0'
0)
#20869786
0!
b100010111 +
1)
#20888304
1'
0)
#20906822
b11111111111111111001001010001100 <
b11111111111111111101001010001100 =
b11111111111111111110011110001111 .
b11111111111111110000111010010000 -
b11111111111111110001101101101110 3
b11111111111111110011001000101011 ,
b11111111111111110011110001111100 4
1!
b11111111111111111010110101111101 1
b11111111111111111001010100001100 /
b1001010100001100 #
b1001010100001100 0
b1001010100001100 C
b111111111111111111111111110100101000110011001110 >
b11111111111101101110100011110110 D
1)
#20925340
0'
0)
#20943858
0!
b100011000 +
1)
#20962376
1'
0)
#20980894
b11111111111111111001000000001100 <
b11111111111111111101000000001100 =
b11111111111111111110011001000101 .
b11111111111111110000000100001011 -
b11111111111111110000111010010000 3
b11111111111111110010011110110011 ,
b11111111111111110011001000101011 4
1!
b11111111111111111010110001000111 1
b11111111111111111001001010001100 /
b1001001010001100 #
b1001001010001100 0
b1001001010001100 C
b111111111111111111111111110100000000110011001110 >
b11111111111101100110100011110110 D
1)
#20999412
0'
0)
#21017930
0!
b100011001 +
1)
#21036448
1'
0)
#21054966
b11111111111111111000110110001100 <
b11111111111111111100110110001100 =
b11111111111111111110010011110110 .
b11111111111111101111001011011100 -
b11111111111111110000000100001011 3
b11111111111111110001110100010101 ,
b11111111111111110010011110110011 4
1!
b11111111111111111010101100010110 1
b11111111111111111001000000001100 /
b1001000000001100 #
b1001000000001100 0
b1001000000001100 C
b111111111111111111111111110011011000110011001110 >
b11111111111101011110100011110110 D
1)
#21073484
0'
0)
#21092002
0!
b100011010 +
1)
#21110520
1'
0)
#21129038
b11111111111111111000101100001100 <
b11111111111111111100101100001100 =
b11111111111111111110001110100010 .
b11111111111111101110010000000001 -
b11111111111111101111001011011100 3
b11111111111111110001001001010010 ,
b11111111111111110001110100010101 4
1!
b11111111111111111010100111101010 1
b11111111111111111000110110001100 /
b1000110110001100 #
b1000110110001100 0
b1000110110001100 C
b111111111111111111111111110010110000110011001110 >
b11111111111101010110100011110110 D
1)
#21147556
0'
0)
#21166074
0!
b100011011 +
1)
#21184592
1'
0)
#21203110
b11111111111111111000100010001100 <
b11111111111111111100100010001100 =
b11111111111111111110001001001010 .
b11111111111111101101010001110111 -
b11111111111111101110010000000001 3
b11111111111111110000011101101010 ,
b11111111111111110001001001010010 4
1!
b11111111111111111010100011000010 1
b11111111111111111000101100001100 /
b1000101100001100 #
b1000101100001100 0
b1000101100001100 C
b111111111111111111111111110010001000110011001110 >
b11111111111101001110100011110110 D
1)
#21221628
0'
0)
#21240146
0!
b100011100 +
1)
#21258664
1'
0)
#21277182
b11111111111111111000011000001100 <
b11111111111111111100011000001100 =
b11111111111111111110000011101101 .
b11111111111111101100010000111100 -
b11111111111111101101010001110111 3
b11111111111111101111110001011101 ,
b11111111111111110000011101101010 4
1!
b11111111111111111010011110011111 1
b11111111111111111000100010001100 /
b1000100010001100 #
b1000100010001100 0
b1000100010001100 C
b111111111111111111111111110001100000110011001110 >
b11111111111101000110100011110110 D
1)
#21295700
0'
0)
#21314218
0!
b100011101 +
1)
#21332736
1'
0)
#21351254
b11111111111111111000001110001100 <
b11111111111111111100001110001100 =
b11111111111111111101111110001011 .
b11111111111111101011001101001110 -
b11111111111111101100010000111100 3
b11111111111111101111000100101101 ,
b11111111111111101111110001011101 4
1!
b11111111111111111010011010000001 1
b11111111111111111000011000001100 /
b1000011000001100 #
b1000011000001100 0
b1000011000001100 C
b111111111111111111111111110000111000110011001110 >
b11111111111100111110100011110110 D
1)
#21369772
0'
0)
#21388290
0!
b100011110 +
1)
#21406808
1'
0)
#21425326
b11111111111111111000000100001100 <
b11111111111111111100000100001100 =
b11111111111111111101111000100101 .
b11111111111111101010000110101011 -
b11111111111111101011001101001110 3
b11111111111111101110010111011001 ,
b11111111111111101111000100101101 4
1!
b11111111111111111010010101100111 1
b11111111111111111000001110001100 /
b1000001110001100 #
b1000001110001100 0
b1000001110001100 C
b111111111111111111111111110000010000110011001110 >
b11111111111100110110100011110110 D
1)
#21443844
0'
0)
#21462362
0!
b100011111 +
1)
#21480880
1'
0)
#21499398
b11111111111111110111111010001100 <
b11111111111111111011111010001100 =
b11111111111111111101110010111011 .
b11111111111111101000111101010001 -
b11111111111111101010000110101011 3
b11111111111111101101101001100011 ,
b11111111111111101110010111011001 4
1!
b11111111111111111010010001010001 1
b11111111111111111000000100001100 /
b1000000100001100 #
b1000000100001100 0
b1000000100001100 C
b111111111111111111111111101111101000110011001110 >
b11111111111100101110100011110110 D
1)
#21517916
0'
0)
#21536434
0!
b100100000 +
1)
#21554952
1'
0)
#21573470
b11111111111111110111110000001100 <
b11111111111111111011110000001100 =
b11111111111111111101101101001100 .
b11111111111111100111110001000000 -
b11111111111111101000111101010001 3
b11111111111111101100111011111001 ,
b11111111111111101101101001100011 4
1!
b11111111111111111010010010110100 1
b11111111111111111000000000000000 /
b1000000000000000 #
b1000000000000000 0
b1000000000000000 C
b111111111111111111111111101111000000110011001110 >
b11111111111100100110100011110110 D
1)
#21591988
0'
0)
#21610506
0!
b100100001 +
1)
#21629024
1'
0)
#21647542
b11111111111111110111100110001100 <
b11111111111111111011100110001100 =
b11111111111111111010011000100001 1
b11111111111111111101100111011111 .
b11111111111111100110100001111011 -
b11111111111111100111110001000000 3
b11111111111111101100001110111101 ,
b11111111111111101100111011111001 4
1!
b111111111111111111111111101110011000110011001110 >
b11111111111100011110100011110110 D
1)
#21666060
0'
0)
#21684578
0!
b100100010 +
1)
#21703096
1'
0)
#21721614
b11111111111111110111011100001100 <
b11111111111111111011011100001100 =
b11111111111111111010011110001001 1
b11111111111111111101100001110111 .
b11111111111111100101010000000101 -
b11111111111111100110100001111011 3
b11111111111111101011100010101110 ,
b11111111111111101100001110111101 4
1!
b111111111111111111111111101101110000110011001110 >
b11111111111100010110100011110110 D
1)
#21740132
0'
0)
#21758650
0!
b100100011 +
1)
#21777168
1'
0)
#21795686
b11111111111111110111010010001100 <
b11111111111111111011010010001100 =
b11111111111111111010100011101011 1
b11111111111111111101011100010101 .
b11111111111111100011111011100001 -
b11111111111111100101010000000101 3
b11111111111111101010110111001011 ,
b11111111111111101011100010101110 4
1!
b111111111111111111111111101101001000110011001110 >
b11111111111100001110100011110110 D
1)
#21814204
0'
0)
#21832722
0!
b100100100 +
1)
#21851240
1'
0)
#21869758
b11111111111111110111001000001100 <
b11111111111111111011001000001100 =
b11111111111111111010101001000111 1
b11111111111111111101010110111001 .
b11111111111111100010100100010010 -
b11111111111111100011111011100001 3
b11111111111111101010001100010011 ,
b11111111111111101010110111001011 4
1!
b111111111111111111111111101100100000110011001110 >
b11111111111100000110100011110110 D
1)
#21888276
0'
0)
#21906794
0!
b100100101 +
1)
#21925312
1'
0)
#21943830
b11111111111111110110111110001100 <
b11111111111111111010111110001100 =
b11111111111111111010101110011110 1
b11111111111111111101010001100010 .
b11111111111111100001001010011010 -
b11111111111111100010100100010010 3
b11111111111111101001100010000110 ,
b11111111111111101010001100010011 4
1!
b111111111111111111111111101011111000110011001110 >
b11111111111011111110100011110110 D
1)
#21962348
0'
0)
#21980866
0!
b100100110 +
1)
#21999384
1'
0)
#22017902
b11111111111111110110110100001100 <
b11111111111111111010110100001100 =
b11111111111111111010110011110000 1
b11111111111111111101001100010000 .
b11111111111111011111101101111100 -
b11111111111111100001001010011010 3
b11111111111111101000111000100100 ,
b11111111111111101001100010000110 4
1!
b111111111111111111111111101011010000110011001110 >
b11111111111011110110100011110110 D
1)
#22036420
0'
0)
#22054938
0!
b100100111 +
1)
#22073456
1'
0)
#22091974
b11111111111111110110101010001100 <
b11111111111111111010101010001100 =
b11111111111111111010111000111100 1
b11111111111111111101000111000100 .
b11111111111111011110001110111010 -
b11111111111111011111101101111100 3
b11111111111111101000001111101011 ,
b11111111111111101000111000100100 4
1!
b111111111111111111111111101010101000110011001110 >
b11111111111011101110100011110110 D
1)
#22110492
0'
0)
#22129010
0!
b100101000 +
1)
#22147528
1'
0)
#22166046
b11111111111111110110100000001100 <
b11111111111111111010100000001100 =
b11111111111111111010111110000011 1
b11111111111111111101000001111101 .
b11111111111111011100101101010111 -
b11111111111111011110001110111010 3
b11111111111111100111100111011011 ,
b11111111111111101000001111101011 4
1!
b111111111111111111111111101010000000110011001110 >
b11111111111011100110100011110110 D
1)
#22184564
0'
0)
#22203082
0!
b100101001 +
1)
#22221600
1'
0)
#22240118
b11111111111111110110010110001100 <
b11111111111111111010010110001100 =
b11111111111111111011000011000101 1
b11111111111111111100111100111011 .
b11111111111111011011001001010110 -
b11111111111111011100101101010111 3
b11111111111111100110111111110011 ,
b11111111111111100111100111011011 4
1!
b111111111111111111111111101001011000110011001110 >
b11111111111011011110100011110110 D
1)
#22258636
0'
0)
#22277154
0!
b100101010 +
1)
#22295672
1'
0)
#22314190
b11111111111111110110001100001100 <
b11111111111111111010001100001100 =
b11111111111111111011001000000010 1
b11111111111111111100110111111110 .
b11111111111111011001100010111001 -
b11111111111111011011001001010110 3
b11111111111111100110011000110011 ,
b11111111111111100110111111110011 4
1!
b111111111111111111111111101000110000110011001110 >
b11111111111011010110100011110110 D
1)
#22332708
0'
0)
#22351226
0!
b100101011 +
1)
#22369744
1'
0)
#22388262
b11111111111111110110000010001100 <
b11111111111111111010000010001100 =
b11111111111111111011001100111010 1
b11111111111111111100110011000110 .
b11111111111111010111111010000010 -
b11111111111111011001100010111001 3
b11111111111111100101110010011010 ,
b11111111111111100110011000110011 4
1!
b111111111111111111111111101000001000110011001110 >
b11111111111011001110100011110110 D
1)
#22406780
0'
0)
#22425298
0!
b100101100 +
1)
#22443816
1'
0)
#22462334
b11111111111111110101111000001100 <
b11111111111111111001111000001100 =
b11111111111111111011010001101101 1
b11111111111111111100101110010011 .
b11111111111111010110001110110100 -
b11111111111111010111111010000010 3
b11111111111111100101001100100111 ,
b11111111111111100101110010011010 4
1!
b111111111111111111111111100111100000110011001110 >
b11111111111011000110100011110110 D
1)
#22480852
0'
0)
#22499370
0!
b100101101 +
1)
#22517888
1'
0)
#22536406
b11111111111111110101101110001100 <
b11111111111111111001101110001100 =
b11111111111111111011010110011100 1
b11111111111111111100101001100100 .
b11111111111111010100100001010001 -
b11111111111111010110001110110100 3
b11111111111111100100100111011010 ,
b11111111111111100101001100100111 4
1!
b111111111111111111111111100110111000110011001110 >
b11111111111010111110100011110110 D
1)
#22554924
0'
0)
#22573442
0!
b100101110 +
1)
#22591960
1'
0)
#22610478
b11111111111111110101100100001100 <
b11111111111111111001100100001100 =
b11111111111111111011011011000101 1
b11111111111111111100100100111011 .
b11111111111111010010110001011100 -
b11111111111111010100100001010001 3
b11111111111111100100000010110010 ,
b11111111111111100100100111011010 4
1!
b111111111111111111111111100110010000110011001110 >
b11111111111010110110100011110110 D
1)
#22628996
0'
0)
#22647514
0!
b100101111 +
1)
#22666032
1'
0)
#22684550
b11111111111111110101011010001100 <
b11111111111111111001011010001100 =
b11111111111111111011011111101010 1
b11111111111111111100100000010110 .
b11111111111111010000111111010110 -
b11111111111111010010110001011100 3
b11111111111111100011011110101111 ,
b11111111111111100100000010110010 4
1!
b111111111111111111111111100101101000110011001110 >
b11111111111010101110100011110110 D
1)
#22703068
0'
0)
#22721586
0!
b100110000 +
1)
#22740104
1'
0)
#22758622
b11111111111111110101010000001100 <
b11111111111111111001010000001100 =
b11111111111111111011100100001011 1
b11111111111111111100011011110101 .
b11111111111111001111001011000011 -
b11111111111111010000111111010110 3
b11111111111111100010111011010000 ,
b11111111111111100011011110101111 4
1!
b111111111111111111111111100101000000110011001110 >
b11111111111010100110100011110110 D
1)
#22777140
0'
0)
#22795658
0!
b100110001 +
1)
#22814176
1'
0)
#22832694
b11111111111111110101000110001100 <
b11111111111111111001000110001100 =
b11111111111111111011101000100110 1
b11111111111111111100010111011010 .
b11111111111111001101010100100100 -
b11111111111111001111001011000011 3
b11111111111111100010011000010100 ,
b11111111111111100010111011010000 4
1!
b111111111111111111111111100100011000110011001110 >
b11111111111010011110100011110110 D
1)
#22851212
0'
0)
#22869730
0!
b100110010 +
1)
#22888248
1'
0)
#22906766
b11111111111111110100111100001100 <
b11111111111111111000111100001100 =
b11111111111111111011101100111110 1
b11111111111111111100010011000010 .
b11111111111111001011011011111011 -
b11111111111111001101010100100100 3
b11111111111111100001110101111011 ,
b11111111111111100010011000010100 4
1!
b111111111111111111111111100011110000110011001110 >
b11111111111010010110100011110110 D
1)
#22925284
0'
0)
#22943802
0!
b100110011 +
1)
#22962320
1'
0)
#22980838
b11111111111111110100110010001100 <
b11111111111111111000110010001100 =
b11111111111111111011110001010001 1
b11111111111111111100001110101111 .
b11111111111111001001100001001011 -
b11111111111111001011011011111011 3
b11111111111111100001010100000101 ,
b11111111111111100001110101111011 4
1!
b111111111111111111111111100011001000110011001110 >
b11111111111010001110100011110110 D
1)
#22999356
0'
0)
#23017874
0!
b100110100 +
1)
#23036392
1'
0)
#23054910
b11111111111111110100101000001100 <
b11111111111111111000101000001100 =
b11111111111111111011110101100000 1
b11111111111111111100001010100000 .
b11111111111111000111100100010110 -
b11111111111111001001100001001011 3
b11111111111111100000110010110001 ,
b11111111111111100001010100000101 4
1!
b111111111111111111111111100010100000110011001110 >
b11111111111010000110100011110110 D
1)
#23073428
0'
0)
#23091946
0!
b100110101 +
1)
#23110464
1'
0)
#23128982
b11111111111111110100011110001100 <
b11111111111111111000011110001100 =
b11111111111111111011111001101010 1
b11111111111111111100000110010110 .
b11111111111111000101100101011101 -
b11111111111111000111100100010110 3
b11111111111111100000010001111110 ,
b11111111111111100000110010110001 4
1!
b111111111111111111111111100001111000110011001110 >
b11111111111001111110100011110110 D
1)
#23147500
0'
0)
#23166018
0!
b100110110 +
1)
#23184536
1'
0)
#23203054
b11111111111111110100010100001100 <
b11111111111111111000010100001100 =
b11111111111111111011111101110001 1
b11111111111111111100000010001111 .
b11111111111111000011100100100011 -
b11111111111111000101100101011101 3
b11111111111111011111110001101100 ,
b11111111111111100000010001111110 4
1!
b111111111111111111111111100001010000110011001110 >
b11111111111001110110100011110110 D
1)
#23221572
0'
0)
#23240090
0!
b100110111 +
1)
#23258608
1'
0)
#23277126
b11111111111111110100001010001100 <
b11111111111111111000001010001100 =
b11111111111111111100000001110011 1
b11111111111111111011111110001101 .
b11111111111111000001100001101010 -
b11111111111111000011100100100011 3
b11111111111111011111010001111010 ,
b11111111111111011111110001101100 4
1!
b111111111111111111111111100000101000110011001110 >
b11111111111001101110100011110110 D
1)
#23295644
0'
0)
#23314162
0!
b100111000 +
1)
#23332680
1'
0)
#23351198
b11111111111111110100000000001100 <
b11111111111111111000000000001100 =
b11111111111111111100000101110001 1
b11111111111111111011111010001111 .
b11111111111110111111011100110100 -
b11111111111111000001100001101010 3
b11111111111111011110110010101000 ,
b11111111111111011111010001111010 4
1!
b111111111111111111111111100000000000110011001110 >
b11111111111001100110100011110110 D
1)
#23369716
0'
0)
#23388234
0!
b100111001 +
1)
#23406752
1'
0)
#23425270
b11111111111111110011110110001100 <
b11111111111111110111110110001100 =
b11111111111111111100001001101011 1
b11111111111111111011110110010101 .
b11111111111110111101010110000011 -
b11111111111110111111011100110100 3
b11111111111111011110010011110101 ,
b11111111111111011110110010101000 4
1!
b111111111111111111111111011111011000110011001110 >
b11111111111001011110100011110110 D
1)
#23443788
0'
0)
#23462306
0!
b100111010 +
1)
#23480824
1'
0)
#23499342
b11111111111111110011101100001100 <
b11111111111111110111101100001100 =
b11111111111111111100001101100010 1
b11111111111111111011110010011110 .
b11111111111110111011001101011001 -
b11111111111110111101010110000011 3
b11111111111111011101110101100001 ,
b11111111111111011110010011110101 4
1!
b111111111111111111111111011110110000110011001110 >
b11111111111001010110100011110110 D
1)
#23517860
0'
0)
#23536378
0!
b100111011 +
1)
#23554896
1'
0)
#23573414
b11111111111111110011100010001100 <
b11111111111111110111100010001100 =
b11111111111111111100010001010100 1
b11111111111111111011101110101100 .
b11111111111110111001000010110111 -
b11111111111110111011001101011001 3
b11111111111111011101010111101011 ,
b11111111111111011101110101100001 4
1!
b111111111111111111111111011110001000110011001110 >
b11111111111001001110100011110110 D
1)
#23591932
0'
0)
#23610450
0!
b100111100 +
1)
#23628968
1'
0)
#23647486
b11111111111111110011011000001100 <
b11111111111111110111011000001100 =
b11111111111111111100010101000011 1
b11111111111111111011101010111101 .
b11111111111110110110110110100000 -
b11111111111110111001000010110111 3
b11111111111111011100111010010011 ,
b11111111111111011101010111101011 4
1!
b111111111111111111111111011101100000110011001110 >
b11111111111001000110100011110110 D
1)
#23666004
0'
0)
#23684522
0!
b100111101 +
1)
#23703040
1'
0)
#23721558
b11111111111111110011001110001100 <
b11111111111111110111001110001100 =
b11111111111111111100011000101110 1
b11111111111111111011100111010010 .
b11111111111110110100101000010101 -
b11111111111110110110110110100000 3
b11111111111111011100011101011000 ,
b11111111111111011100111010010011 4
1!
b111111111111111111111111011100111000110011001110 >
b11111111111000111110100011110110 D
1)
#23740076
0'
0)
#23758594
0!
b100111110 +
1)
#23777112
1'
0)
#23795630
b11111111111111110011000100001100 <
b11111111111111110111000100001100 =
b11111111111111111100011100010101 1
b11111111111111111011100011101011 .
b11111111111110110010011000011000 -
b11111111111110110100101000010101 3
b11111111111111011100000000111010 ,
b11111111111111011100011101011000 4
1!
b111111111111111111111111011100010000110011001110 >
b11111111111000110110100011110110 D
1)
#23814148
0'
0)
#23832666
0!
b100111111 +
1)
#23851184
1'
0)
#23869702
b11111111111111110010111010001100 <
b11111111111111110110111010001100 =
b11111111111111111100011111111001 1
b11111111111111111011100000000111 .
b11111111111110110000000110101011 -
b11111111111110110010011000011000 3
b11111111111111011011100100111001 ,
b11111111111111011100000000111010 4
1!
b111111111111111111111111011011101000110011001110 >
b11111111111000101110100011110110 D
1)
#23888220
0'
0)
#23906738
0!
b101000000 +
1)
#23925256
1'
0)
#23943774
b11111111111111110010110000001100 <
b11111111111111110110110000001100 =
b11111111111111111100100011011001 1
b11111111111111111011011100100111 .
b11111111111110101101110011010000 -
b11111111111110110000000110101011 3
b11111111111111011011001001010100 ,
b11111111111111011011100100111001 4
1!
b111111111111111111111111011011000000110011001110 >
b11111111111000100110100011110110 D
1)
#23962292
0'
0)
#23980810
0!
b101000001 +
1)
#23999328
1'
0)
#24017846
b11111111111111110010100110001100 <
b11111111111111110110100110001100 =
b11111111111111111100100110110110 1
b11111111111111111011011001001010 .
b11111111111110101011011110001000 -
b11111111111110101101110011010000 3
b11111111111111011010101110001010 ,
b11111111111111011011001001010100 4
1!
b111111111111111111111111011010011000110011001110 >
b11111111111000011110100011110110 D
1)
#24036364
0'
0)
#24054882
0!
b101000010 +
1)
#24073400
1'
0)
#24091918
b11111111111111110010011100001100 <
b11111111111111110110011100001100 =
b11111111111111111100101010001111 1
b11111111111111111011010101110001 .
b11111111111110101001000111010101 -
b11111111111110101011011110001000 3
b11111111111111011010010011011011 ,
b11111111111111011010101110001010 4
1!
b111111111111111111111111011001110000110011001110 >
b11111111111000010110100011110110 D
1)
#24110436
0'
0)
#24128954
0!
b101000011 +
1)
#24147472
1'
0)
#24165990
b11111111111111110010010010001100 <
b11111111111111110110010010001100 =
b11111111111111111100101101100101 1
b11111111111111111011010010011011 .
b11111111111110100110101110111001 -
b11111111111110101001000111010101 3
b11111111111111011001111001000111 ,
b11111111111111011010010011011011 4
1!
b111111111111111111111111011001001000110011001110 >
b11111111111000001110100011110110 D
1)
#24184508
0'
0)
#24203026
0!
b101000100 +
1)
#24221544
1'
0)
#24240062
b11111111111111110010001000001100 <
b11111111111111110110001000001100 =
b11111111111111111100110000111000 1
b11111111111111111011001111001000 .
b11111111111110100100010100110101 -
b11111111111110100110101110111001 3
b11111111111111011001011111001110 ,
b11111111111111011001111001000111 4
1!
b111111111111111111111111011000100000110011001110 >
b11111111111000000110100011110110 D
1)
#24258580
0'
0)
#24277098
0!
b101000101 +
1)
#24295616
1'
0)
#24314134
b11111111111111110001111110001100 <
b11111111111111110101111110001100 =
b11111111111111111100110100000111 1
b11111111111111111011001011111001 .
b11111111111110100001111001001011 -
b11111111111110100100010100110101 3
b11111111111111011001000101101110 ,
b11111111111111011001011111001110 4
1!
b111111111111111111111111010111111000110011001110 >
b11111111110111111110100011110110 D
1)
#24332652
0'
0)
#24351170
0!
b101000110 +
1)
#24369688
1'
0)
#24388206
b11111111111111110001110100001100 <
b11111111111111110101110100001100 =
b11111111111111111100110111010011 1
b11111111111111111011001000101101 .
b11111111111110011111011011111101 -
b11111111111110100001111001001011 3
b11111111111111011000101100101000 ,
b11111111111111011001000101101110 4
1!
b111111111111111111111111010111010000110011001110 >
b11111111110111110110100011110110 D
1)
#24406724
0'
0)
#24425242
0!
b101000111 +
1)
#24443760
1'
0)
#24462278
b11111111111111110001101010001100 <
b11111111111111110101101010001100 =
b11111111111111111100111010011011 1
b11111111111111111011000101100101 .
b11111111111110011100111101001100 -
b11111111111110011111011011111101 3
b11111111111111011000010011111011 ,
b11111111111111011000101100101000 4
1!
b111111111111111111111111010110101000110011001110 >
b11111111110111101110100011110110 D
1)
#24480796
0'
0)
#24499314
0!
b101001000 +
1)
#24517832
1'
0)
#24536350
b11111111111111110001100000001100 <
b11111111111111110101100000001100 =
b11111111111111111100111101100001 1
b11111111111111111011000010011111 .
b11111111111110011010011100111010 -
b11111111111110011100111101001100 3
b11111111111111010111111011100111 ,
b11111111111111011000010011111011 4
1!
b111111111111111111111111010110000000110011001110 >
b11111111110111100110100011110110 D
1)
#24554868
0'
0)
#24573386
0!
b101001001 +
1)
#24591904
1'
0)
#24610422
b11111111111111110001010110001100 <
b11111111111111110101010110001100 =
b11111111111111111101000000100100 1
b11111111111111111010111111011100 .
b11111111111110010111111011001000 -
b11111111111110011010011100111010 3
b11111111111111010111100011101011 ,
b11111111111111010111111011100111 4
1!
b111111111111111111111111010101011000110011001110 >
b11111111110111011110100011110110 D
1)
#24628940
0'
0)
#24647458
0!
b101001010 +
1)
#24665976
1'
0)
#24684494
b11111111111111110001001100001100 <
b11111111111111110101001100001100 =
b11111111111111111101000011100011 1
b11111111111111111010111100011101 .
b11111111111110010101010111111000 -
b11111111111110010111111011001000 3
b11111111111111010111001100000111 ,
b11111111111111010111100011101011 4
1!
b111111111111111111111111010100110000110011001110 >
b11111111110111010110100011110110 D
1)
#24703012
0'
0)
#24721530
0!
b101001011 +
1)
#24740048
1'
0)
#24758566
b11111111111111110001000010001100 <
b11111111111111110101000010001100 =
b11111111111111111101000110100000 1
b11111111111111111010111001100000 .
b11111111111110010010110011001011 -
b11111111111110010101010111111000 3
b11111111111111010110110100111011 ,
b11111111111111010111001100000111 4
1!
b111111111111111111111111010100001000110011001110 >
b11111111110111001110100011110110 D
1)
#24777084
0'
0)
#24795602
0!
b101001100 +
1)
#24814120
1'
0)
#24832638
b11111111111111110000111000001100 <
b11111111111111110100111000001100 =
b11111111111111111101001001011001 1
b11111111111111111010110110100111 .
b11111111111110010000001101000011 -
b11111111111110010010110011001011 3
b11111111111111010110011110000110 ,
b11111111111111010110110100111011 4
1!
b111111111111111111111111010011100000110011001110 >
b11111111110111000110100011110110 D
1)
#24851156
0'
0)
#24869674
0!
b101001101 +
1)
#24888192
1'
0)
#24906710
b11111111111111110000101110001100 <
b11111111111111110100101110001100 =
b11111111111111111101001100010000 1
b11111111111111111010110011110000 .
b11111111111110001101100101100001 -
b11111111111110010000001101000011 3
b11111111111111010110000111101000 ,
b11111111111111010110011110000110 4
1!
b111111111111111111111111010010111000110011001110 >
b11111111110110111110100011110110 D
1)
#24925228
0'
0)
#24943746
0!
b101001110 +
1)
#24962264
1'
0)
#24980782
b11111111111111110000100100001100 <
b11111111111111110100100100001100 =
b11111111111111111101001111000011 1
b11111111111111111010110000111101 .
b11111111111110001010111100100111 -
b11111111111110001101100101100001 3
b11111111111111010101110001100000 ,
b11111111111111010110000111101000 4
1!
b111111111111111111111111010010010000110011001110 >
b11111111110110110110100011110110 D
1)
#24999300
0'
0)
#25017818
0!
b101001111 +
1)
#25036336
1'
0)
#25054854
b11111111111111110000011010001100 <
b11111111111111110100011010001100 =
b11111111111111111101010001110100 1
b11111111111111111010101110001100 .
b11111111111110001000010010010101 -
b11111111111110001010111100100111 3
b11111111111111010101011011101110 ,
b11111111111111010101110001100000 4
1!
b111111111111111111111111010001101000110011001110 >
b11111111110110101110100011110110 D
1)
#25073372
0'
0)
#25091890
0!
b101010000 +
1)
#25110408
1'
0)
#25128926
b11111111111111110000010000001100 <
b11111111111111110100010000001100 =
b11111111111111111101010100100011 1
b11111111111111111010101011011101 .
b11111111111110000101100110101110 -
b11111111111110001000010010010101 3
b11111111111111010101000110010010 ,
b11111111111111010101011011101110 4
1!
b111111111111111111111111010001000000110011001110 >
b11111111110110100110100011110110 D
1)
#25147444
0'
0)
#25165962
0!
b101010001 +
1)
#25184480
1'
0)
#25202998
b11111111111111110000000110001100 <
b11111111111111110100000110001100 =
b11111111111111111101010111001110 1
b11111111111111111010101000110010 .
b11111111111110000010111001110010 -
b11111111111110000101100110101110 3
b11111111111111010100110001001011 ,
b11111111111111010101000110010010 4
1!
b111111111111111111111111010000011000110011001110 >
b11111111110110011110100011110110 D
1)
#25221516
0'
0)
#25240034
0!
b101010010 +
1)
#25258552
1'
0)
#25277070
b11111111111111101111111100001100 <
b11111111111111110011111100001100 =
b11111111111111111101011001110111 1
b11111111111111111010100110001001 .
b11111111111110000000001011100011 -
b11111111111110000010111001110010 3
b11111111111111010100011100011001 ,
b11111111111111010100110001001011 4
1!
b111111111111111111111111001111110000110011001110 >
b11111111110110010110100011110110 D
1)
#25295588
0'
0)
#25314106
0!
b101010011 +
1)
#25332624
1'
0)
#25351142
b11111111111111101111110010001100 <
b11111111111111110011110010001100 =
b11111111111111111101011100011101 1
b11111111111111111010100011100011 .
b11111111111101111101011100000010 -
b11111111111110000000001011100011 3
b11111111111111010100000111111100 ,
b11111111111111010100011100011001 4
1!
b111111111111111111111111001111001000110011001110 >
b11111111110110001110100011110110 D
1)
#25369660
0'
0)
#25388178
0!
b101010100 +
1)
#25406696
1'
0)
#25425214
b11111111111111101111101000001100 <
b11111111111111110011101000001100 =
b11111111111111111101011111000001 1
b11111111111111111010100000111111 .
b11111111111101111010101011010001 -
b11111111111101111101011100000010 3
b11111111111111010011110011110100 ,
b11111111111111010100000111111100 4
1!
b111111111111111111111111001110100000110011001110 >
b11111111110110000110100011110110 D
1)
#25443732
0'
0)
#25462250
0!
b101010101 +
1)
#25480768
1'
0)
#25499286
b11111111111111101111011110001100 <
b11111111111111110011011110001100 =
b11111111111111111101100001100010 1
b11111111111111111010011110011110 .
b11111111111101110111111001010001 -
b11111111111101111010101011010001 3
b11111111111111010011100000000000 ,
b11111111111111010011110011110100 4
1!
b111111111111111111111111001101111000110011001110 >
b11111111110101111110100011110110 D
1)
#25517804
0'
0)
#25536322
0!
b101010110 +
1)
#25554840
1'
0)
#25573358
b11111111111111101111010100001100 <
b11111111111111110011010100001100 =
b11111111111111111101100100000000 1
b11111111111111111010011100000000 .
b11111111111101110101000110000011 -
b11111111111101110111111001010001 3
b11111111111111010011001100100000 ,
b11111111111111010011100000000000 4
1!
b111111111111111111111111001101010000110011001110 >
b11111111110101110110100011110110 D
1)
#25591876
0'
0)
#25610394
0!
b101010111 +
1)
#25628912
1'
0)
#25647430
b11111111111111101111001010001100 <
b11111111111111110011001010001100 =
b11111111111111111101100110011100 1
b11111111111111111010011001100100 .
b11111111111101110010010001101000 -
b11111111111101110101000110000011 3
b11111111111111010010111001010011 ,
b11111111111111010011001100100000 4
1!
b111111111111111111111111001100101000110011001110 >
b11111111110101101110100011110110 D
1)
#25665948
0'
0)
#25684466
0!
b101011000 +
1)
#25702984
1'
0)
#25721502
b11111111111111101111000000001100 <
b11111111111111110011000000001100 =
b11111111111111111101101000110110 1
b11111111111111111010010111001010 .
b11111111111101101111011100000001 -
b11111111111101110010010001101000 3
b11111111111111010010100110011001 ,
b11111111111111010010111001010011 4
1!
b111111111111111111111111001100000000110011001110 >
b11111111110101100110100011110110 D
1)
#25740020
0'
0)
#25758538
0!
b101011001 +
1)
#25777056
1'
0)
#25795574
b11111111111111101110110110001100 <
b11111111111111110010110110001100 =
b11111111111111111101101011001101 1
b11111111111111111010010100110011 .
b11111111111101101100100101010000 -
b11111111111101101111011100000001 3
b11111111111111010010010011110010 ,
b11111111111111010010100110011001 4
1!
b111111111111111111111111001011011000110011001110 >
b11111111110101011110100011110110 D
1)
#25814092
0'
0)
#25832610
0!
b101011010 +
1)
#25851128
1'
0)
#25869646
b11111111111111101110101100001100 <
b11111111111111110010101100001100 =
b11111111111111111101101101100010 1
b11111111111111111010010010011110 .
b11111111111101101001101101010101 -
b11111111111101101100100101010000 3
b11111111111111010010000001011110 ,
b11111111111111010010010011110010 4
1!
b111111111111111111111111001010110000110011001110 >
b11111111110101010110100011110110 D
1)
#25888164
0'
0)
#25906682
0!
b101011011 +
1)
#25925200
1'
0)
#25943718
b11111111111111101110100010001100 <
b11111111111111110010100010001100 =
b11111111111111111101101111110101 1
b11111111111111111010010000001011 .
b11111111111101100110110100010010 -
b11111111111101101001101101010101 3
b11111111111111010001101111011100 ,
b11111111111111010010000001011110 4
1!
b111111111111111111111111001010001000110011001110 >
b11111111110101001110100011110110 D
1)
#25962236
0'
0)
#25980754
0!
b101011100 +
1)
#25999272
1'
0)
#26017790
b11111111111111101110011000001100 <
b11111111111111110010011000001100 =
b11111111111111111101110010000101 1
b11111111111111111010001101111011 .
b11111111111101100011111010001000 -
b11111111111101100110110100010010 3
b11111111111111010001011101101100 ,
b11111111111111010001101111011100 4
1!
b111111111111111111111111001001100000110011001110 >
b11111111110101000110100011110110 D
1)
#26036308
0'
0)
#26054826
0!
b101011101 +
1)
#26073344
1'
0)
#26091862
b11111111111111101110001110001100 <
b11111111111111110010001110001100 =
b11111111111111111101110100010011 1
b11111111111111111010001011101101 .
b11111111111101100000111110111000 -
b11111111111101100011111010001000 3
b11111111111111010001001100001110 ,
b11111111111111010001011101101100 4
1!
b111111111111111111111111001000111000110011001110 >
b11111111110100111110100011110110 D
1)
#26110380
0'
0)
#26128898
0!
b101011110 +
1)
#26147416
1'
0)
#26165934
b11111111111111101110000100001100 <
b11111111111111110010000100001100 =
b11111111111111111101110110011111 1
b11111111111111111010001001100001 .
b11111111111101011110000010100100 -
b11111111111101100000111110111000 3
b11111111111111010000111011000001 ,
b11111111111111010001001100001110 4
1!
b111111111111111111111111001000010000110011001110 >
b11111111110100110110100011110110 D
1)
#26184452
0'
0)
#26202970
0!
b101011111 +
1)
#26221488
1'
0)
#26240006
b11111111111111101101111010001100 <
b11111111111111110001111010001100 =
b11111111111111111101111000101000 1
b11111111111111111010000111011000 .
b11111111111101011011000101001100 -
b11111111111101011110000010100100 3
b11111111111111010000101010000110 ,
b11111111111111010000111011000001 4
1!
b111111111111111111111111000111101000110011001110 >
b11111111110100101110100011110110 D
1)
#26258524
0'
0)
#26277042
0!
b101100000 +
1)
#26295560
1'
0)
#26314078
b11111111111111101101110000001100 <
b11111111111111110001110000001100 =
b11111111111111111101111010110000 1
b11111111111111111010000101010000 .
b11111111111101011000000110110001 -
b11111111111101011011000101001100 3
b11111111111111010000011001011100 ,
b11111111111111010000101010000110 4
1!
b111111111111111111111111000111000000110011001110 >
b11111111110100100110100011110110 D
1)
#26332596
0'
0)
#26351114
0!
b101100001 +
1)
#26369632
1'
0)
#26388150
b11111111111111101101100110001100 <
b11111111111111110001100110001100 =
b11111111111111111101111100110101 1
b11111111111111111010000011001011 .
b11111111111101010101000111010101 -
b11111111111101011000000110110001 3
b11111111111111010000001001000010 ,
b11111111111111010000011001011100 4
1!
b111111111111111111111111000110011000110011001110 >
b11111111110100011110100011110110 D
1)
#26406668
0'
0)
#26425186
0!
b101100010 +
1)
#26443704
1'
0)
#26462222
b11111111111111101101011100001100 <
b11111111111111110001011100001100 =
b11111111111111111101111110111000 1
b11111111111111111010000001001000 .
b11111111111101010010000110111000 -
b11111111111101010101000111010101 3
b11111111111111001111111000111001 ,
b11111111111111010000001001000010 4
1!
b111111111111111111111111000101110000110011001110 >
b11111111110100010110100011110110 D
1)
#26480740
0'
0)
#26499258
0!
b101100011 +
1)
#26517776
1'
0)
#26536294
b11111111111111101101010010001100 <
b11111111111111110001010010001100 =
b11111111111111111110000000111001 1
b11111111111111111001111111000111 .
b11111111111101001111000101011100 -
b11111111111101010010000110111000 3
b11111111111111001111101001000000 ,
b11111111111111001111111000111001 4
1!
b111111111111111111111111000101001000110011001110 >
b11111111110100001110100011110110 D
1)
#26554812
0'
0)
#26573330
0!
b101100100 +
1)
#26591848
1'
0)
#26610366
b11111111111111101101001000001100 <
b11111111111111110001001000001100 =
b11111111111111111110000010111000 1
b11111111111111111001111101001000 .
b11111111111101001100000011000001 -
b11111111111101001111000101011100 3
b11111111111111001111011001010111 ,
b11111111111111001111101001000000 4
1!
b111111111111111111111111000100100000110011001110 >
b11111111110100000110100011110110 D
1)
#26628884
0'
0)
#26647402
0!
b101100101 +
1)
#26665920
1'
0)
#26684438
b11111111111111101100111110001100 <
b11111111111111110000111110001100 =
b11111111111111111110000100110110 1
b11111111111111111001111011001010 .
b11111111111101001000111111101000 -
b11111111111101001100000011000001 3
b11111111111111001111001001111101 ,
b11111111111111001111011001010111 4
1!
b111111111111111111111111000011111000110011001110 >
b11111111110011111110100011110110 D
1)
#26702956
0'
0)
#26721474
0!
b101100110 +
1)
#26739992
1'
0)
#26758510
b11111111111111101100110100001100 <
b11111111111111110000110100001100 =
b11111111111111111110000110110001 1
b11111111111111111001111001001111 .
b11111111111101000101111011010011 -
b11111111111101001000111111101000 3
b11111111111111001110111010110011 ,
b11111111111111001111001001111101 4
1!
b111111111111111111111111000011010000110011001110 >
b11111111110011110110100011110110 D
1)
#26777028
0'
0)
#26795546
0!
b101100111 +
1)
#26814064
1'
0)
#26832582
b11111111111111101100101010001100 <
b11111111111111110000101010001100 =
b11111111111111111110001000101010 1
b11111111111111111001110111010110 .
b11111111111101000010110110000010 -
b11111111111101000101111011010011 3
b11111111111111001110101011111000 ,
b11111111111111001110111010110011 4
1!
b111111111111111111111111000010101000110011001110 >
b11111111110011101110100011110110 D
1)
#26851100
0'
0)
#26869618
0!
b101101000 +
1)
#26888136
0)
#26906654
1)
#26925172
0)
#26943690
1)
#26962208
0)
#26980726
1)
#26999244
0)
#27017762
1)
#27036280
0)
#27054798
1)
#27073316
0)
#27091834
1)
#27110352
0)
#27128870
1)
#27147388
0)
#27165906
1)
