$date
	Sun Jun 28 21:23:07 2026
$end
$version
	Icarus Verilog
$end
$timescale
	1ps
$end
$scope module tb_uartLoopback $end
$var wire 1 ! uart_tx $end
$var wire 6 " led [5:0] $end
$var reg 1 # sys_clk $end
$var reg 1 $ sys_rst_n $end
$var reg 1 % uart_rx $end
$scope module dut $end
$var wire 6 & led [5:0] $end
$var wire 1 # sys_clk $end
$var wire 1 $ sys_rst_n $end
$var wire 1 % uart_rx $end
$var wire 1 ! uart_tx $end
$var wire 1 ' txBusy $end
$var wire 1 ( rxValid $end
$var wire 8 ) rxData [7:0] $end
$var reg 8 * txData [7:0] $end
$var reg 1 + txStart $end
$scope module rxInst $end
$var wire 1 # sys_clk $end
$var wire 1 $ sys_rst_n $end
$var wire 1 % uart_rx $end
$var parameter 32 , BAUD_TICK_MAX $end
$var parameter 32 - HALF_BAUD_TICK_MAX $end
$var reg 8 . baudCounter [7:0] $end
$var reg 3 / bitIndex [2:0] $end
$var reg 8 0 rxData [7:0] $end
$var reg 8 1 rxShiftReg [7:0] $end
$var reg 3 2 rxState [2:0] $end
$var reg 1 3 rxSync0 $end
$var reg 1 4 rxSync1 $end
$var reg 1 ( rxValid $end
$upscope $end
$scope module txInst $end
$var wire 1 # sys_clk $end
$var wire 1 $ sys_rst_n $end
$var wire 8 5 txData [7:0] $end
$var wire 1 + txStart $end
$var parameter 32 6 BAUD_TICK_MAX $end
$var reg 8 7 baudCounter [7:0] $end
$var reg 1 8 baudTick $end
$var reg 3 9 bitIndex [2:0] $end
$var reg 1 ' txBusy $end
$var reg 8 : txShiftReg [7:0] $end
$var reg 3 ; txState [2:0] $end
$var reg 1 ! uart_tx $end
$upscope $end
$upscope $end
$scope task sendUartByte $end
$var reg 8 < dataByte [7:0] $end
$var integer 32 = i [31:0] $end
$upscope $end
$upscope $end
$enddefinitions $end
$comment Show the parameter values. $end
$dumpall
b11101001 6
b1110100 -
b11101001 ,
$end
#0
$dumpvars
bx =
bx <
b0 ;
b0 :
b0 9
08
b0 7
b0 5
14
13
b0 2
b0 1
b0 0
b0 /
b0 .
0+
b0 *
b0 )
0(
0'
b111111 &
1%
0$
0#
b111111 "
1!
$end
#18518
1#
#37036
0#
#55554
1#
#74072
0#
#92590
1#
#111108
0#
#129626
1#
#148144
0#
#166662
1#
#185180
0#
#200000
1$
#203698
1#
#222216
0#
#240734
1#
#259252
0#
#277770
1#
#296288
0#
#314806
1#
#333324
0#
#351842
1#
#370360
0#
#388878
1#
#407396
0#
#425914
1#
#444432
0#
#462950
1#
#481468
0#
#499986
1#
#518504
0#
#537022
1#
#555540
0#
#574058
1#
#592576
0#
#611094
1#
#629612
0#
#648130
1#
#666648
0#
#685166
1#
#703684
0#
#722202
1#
#740720
0#
#759238
1#
#777756
0#
#796274
1#
#814792
0#
#833310
1#
#851828
0#
#870346
1#
#888864
0#
#907382
1#
#925900
0#
#944418
1#
#962936
0#
#981454
1#
#999972
0#
#1018490
1#
#1037008
0#
#1055526
1#
#1074044
0#
#1092562
1#
#1111080
0#
#1129598
1#
#1148116
0#
#1166634
1#
#1185152
0#
#1203670
1#
#1222188
0#
#1240706
1#
#1259224
0#
#1277742
1#
#1296260
0#
#1314778
1#
#1333296
0#
#1351814
1#
#1370332
0#
#1388850
1#
#1407368
0#
#1425886
1#
#1444404
0#
#1462922
1#
#1481440
0#
#1499958
1#
#1518476
0#
#1536994
1#
#1555512
0#
#1574030
1#
#1592548
0#
#1611066
1#
#1629584
0#
#1648102
1#
#1666620
0#
#1685138
1#
#1703656
0#
#1722174
1#
#1740692
0#
#1759210
1#
#1777728
0#
#1796246
1#
#1814764
0#
#1833282
1#
#1851800
0#
#1870318
1#
#1888836
0#
#1907354
1#
#1925872
0#
#1944390
1#
#1962908
0#
#1981426
1#
#1999944
0#
#2018462
1#
#2036980
0#
#2055498
1#
#2074016
0#
#2092534
1#
#2111052
0#
#2129570
1#
#2148088
0#
#2166606
1#
#2185124
0#
#2203642
1#
#2222160
0#
#2240678
1#
#2259196
0#
#2277714
1#
#2296232
0#
#2314750
1#
#2333268
0#
#2351786
1#
#2370304
0#
#2388822
1#
#2407340
0#
#2425858
1#
#2444376
0#
#2462894
1#
#2481412
0#
#2499930
1#
#2518448
0#
#2536966
1#
#2555484
0#
#2574002
1#
#2592520
0#
#2611038
1#
#2629556
0#
#2648074
1#
#2666592
0#
#2685110
1#
#2703628
0#
#2722146
1#
#2740664
0#
#2759182
1#
#2777700
0#
#2796218
1#
#2814736
0#
#2833254
1#
#2851772
0#
#2870290
1#
#2888808
0#
#2907326
1#
#2925844
0#
#2944362
1#
#2962880
0#
#2981398
1#
#2999916
0#
#3018434
1#
#3036952
0#
#3055470
1#
#3073988
0#
#3092506
1#
#3111024
0#
#3129542
1#
#3148060
0#
#3166578
1#
#3185096
0#
#3203614
1#
#3222132
0#
#3240650
1#
#3259168
0#
#3277686
1#
#3296204
0#
#3314722
1#
#3333240
0#
#3351758
1#
#3370276
0#
#3388794
1#
#3407312
0#
#3425830
1#
#3444348
0#
#3462866
1#
#3481384
0#
#3499902
1#
#3518420
0#
#3536938
1#
#3555456
0#
#3573974
1#
#3592492
0#
#3611010
1#
#3629528
0#
#3648046
1#
#3666564
0#
#3685082
1#
#3703600
0#
#3722118
1#
#3740636
0#
#3759154
1#
#3777672
0#
#3796190
1#
#3814708
0#
#3833226
1#
#3851744
0#
#3870262
1#
#3888780
0#
#3907298
1#
#3925816
0#
#3944334
1#
#3962852
0#
#3981370
1#
#3999888
0#
#4018406
1#
#4036924
0#
#4055442
1#
#4073960
0#
#4092478
1#
#4110996
0#
#4129514
1#
#4148032
0#
#4166550
1#
#4185068
0#
#4203586
1#
#4222104
0#
#4240622
1#
#4259140
0#
#4277658
1#
#4296176
0#
#4314694
1#
#4333212
0#
#4351730
1#
#4370248
0#
#4388766
1#
#4407284
0#
#4425802
1#
#4444320
0#
#4462838
1#
#4481356
0#
#4499874
1#
#4518392
0#
#4536910
1#
#4555428
0#
#4573946
1#
#4592464
0#
#4610982
1#
#4629500
0#
#4648018
1#
#4666536
0#
#4685054
1#
#4703572
0#
#4722090
1#
#4740608
0#
#4759126
1#
#4777644
0#
#4796162
1#
#4814680
0#
#4833198
1#
#4851716
0#
#4870234
1#
#4888752
0#
#4907270
1#
#4925788
0#
#4944306
1#
#4962824
0#
#4981342
1#
#4999860
0#
#5018378
1#
#5036896
0#
#5055414
1#
#5073932
0#
#5092450
1#
#5110968
0#
#5129486
1#
#5148004
0#
#5166522
1#
#5185040
0#
#5203558
1#
#5222076
0#
#5240594
1#
#5259112
0#
#5277630
1#
#5296148
0#
#5314666
1#
#5333184
0#
#5351702
1#
#5370220
0#
#5388738
1#
#5407256
0#
#5425774
1#
#5444292
0#
#5462810
1#
#5481328
0#
#5499846
1#
#5518364
0#
#5536882
1#
#5555400
0#
#5573918
1#
#5592436
0#
#5610954
1#
#5629472
0#
#5647990
1#
#5666508
0#
#5685026
1#
#5703544
0#
#5722062
1#
#5740580
0#
#5759098
1#
#5777616
0#
#5796134
1#
#5814652
0#
#5833170
1#
#5851688
0#
#5870206
1#
#5888724
0#
#5907242
1#
#5925760
0#
#5944278
1#
#5962796
0#
#5981314
1#
#5999832
0#
#6018350
1#
#6036868
0#
#6055386
1#
#6073904
0#
#6092422
1#
#6110940
0#
#6129458
1#
#6147976
0#
#6166494
1#
#6185012
0#
#6203530
1#
#6222048
0#
#6240566
1#
#6259084
0#
#6277602
1#
#6296120
0#
#6314638
1#
#6333156
0#
#6351674
1#
#6370192
0#
#6388710
1#
#6407228
0#
#6425746
1#
#6444264
0#
#6462782
1#
#6481300
0#
#6499818
1#
#6518336
0#
#6536854
1#
#6555372
0#
#6573890
1#
#6592408
0#
#6610926
1#
#6629444
0#
#6647962
1#
#6666480
0#
#6684998
1#
#6703516
0#
#6722034
1#
#6740552
0#
#6759070
1#
#6777588
0#
#6796106
1#
#6814624
0#
#6833142
1#
#6851660
0#
#6870178
1#
#6888696
0#
#6907214
1#
#6925732
0#
#6944250
1#
#6962768
0#
#6981286
1#
#6999804
0#
#7018322
1#
#7036840
0#
#7055358
1#
#7073876
0#
#7092394
1#
#7110912
0#
#7129430
1#
#7147948
0#
#7166466
1#
#7184984
0#
#7203502
1#
#7222020
0#
#7240538
1#
#7259056
0#
#7277574
1#
#7296092
0#
#7314610
1#
#7333128
0#
#7351646
1#
#7370164
0#
#7388682
1#
#7407200
0#
#7425718
1#
#7444236
0#
#7462754
1#
#7481272
0#
#7499790
1#
#7518308
0#
#7536826
1#
#7555344
0#
#7573862
1#
#7592380
0#
#7610898
1#
#7629416
0#
#7647934
1#
#7666452
0#
#7684970
1#
#7703488
0#
#7722006
1#
#7740524
0#
#7759042
1#
#7777560
0#
#7796078
1#
#7814596
0#
#7833114
1#
#7851632
0#
#7870150
1#
#7888668
0#
#7907186
1#
#7925704
0#
#7944222
1#
#7962740
0#
#7981258
1#
#7999776
0#
#8018294
1#
#8036812
0#
#8055330
1#
#8073848
0#
#8092366
1#
#8110884
0#
#8129402
1#
#8147920
0#
#8166438
1#
#8184956
0#
#8203474
1#
#8221992
0#
#8240510
1#
#8259028
0#
#8277546
1#
#8296064
0#
#8314582
1#
#8333100
0#
#8351618
1#
#8370136
0#
#8388654
1#
#8407172
0#
#8425690
1#
#8444208
0#
#8462726
1#
#8481244
0#
#8499762
1#
#8518280
0#
#8536798
1#
#8555316
0#
#8573834
1#
#8592352
0#
#8610870
1#
#8629388
0#
#8647906
1#
#8666424
0#
#8684942
1#
#8703460
0#
#8721978
1#
#8740496
0#
#8759014
1#
#8777532
0#
#8796050
1#
#8814568
0#
#8833086
1#
#8851604
0#
#8870122
1#
#8888640
0#
#8907158
1#
#8925676
0#
#8944194
1#
#8962712
0#
#8981230
1#
#8999748
0#
#9018266
1#
#9036784
0#
#9055302
1#
#9073820
0#
#9092338
1#
#9110856
0#
#9129374
1#
#9147892
0#
#9166410
1#
#9184928
0#
#9203446
1#
#9221964
0#
#9240482
1#
#9259000
0#
#9277518
1#
#9296036
0#
#9314554
1#
#9333072
0#
#9351590
1#
#9370108
0#
#9388626
1#
#9407144
0#
#9425662
1#
#9444180
0#
#9462698
1#
#9481216
0#
#9499734
1#
#9518252
0#
#9536770
1#
#9555288
0#
#9573806
1#
#9592324
0#
#9610842
1#
#9629360
0#
#9647878
1#
#9666396
0#
#9684914
1#
#9703432
0#
#9721950
1#
#9740468
0#
#9758986
1#
#9777504
0#
#9796022
1#
#9814540
0#
#9833058
1#
#9851576
0#
#9870094
1#
#9888612
0#
#9907130
1#
#9925648
0#
#9944166
1#
#9962684
0#
#9981202
1#
#9999720
0#
#10018238
1#
#10036756
0#
#10055274
1#
#10073792
0#
#10092310
1#
#10110828
0#
#10129346
1#
#10147864
0#
#10166382
1#
#10184900
0#
#10203418
1#
#10221936
0#
#10240454
1#
#10258972
0#
#10277490
1#
#10296008
0#
#10314526
1#
#10333044
0#
#10351562
1#
#10370080
0#
#10388598
1#
#10407116
0#
#10425634
1#
#10444152
0#
#10462670
1#
#10481188
0#
#10499706
1#
#10518224
0#
#10536742
1#
#10555260
0#
#10573778
1#
#10592296
0#
#10610814
1#
#10629332
0#
#10647850
1#
#10666368
0#
#10684886
1#
#10703404
0#
#10721922
1#
#10740440
0#
#10758958
1#
#10777476
0#
#10795994
1#
#10814512
0#
#10833030
1#
#10851548
0#
#10870066
1#
#10888584
0#
#10907102
1#
#10925620
0#
#10944138
1#
#10962656
0#
#10981174
1#
#10999692
0#
#11018210
1#
#11036728
0#
#11055246
1#
#11073764
0#
#11092282
1#
#11110800
0#
#11129318
1#
#11147836
0#
#11166354
1#
#11184872
0#
#11203390
1#
#11221908
0#
#11240426
1#
#11258944
0#
#11277462
1#
#11295980
0#
#11314498
1#
#11333016
0#
#11351534
1#
#11370052
0#
#11388570
1#
#11407088
0#
#11425606
1#
#11444124
0#
#11462642
1#
#11481160
0#
#11499678
1#
#11518196
0#
#11536714
1#
#11555232
0#
#11573750
1#
#11592268
0#
#11610786
1#
#11629304
0#
#11647822
1#
#11666340
0#
#11684858
1#
#11703376
0#
#11721894
1#
#11740412
0#
#11758930
1#
#11777448
0#
#11795966
1#
#11814484
0#
#11833002
1#
#11851520
0#
#11870038
1#
#11888556
0#
#11907074
1#
#11925592
0#
#11944110
1#
#11962628
0#
#11981146
1#
#11999664
0#
#12018182
1#
#12036700
0#
#12055218
1#
#12073736
0#
#12092254
1#
#12110772
0#
#12129290
1#
#12147808
0#
#12166326
1#
#12184844
0#
#12203362
1#
#12221880
0#
#12240398
1#
#12258916
0#
#12277434
1#
#12295952
0#
#12314470
1#
#12332988
0#
#12351506
1#
#12370024
0#
#12388542
1#
#12407060
0#
#12425578
1#
#12444096
0#
#12462614
1#
#12481132
0#
#12499650
1#
#12518168
0#
#12536686
1#
#12555204
0#
#12573722
1#
#12592240
0#
#12610758
1#
#12629276
0#
#12647794
1#
#12666312
0#
#12684830
1#
#12703348
0#
#12721866
1#
#12740384
0#
#12758902
1#
#12777420
0#
#12795938
1#
#12814456
0#
#12832974
1#
#12851492
0#
#12870010
1#
#12888528
0#
#12907046
1#
#12925564
0#
#12944082
1#
#12962600
0#
#12981118
1#
#12999636
0#
#13018154
1#
#13036672
0#
#13055190
1#
#13073708
0#
#13092226
1#
#13110744
0#
#13129262
1#
#13147780
0#
#13166298
1#
#13184816
0#
#13203334
1#
#13221852
0#
#13240370
1#
#13258888
0#
#13277406
1#
#13295924
0#
#13314442
1#
#13332960
0#
#13351478
1#
#13369996
0#
#13388514
1#
#13407032
0#
#13425550
1#
#13444068
0#
#13462586
1#
#13481104
0#
#13499622
1#
#13518140
0#
#13536658
1#
#13555176
0#
#13573694
1#
#13592212
0#
#13610730
1#
#13629248
0#
#13647766
1#
#13666284
0#
#13684802
1#
#13703320
0#
#13721838
1#
#13740356
0#
#13758874
1#
#13777392
0#
#13795910
1#
#13814428
0#
#13832946
1#
#13851464
0#
#13869982
1#
#13888500
0#
#13907018
1#
#13925536
0#
#13944054
1#
#13962572
0#
#13981090
1#
#13999608
0#
#14018126
1#
#14036644
0#
#14055162
1#
#14073680
0#
#14092198
1#
#14110716
0#
#14129234
1#
#14147752
0#
#14166270
1#
#14184788
0#
#14203306
1#
#14221824
0#
#14240342
1#
#14258860
0#
#14277378
1#
#14295896
0#
#14314414
1#
#14332932
0#
#14351450
1#
#14369968
0#
#14388486
1#
#14407004
0#
#14425522
1#
#14444040
0#
#14462558
1#
#14481076
0#
#14499594
1#
#14518112
0#
#14536630
1#
#14555148
0#
#14573666
1#
#14592184
0#
#14610702
1#
#14629220
0#
#14647738
1#
#14666256
0#
#14684774
1#
#14703292
0#
#14721810
1#
#14740328
0#
#14758846
1#
#14777364
0#
#14795882
1#
#14814400
0#
#14832918
1#
#14851436
0#
#14869954
1#
#14888472
0#
#14906990
1#
#14925508
0#
#14944026
1#
#14962544
0#
#14981062
1#
#14999580
0#
#15018098
1#
#15036616
0#
#15055134
1#
#15073652
0#
#15092170
1#
#15110688
0#
#15129206
1#
#15147724
0#
#15166242
1#
#15184760
0#
#15203278
1#
#15221796
0#
#15240314
1#
#15258832
0#
#15277350
1#
#15295868
0#
#15314386
1#
#15332904
0#
#15351422
1#
#15369940
0#
#15388458
1#
#15406976
0#
#15425494
1#
#15444012
0#
#15462530
1#
#15481048
0#
#15499566
1#
#15518084
0#
#15536602
1#
#15555120
0#
#15573638
1#
#15592156
0#
#15610674
1#
#15629192
0#
#15647710
1#
#15666228
0#
#15684746
1#
#15703264
0#
#15721782
1#
#15740300
0#
#15758818
1#
#15777336
0#
#15795854
1#
#15814372
0#
#15832890
1#
#15851408
0#
#15869926
1#
#15888444
0#
#15906962
1#
#15925480
0#
#15943998
1#
#15962516
0#
#15981034
1#
#15999552
0#
#16018070
1#
#16036588
0#
#16055106
1#
#16073624
0#
#16092142
1#
#16110660
0#
#16129178
1#
#16147696
0#
#16166214
1#
#16184732
0#
#16203250
1#
#16221768
0#
#16240286
1#
#16258804
0#
#16277322
1#
#16295840
0#
#16314358
1#
#16332876
0#
#16351394
1#
#16369912
0#
#16388430
1#
#16406948
0#
#16425466
1#
#16443984
0#
#16462502
1#
#16481020
0#
#16499538
1#
#16518056
0#
#16536574
1#
#16555092
0#
#16573610
1#
#16592128
0#
#16610646
1#
#16629164
0#
#16647682
1#
#16666200
0#
#16684718
1#
#16703236
0#
#16721754
1#
#16740272
0#
#16758790
1#
#16777308
0#
#16795826
1#
#16814344
0#
#16832862
1#
#16851380
0#
#16869898
1#
#16888416
0#
#16906934
1#
#16925452
0#
#16943970
1#
#16962488
0#
#16981006
1#
#16999524
0#
#17018042
1#
#17036560
0#
#17055078
1#
#17073596
0#
#17092114
1#
#17110632
0#
#17129150
1#
#17147668
0#
#17166186
1#
#17184704
0#
#17203222
1#
#17221740
0#
#17240258
1#
#17258776
0#
#17277294
1#
#17295812
0#
#17314330
1#
#17332848
0#
#17351366
1#
#17369884
0#
#17388402
1#
#17406920
0#
#17425438
1#
#17443956
0#
#17462474
1#
#17480992
0#
#17499510
1#
#17518028
0#
#17536546
1#
#17555064
0#
#17573582
1#
#17592100
0#
#17610618
1#
#17629136
0#
#17647654
1#
#17666172
0#
#17684690
1#
#17703208
0#
#17721726
1#
#17740244
0#
#17758762
1#
#17777280
0#
#17795798
1#
#17814316
0#
#17832834
1#
#17851352
0#
#17869870
1#
#17888388
0#
#17906906
1#
#17925424
0#
#17943942
1#
#17962460
0#
#17980978
1#
#17999496
0#
#18018014
1#
#18036532
0#
#18055050
1#
#18073568
0#
#18092086
1#
#18110604
0#
#18129122
1#
#18147640
0#
#18166158
1#
#18184676
0#
#18203194
1#
#18221712
0#
#18240230
1#
#18258748
0#
#18277266
1#
#18295784
0#
#18314302
1#
#18332820
0#
#18351338
1#
#18369856
0#
#18388374
1#
#18406892
0#
#18425410
1#
#18443928
0#
#18462446
1#
#18480964
0#
#18499482
1#
#18518000
0#
#18536518
1#
#18555036
0#
#18573554
1#
#18592072
0#
#18610590
1#
#18629108
0#
#18647626
1#
#18666144
0#
#18684662
1#
#18703180
0#
#18721698
1#
#18740216
0#
#18758734
1#
#18777252
0#
#18795770
1#
#18814288
0#
#18832806
1#
#18851324
0#
#18869842
1#
#18888360
0#
#18906878
1#
#18925396
0#
#18943914
1#
#18962432
0#
#18980950
1#
#18999468
0#
#19017986
1#
#19036504
0#
#19055022
1#
#19073540
0#
#19092058
1#
#19110576
0#
#19129094
1#
#19147612
0#
#19166130
1#
#19184648
0#
#19203166
1#
#19221684
0#
#19240202
1#
#19258720
0#
#19277238
1#
#19295756
0#
#19314274
1#
#19332792
0#
#19351310
1#
#19369828
0#
#19388346
1#
#19406864
0#
#19425382
1#
#19443900
0#
#19462418
1#
#19480936
0#
#19499454
1#
#19517972
0#
#19536490
1#
#19555008
0#
#19573526
1#
#19592044
0#
#19610562
1#
#19629080
0#
#19647598
1#
#19666116
0#
#19684634
1#
#19703152
0#
#19721670
1#
#19740188
0#
#19758706
1#
#19777224
0#
#19795742
1#
#19814260
0#
#19832778
1#
#19851296
0#
#19869814
1#
#19888332
0#
#19906850
1#
#19925368
0#
#19943886
1#
#19962404
0#
#19980922
1#
#19999440
0#
#20017958
1#
#20036476
0#
#20054994
1#
#20073512
0#
#20092030
1#
#20110548
0#
#20129066
1#
#20147584
0#
#20166102
1#
#20184620
0#
#20200000
0%
b1010101 <
#20203138
03
1#
#20221656
0#
#20240174
04
1#
#20258692
0#
#20277210
b1 2
1#
#20295728
0#
#20314246
b1 .
1#
#20332764
0#
#20351282
b10 .
1#
#20369800
0#
#20388318
b11 .
1#
#20406836
0#
#20425354
b100 .
1#
#20443872
0#
#20462390
b101 .
1#
#20480908
0#
#20499426
b110 .
1#
#20517944
0#
#20536462
b111 .
1#
#20554980
0#
#20573498
b1000 .
1#
#20592016
0#
#20610534
b1001 .
1#
#20629052
0#
#20647570
b1010 .
1#
#20666088
0#
#20684606
b1011 .
1#
#20703124
0#
#20721642
b1100 .
1#
#20740160
0#
#20758678
b1101 .
1#
#20777196
0#
#20795714
b1110 .
1#
#20814232
0#
#20832750
b1111 .
1#
#20851268
0#
#20869786
b10000 .
1#
#20888304
0#
#20906822
b10001 .
1#
#20925340
0#
#20943858
b10010 .
1#
#20962376
0#
#20980894
b10011 .
1#
#20999412
0#
#21017930
b10100 .
1#
#21036448
0#
#21054966
b10101 .
1#
#21073484
0#
#21092002
b10110 .
1#
#21110520
0#
#21129038
b10111 .
1#
#21147556
0#
#21166074
b11000 .
1#
#21184592
0#
#21203110
b11001 .
1#
#21221628
0#
#21240146
b11010 .
1#
#21258664
0#
#21277182
b11011 .
1#
#21295700
0#
#21314218
b11100 .
1#
#21332736
0#
#21351254
b11101 .
1#
#21369772
0#
#21388290
b11110 .
1#
#21406808
0#
#21425326
b11111 .
1#
#21443844
0#
#21462362
b100000 .
1#
#21480880
0#
#21499398
b100001 .
1#
#21517916
0#
#21536434
b100010 .
1#
#21554952
0#
#21573470
b100011 .
1#
#21591988
0#
#21610506
b100100 .
1#
#21629024
0#
#21647542
b100101 .
1#
#21666060
0#
#21684578
b100110 .
1#
#21703096
0#
#21721614
b100111 .
1#
#21740132
0#
#21758650
b101000 .
1#
#21777168
0#
#21795686
b101001 .
1#
#21814204
0#
#21832722
b101010 .
1#
#21851240
0#
#21869758
b101011 .
1#
#21888276
0#
#21906794
b101100 .
1#
#21925312
0#
#21943830
b101101 .
1#
#21962348
0#
#21980866
b101110 .
1#
#21999384
0#
#22017902
b101111 .
1#
#22036420
0#
#22054938
b110000 .
1#
#22073456
0#
#22091974
b110001 .
1#
#22110492
0#
#22129010
b110010 .
1#
#22147528
0#
#22166046
b110011 .
1#
#22184564
0#
#22203082
b110100 .
1#
#22221600
0#
#22240118
b110101 .
1#
#22258636
0#
#22277154
b110110 .
1#
#22295672
0#
#22314190
b110111 .
1#
#22332708
0#
#22351226
b111000 .
1#
#22369744
0#
#22388262
b111001 .
1#
#22406780
0#
#22425298
b111010 .
1#
#22443816
0#
#22462334
b111011 .
1#
#22480852
0#
#22499370
b111100 .
1#
#22517888
0#
#22536406
b111101 .
1#
#22554924
0#
#22573442
b111110 .
1#
#22591960
0#
#22610478
b111111 .
1#
#22628996
0#
#22647514
b1000000 .
1#
#22666032
0#
#22684550
b1000001 .
1#
#22703068
0#
#22721586
b1000010 .
1#
#22740104
0#
#22758622
b1000011 .
1#
#22777140
0#
#22795658
b1000100 .
1#
#22814176
0#
#22832694
b1000101 .
1#
#22851212
0#
#22869730
b1000110 .
1#
#22888248
0#
#22906766
b1000111 .
1#
#22925284
0#
#22943802
b1001000 .
1#
#22962320
0#
#22980838
b1001001 .
1#
#22999356
0#
#23017874
b1001010 .
1#
#23036392
0#
#23054910
b1001011 .
1#
#23073428
0#
#23091946
b1001100 .
1#
#23110464
0#
#23128982
b1001101 .
1#
#23147500
0#
#23166018
b1001110 .
1#
#23184536
0#
#23203054
b1001111 .
1#
#23221572
0#
#23240090
b1010000 .
1#
#23258608
0#
#23277126
b1010001 .
1#
#23295644
0#
#23314162
b1010010 .
1#
#23332680
0#
#23351198
b1010011 .
1#
#23369716
0#
#23388234
b1010100 .
1#
#23406752
0#
#23425270
b1010101 .
1#
#23443788
0#
#23462306
b1010110 .
1#
#23480824
0#
#23499342
b1010111 .
1#
#23517860
0#
#23536378
b1011000 .
1#
#23554896
0#
#23573414
b1011001 .
1#
#23591932
0#
#23610450
b1011010 .
1#
#23628968
0#
#23647486
b1011011 .
1#
#23666004
0#
#23684522
b1011100 .
1#
#23703040
0#
#23721558
b1011101 .
1#
#23740076
0#
#23758594
b1011110 .
1#
#23777112
0#
#23795630
b1011111 .
1#
#23814148
0#
#23832666
b1100000 .
1#
#23851184
0#
#23869702
b1100001 .
1#
#23888220
0#
#23906738
b1100010 .
1#
#23925256
0#
#23943774
b1100011 .
1#
#23962292
0#
#23980810
b1100100 .
1#
#23999328
0#
#24017846
b1100101 .
1#
#24036364
0#
#24054882
b1100110 .
1#
#24073400
0#
#24091918
b1100111 .
1#
#24110436
0#
#24128954
b1101000 .
1#
#24147472
0#
#24165990
b1101001 .
1#
#24184508
0#
#24203026
b1101010 .
1#
#24221544
0#
#24240062
b1101011 .
1#
#24258580
0#
#24277098
b1101100 .
1#
#24295616
0#
#24314134
b1101101 .
1#
#24332652
0#
#24351170
b1101110 .
1#
#24369688
0#
#24388206
b1101111 .
1#
#24406724
0#
#24425242
b1110000 .
1#
#24443760
0#
#24462278
b1110001 .
1#
#24480796
0#
#24499314
b1110010 .
1#
#24517832
0#
#24536350
b1110011 .
1#
#24554868
0#
#24573386
b1110100 .
1#
#24591904
0#
#24610422
b10 2
b0 .
1#
#24628940
0#
#24647458
b1 .
1#
#24665976
0#
#24684494
b10 .
1#
#24703012
0#
#24721530
b11 .
1#
#24740048
0#
#24758566
b100 .
1#
#24777084
0#
#24795602
b101 .
1#
#24814120
0#
#24832638
b110 .
1#
#24851156
0#
#24869674
b111 .
1#
#24888192
0#
#24906710
b1000 .
1#
#24925228
0#
#24943746
b1001 .
1#
#24962264
0#
#24980782
b1010 .
1#
#24999300
0#
#25017818
b1011 .
1#
#25036336
0#
#25054854
b1100 .
1#
#25073372
0#
#25091890
b1101 .
1#
#25110408
0#
#25128926
b1110 .
1#
#25147444
0#
#25165962
b1111 .
1#
#25184480
0#
#25202998
b10000 .
1#
#25221516
0#
#25240034
b10001 .
1#
#25258552
0#
#25277070
b10010 .
1#
#25295588
0#
#25314106
b10011 .
1#
#25332624
0#
#25351142
b10100 .
1#
#25369660
0#
#25388178
b10101 .
1#
#25406696
0#
#25425214
b10110 .
1#
#25443732
0#
#25462250
b10111 .
1#
#25480768
0#
#25499286
b11000 .
1#
#25517804
0#
#25536322
b11001 .
1#
#25554840
0#
#25573358
b11010 .
1#
#25591876
0#
#25610394
b11011 .
1#
#25628912
0#
#25647430
b11100 .
1#
#25665948
0#
#25684466
b11101 .
1#
#25702984
0#
#25721502
b11110 .
1#
#25740020
0#
#25758538
b11111 .
1#
#25777056
0#
#25795574
b100000 .
1#
#25814092
0#
#25832610
b100001 .
1#
#25851128
0#
#25869646
b100010 .
1#
#25888164
0#
#25906682
b100011 .
1#
#25925200
0#
#25943718
b100100 .
1#
#25962236
0#
#25980754
b100101 .
1#
#25999272
0#
#26017790
b100110 .
1#
#26036308
0#
#26054826
b100111 .
1#
#26073344
0#
#26091862
b101000 .
1#
#26110380
0#
#26128898
b101001 .
1#
#26147416
0#
#26165934
b101010 .
1#
#26184452
0#
#26202970
b101011 .
1#
#26221488
0#
#26240006
b101100 .
1#
#26258524
0#
#26277042
b101101 .
1#
#26295560
0#
#26314078
b101110 .
1#
#26332596
0#
#26351114
b101111 .
1#
#26369632
0#
#26388150
b110000 .
1#
#26406668
0#
#26425186
b110001 .
1#
#26443704
0#
#26462222
b110010 .
1#
#26480740
0#
#26499258
b110011 .
1#
#26517776
0#
#26536294
b110100 .
1#
#26554812
0#
#26573330
b110101 .
1#
#26591848
0#
#26610366
b110110 .
1#
#26628884
0#
#26647402
b110111 .
1#
#26665920
0#
#26684438
b111000 .
1#
#26702956
0#
#26721474
b111001 .
1#
#26739992
0#
#26758510
b111010 .
1#
#26777028
0#
#26795546
b111011 .
1#
#26814064
0#
#26832582
b111100 .
1#
#26851100
0#
#26869618
b111101 .
1#
#26888136
0#
#26906654
b111110 .
1#
#26925172
0#
#26943690
b111111 .
1#
#26962208
0#
#26980726
b1000000 .
1#
#26999244
0#
#27017762
b1000001 .
1#
#27036280
0#
#27054798
b1000010 .
1#
#27073316
0#
#27091834
b1000011 .
1#
#27110352
0#
#27128870
b1000100 .
1#
#27147388
0#
#27165906
b1000101 .
1#
#27184424
0#
#27202942
b1000110 .
1#
#27221460
0#
#27239978
b1000111 .
1#
#27258496
0#
#27277014
b1001000 .
1#
#27295532
0#
#27314050
b1001001 .
1#
#27332568
0#
#27351086
b1001010 .
1#
#27369604
0#
#27388122
b1001011 .
1#
#27406640
0#
#27425158
b1001100 .
1#
#27443676
0#
#27462194
b1001101 .
1#
#27480712
0#
#27499230
b1001110 .
1#
#27517748
0#
#27536266
b1001111 .
1#
#27554784
0#
#27573302
b1010000 .
1#
#27591820
0#
#27610338
b1010001 .
1#
#27628856
0#
#27647374
b1010010 .
1#
#27665892
0#
#27684410
b1010011 .
1#
#27702928
0#
#27721446
b1010100 .
1#
#27739964
0#
#27758482
b1010101 .
1#
#27777000
0#
#27795518
b1010110 .
1#
#27814036
0#
#27832554
b1010111 .
1#
#27851072
0#
#27869590
b1011000 .
1#
#27888108
0#
#27906626
b1011001 .
1#
#27925144
0#
#27943662
b1011010 .
1#
#27962180
0#
#27980698
b1011011 .
1#
#27999216
0#
#28017734
b1011100 .
1#
#28036252
0#
#28054770
b1011101 .
1#
#28073288
0#
#28091806
b1011110 .
1#
#28110324
0#
#28128842
b1011111 .
1#
#28147360
0#
#28165878
b1100000 .
1#
#28184396
0#
#28202914
b1100001 .
1#
#28221432
0#
#28239950
b1100010 .
1#
#28258468
0#
#28276986
b1100011 .
1#
#28295504
0#
#28314022
b1100100 .
1#
#28332540
0#
#28351058
b1100101 .
1#
#28369576
0#
#28388094
b1100110 .
1#
#28406612
0#
#28425130
b1100111 .
1#
#28443648
0#
#28462166
b1101000 .
1#
#28480684
0#
#28499202
b1101001 .
1#
#28517720
0#
#28536238
b1101010 .
1#
#28554756
0#
#28573274
b1101011 .
1#
#28591792
0#
#28610310
b1101100 .
1#
#28628828
0#
#28647346
b1101101 .
1#
#28665864
0#
#28684382
b1101110 .
1#
#28702900
0#
#28721418
b1101111 .
1#
#28739936
0#
#28758454
b1110000 .
1#
#28776972
0#
#28795490
b1110001 .
1#
#28814008
0#
#28832526
b1110010 .
1#
#28851044
0#
#28869562
b1110011 .
1#
#28870000
1%
b0 =
#28888080
0#
#28906598
b1110100 .
13
1#
#28925116
0#
#28943634
b1110101 .
14
1#
#28962152
0#
#28980670
b1110110 .
1#
#28999188
0#
#29017706
b1110111 .
1#
#29036224
0#
#29054742
b1111000 .
1#
#29073260
0#
#29091778
b1111001 .
1#
#29110296
0#
#29128814
b1111010 .
1#
#29147332
0#
#29165850
b1111011 .
1#
#29184368
0#
#29202886
b1111100 .
1#
#29221404
0#
#29239922
b1111101 .
1#
#29258440
0#
#29276958
b1111110 .
1#
#29295476
0#
#29313994
b1111111 .
1#
#29332512
0#
#29351030
b10000000 .
1#
#29369548
0#
#29388066
b10000001 .
1#
#29406584
0#
#29425102
b10000010 .
1#
#29443620
0#
#29462138
b10000011 .
1#
#29480656
0#
#29499174
b10000100 .
1#
#29517692
0#
#29536210
b10000101 .
1#
#29554728
0#
#29573246
b10000110 .
1#
#29591764
0#
#29610282
b10000111 .
1#
#29628800
0#
#29647318
b10001000 .
1#
#29665836
0#
#29684354
b10001001 .
1#
#29702872
0#
#29721390
b10001010 .
1#
#29739908
0#
#29758426
b10001011 .
1#
#29776944
0#
#29795462
b10001100 .
1#
#29813980
0#
#29832498
b10001101 .
1#
#29851016
0#
#29869534
b10001110 .
1#
#29888052
0#
#29906570
b10001111 .
1#
#29925088
0#
#29943606
b10010000 .
1#
#29962124
0#
#29980642
b10010001 .
1#
#29999160
0#
#30017678
b10010010 .
1#
#30036196
0#
#30054714
b10010011 .
1#
#30073232
0#
#30091750
b10010100 .
1#
#30110268
0#
#30128786
b10010101 .
1#
#30147304
0#
#30165822
b10010110 .
1#
#30184340
0#
#30202858
b10010111 .
1#
#30221376
0#
#30239894
b10011000 .
1#
#30258412
0#
#30276930
b10011001 .
1#
#30295448
0#
#30313966
b10011010 .
1#
#30332484
0#
#30351002
b10011011 .
1#
#30369520
0#
#30388038
b10011100 .
1#
#30406556
0#
#30425074
b10011101 .
1#
#30443592
0#
#30462110
b10011110 .
1#
#30480628
0#
#30499146
b10011111 .
1#
#30517664
0#
#30536182
b10100000 .
1#
#30554700
0#
#30573218
b10100001 .
1#
#30591736
0#
#30610254
b10100010 .
1#
#30628772
0#
#30647290
b10100011 .
1#
#30665808
0#
#30684326
b10100100 .
1#
#30702844
0#
#30721362
b10100101 .
1#
#30739880
0#
#30758398
b10100110 .
1#
#30776916
0#
#30795434
b10100111 .
1#
#30813952
0#
#30832470
b10101000 .
1#
#30850988
0#
#30869506
b10101001 .
1#
#30888024
0#
#30906542
b10101010 .
1#
#30925060
0#
#30943578
b10101011 .
1#
#30962096
0#
#30980614
b10101100 .
1#
#30999132
0#
#31017650
b10101101 .
1#
#31036168
0#
#31054686
b10101110 .
1#
#31073204
0#
#31091722
b10101111 .
1#
#31110240
0#
#31128758
b10110000 .
1#
#31147276
0#
#31165794
b10110001 .
1#
#31184312
0#
#31202830
b10110010 .
1#
#31221348
0#
#31239866
b10110011 .
1#
#31258384
0#
#31276902
b10110100 .
1#
#31295420
0#
#31313938
b10110101 .
1#
#31332456
0#
#31350974
b10110110 .
1#
#31369492
0#
#31388010
b10110111 .
1#
#31406528
0#
#31425046
b10111000 .
1#
#31443564
0#
#31462082
b10111001 .
1#
#31480600
0#
#31499118
b10111010 .
1#
#31517636
0#
#31536154
b10111011 .
1#
#31554672
0#
#31573190
b10111100 .
1#
#31591708
0#
#31610226
b10111101 .
1#
#31628744
0#
#31647262
b10111110 .
1#
#31665780
0#
#31684298
b10111111 .
1#
#31702816
0#
#31721334
b11000000 .
1#
#31739852
0#
#31758370
b11000001 .
1#
#31776888
0#
#31795406
b11000010 .
1#
#31813924
0#
#31832442
b11000011 .
1#
#31850960
0#
#31869478
b11000100 .
1#
#31887996
0#
#31906514
b11000101 .
1#
#31925032
0#
#31943550
b11000110 .
1#
#31962068
0#
#31980586
b11000111 .
1#
#31999104
0#
#32017622
b11001000 .
1#
#32036140
0#
#32054658
b11001001 .
1#
#32073176
0#
#32091694
b11001010 .
1#
#32110212
0#
#32128730
b11001011 .
1#
#32147248
0#
#32165766
b11001100 .
1#
#32184284
0#
#32202802
b11001101 .
1#
#32221320
0#
#32239838
b11001110 .
1#
#32258356
0#
#32276874
b11001111 .
1#
#32295392
0#
#32313910
b11010000 .
1#
#32332428
0#
#32350946
b11010001 .
1#
#32369464
0#
#32387982
b11010010 .
1#
#32406500
0#
#32425018
b11010011 .
1#
#32443536
0#
#32462054
b11010100 .
1#
#32480572
0#
#32499090
b11010101 .
1#
#32517608
0#
#32536126
b11010110 .
1#
#32554644
0#
#32573162
b11010111 .
1#
#32591680
0#
#32610198
b11011000 .
1#
#32628716
0#
#32647234
b11011001 .
1#
#32665752
0#
#32684270
b11011010 .
1#
#32702788
0#
#32721306
b11011011 .
1#
#32739824
0#
#32758342
b11011100 .
1#
#32776860
0#
#32795378
b11011101 .
1#
#32813896
0#
#32832414
b11011110 .
1#
#32850932
0#
#32869450
b11011111 .
1#
#32887968
0#
#32906486
b11100000 .
1#
#32925004
0#
#32943522
b11100001 .
1#
#32962040
0#
#32980558
b11100010 .
1#
#32999076
0#
#33017594
b11100011 .
1#
#33036112
0#
#33054630
b11100100 .
1#
#33073148
0#
#33091666
b11100101 .
1#
#33110184
0#
#33128702
b11100110 .
1#
#33147220
0#
#33165738
b11100111 .
1#
#33184256
0#
#33202774
b11101000 .
1#
#33221292
0#
#33239810
b11101001 .
1#
#33258328
0#
#33276846
b1 /
b1 1
b0 .
1#
#33295364
0#
#33313882
b1 .
1#
#33332400
0#
#33350918
b10 .
1#
#33369436
0#
#33387954
b11 .
1#
#33406472
0#
#33424990
b100 .
1#
#33443508
0#
#33462026
b101 .
1#
#33480544
0#
#33499062
b110 .
1#
#33517580
0#
#33536098
b111 .
1#
#33554616
0#
#33573134
b1000 .
1#
#33591652
0#
#33610170
b1001 .
1#
#33628688
0#
#33647206
b1010 .
1#
#33665724
0#
#33684242
b1011 .
1#
#33702760
0#
#33721278
b1100 .
1#
#33739796
0#
#33758314
b1101 .
1#
#33776832
0#
#33795350
b1110 .
1#
#33813868
0#
#33832386
b1111 .
1#
#33850904
0#
#33869422
b10000 .
1#
#33887940
0#
#33906458
b10001 .
1#
#33924976
0#
#33943494
b10010 .
1#
#33962012
0#
#33980530
b10011 .
1#
#33999048
0#
#34017566
b10100 .
1#
#34036084
0#
#34054602
b10101 .
1#
#34073120
0#
#34091638
b10110 .
1#
#34110156
0#
#34128674
b10111 .
1#
#34147192
0#
#34165710
b11000 .
1#
#34184228
0#
#34202746
b11001 .
1#
#34221264
0#
#34239782
b11010 .
1#
#34258300
0#
#34276818
b11011 .
1#
#34295336
0#
#34313854
b11100 .
1#
#34332372
0#
#34350890
b11101 .
1#
#34369408
0#
#34387926
b11110 .
1#
#34406444
0#
#34424962
b11111 .
1#
#34443480
0#
#34461998
b100000 .
1#
#34480516
0#
#34499034
b100001 .
1#
#34517552
0#
#34536070
b100010 .
1#
#34554588
0#
#34573106
b100011 .
1#
#34591624
0#
#34610142
b100100 .
1#
#34628660
0#
#34647178
b100101 .
1#
#34665696
0#
#34684214
b100110 .
1#
#34702732
0#
#34721250
b100111 .
1#
#34739768
0#
#34758286
b101000 .
1#
#34776804
0#
#34795322
b101001 .
1#
#34813840
0#
#34832358
b101010 .
1#
#34850876
0#
#34869394
b101011 .
1#
#34887912
0#
#34906430
b101100 .
1#
#34924948
0#
#34943466
b101101 .
1#
#34961984
0#
#34980502
b101110 .
1#
#34999020
0#
#35017538
b101111 .
1#
#35036056
0#
#35054574
b110000 .
1#
#35073092
0#
#35091610
b110001 .
1#
#35110128
0#
#35128646
b110010 .
1#
#35147164
0#
#35165682
b110011 .
1#
#35184200
0#
#35202718
b110100 .
1#
#35221236
0#
#35239754
b110101 .
1#
#35258272
0#
#35276790
b110110 .
1#
#35295308
0#
#35313826
b110111 .
1#
#35332344
0#
#35350862
b111000 .
1#
#35369380
0#
#35387898
b111001 .
1#
#35406416
0#
#35424934
b111010 .
1#
#35443452
0#
#35461970
b111011 .
1#
#35480488
0#
#35499006
b111100 .
1#
#35517524
0#
#35536042
b111101 .
1#
#35554560
0#
#35573078
b111110 .
1#
#35591596
0#
#35610114
b111111 .
1#
#35628632
0#
#35647150
b1000000 .
1#
#35665668
0#
#35684186
b1000001 .
1#
#35702704
0#
#35721222
b1000010 .
1#
#35739740
0#
#35758258
b1000011 .
1#
#35776776
0#
#35795294
b1000100 .
1#
#35813812
0#
#35832330
b1000101 .
1#
#35850848
0#
#35869366
b1000110 .
1#
#35887884
0#
#35906402
b1000111 .
1#
#35924920
0#
#35943438
b1001000 .
1#
#35961956
0#
#35980474
b1001001 .
1#
#35998992
0#
#36017510
b1001010 .
1#
#36036028
0#
#36054546
b1001011 .
1#
#36073064
0#
#36091582
b1001100 .
1#
#36110100
0#
#36128618
b1001101 .
1#
#36147136
0#
#36165654
b1001110 .
1#
#36184172
0#
#36202690
b1001111 .
1#
#36221208
0#
#36239726
b1010000 .
1#
#36258244
0#
#36276762
b1010001 .
1#
#36295280
0#
#36313798
b1010010 .
1#
#36332316
0#
#36350834
b1010011 .
1#
#36369352
0#
#36387870
b1010100 .
1#
#36406388
0#
#36424906
b1010101 .
1#
#36443424
0#
#36461942
b1010110 .
1#
#36480460
0#
#36498978
b1010111 .
1#
#36517496
0#
#36536014
b1011000 .
1#
#36554532
0#
#36573050
b1011001 .
1#
#36591568
0#
#36610086
b1011010 .
1#
#36628604
0#
#36647122
b1011011 .
1#
#36665640
0#
#36684158
b1011100 .
1#
#36702676
0#
#36721194
b1011101 .
1#
#36739712
0#
#36758230
b1011110 .
1#
#36776748
0#
#36795266
b1011111 .
1#
#36813784
0#
#36832302
b1100000 .
1#
#36850820
0#
#36869338
b1100001 .
1#
#36887856
0#
#36906374
b1100010 .
1#
#36924892
0#
#36943410
b1100011 .
1#
#36961928
0#
#36980446
b1100100 .
1#
#36998964
0#
#37017482
b1100101 .
1#
#37036000
0#
#37054518
b1100110 .
1#
#37073036
0#
#37091554
b1100111 .
1#
#37110072
0#
#37128590
b1101000 .
1#
#37147108
0#
#37165626
b1101001 .
1#
#37184144
0#
#37202662
b1101010 .
1#
#37221180
0#
#37239698
b1101011 .
1#
#37258216
0#
#37276734
b1101100 .
1#
#37295252
0#
#37313770
b1101101 .
1#
#37332288
0#
#37350806
b1101110 .
1#
#37369324
0#
#37387842
b1101111 .
1#
#37406360
0#
#37424878
b1110000 .
1#
#37443396
0#
#37461914
b1110001 .
1#
#37480432
0#
#37498950
b1110010 .
1#
#37517468
0#
#37535986
b1110011 .
1#
#37540000
0%
b1 =
#37554504
0#
#37573022
b1110100 .
03
1#
#37591540
0#
#37610058
b1110101 .
04
1#
#37628576
0#
#37647094
b1110110 .
1#
#37665612
0#
#37684130
b1110111 .
1#
#37702648
0#
#37721166
b1111000 .
1#
#37739684
0#
#37758202
b1111001 .
1#
#37776720
0#
#37795238
b1111010 .
1#
#37813756
0#
#37832274
b1111011 .
1#
#37850792
0#
#37869310
b1111100 .
1#
#37887828
0#
#37906346
b1111101 .
1#
#37924864
0#
#37943382
b1111110 .
1#
#37961900
0#
#37980418
b1111111 .
1#
#37998936
0#
#38017454
b10000000 .
1#
#38035972
0#
#38054490
b10000001 .
1#
#38073008
0#
#38091526
b10000010 .
1#
#38110044
0#
#38128562
b10000011 .
1#
#38147080
0#
#38165598
b10000100 .
1#
#38184116
0#
#38202634
b10000101 .
1#
#38221152
0#
#38239670
b10000110 .
1#
#38258188
0#
#38276706
b10000111 .
1#
#38295224
0#
#38313742
b10001000 .
1#
#38332260
0#
#38350778
b10001001 .
1#
#38369296
0#
#38387814
b10001010 .
1#
#38406332
0#
#38424850
b10001011 .
1#
#38443368
0#
#38461886
b10001100 .
1#
#38480404
0#
#38498922
b10001101 .
1#
#38517440
0#
#38535958
b10001110 .
1#
#38554476
0#
#38572994
b10001111 .
1#
#38591512
0#
#38610030
b10010000 .
1#
#38628548
0#
#38647066
b10010001 .
1#
#38665584
0#
#38684102
b10010010 .
1#
#38702620
0#
#38721138
b10010011 .
1#
#38739656
0#
#38758174
b10010100 .
1#
#38776692
0#
#38795210
b10010101 .
1#
#38813728
0#
#38832246
b10010110 .
1#
#38850764
0#
#38869282
b10010111 .
1#
#38887800
0#
#38906318
b10011000 .
1#
#38924836
0#
#38943354
b10011001 .
1#
#38961872
0#
#38980390
b10011010 .
1#
#38998908
0#
#39017426
b10011011 .
1#
#39035944
0#
#39054462
b10011100 .
1#
#39072980
0#
#39091498
b10011101 .
1#
#39110016
0#
#39128534
b10011110 .
1#
#39147052
0#
#39165570
b10011111 .
1#
#39184088
0#
#39202606
b10100000 .
1#
#39221124
0#
#39239642
b10100001 .
1#
#39258160
0#
#39276678
b10100010 .
1#
#39295196
0#
#39313714
b10100011 .
1#
#39332232
0#
#39350750
b10100100 .
1#
#39369268
0#
#39387786
b10100101 .
1#
#39406304
0#
#39424822
b10100110 .
1#
#39443340
0#
#39461858
b10100111 .
1#
#39480376
0#
#39498894
b10101000 .
1#
#39517412
0#
#39535930
b10101001 .
1#
#39554448
0#
#39572966
b10101010 .
1#
#39591484
0#
#39610002
b10101011 .
1#
#39628520
0#
#39647038
b10101100 .
1#
#39665556
0#
#39684074
b10101101 .
1#
#39702592
0#
#39721110
b10101110 .
1#
#39739628
0#
#39758146
b10101111 .
1#
#39776664
0#
#39795182
b10110000 .
1#
#39813700
0#
#39832218
b10110001 .
1#
#39850736
0#
#39869254
b10110010 .
1#
#39887772
0#
#39906290
b10110011 .
1#
#39924808
0#
#39943326
b10110100 .
1#
#39961844
0#
#39980362
b10110101 .
1#
#39998880
0#
#40017398
b10110110 .
1#
#40035916
0#
#40054434
b10110111 .
1#
#40072952
0#
#40091470
b10111000 .
1#
#40109988
0#
#40128506
b10111001 .
1#
#40147024
0#
#40165542
b10111010 .
1#
#40184060
0#
#40202578
b10111011 .
1#
#40221096
0#
#40239614
b10111100 .
1#
#40258132
0#
#40276650
b10111101 .
1#
#40295168
0#
#40313686
b10111110 .
1#
#40332204
0#
#40350722
b10111111 .
1#
#40369240
0#
#40387758
b11000000 .
1#
#40406276
0#
#40424794
b11000001 .
1#
#40443312
0#
#40461830
b11000010 .
1#
#40480348
0#
#40498866
b11000011 .
1#
#40517384
0#
#40535902
b11000100 .
1#
#40554420
0#
#40572938
b11000101 .
1#
#40591456
0#
#40609974
b11000110 .
1#
#40628492
0#
#40647010
b11000111 .
1#
#40665528
0#
#40684046
b11001000 .
1#
#40702564
0#
#40721082
b11001001 .
1#
#40739600
0#
#40758118
b11001010 .
1#
#40776636
0#
#40795154
b11001011 .
1#
#40813672
0#
#40832190
b11001100 .
1#
#40850708
0#
#40869226
b11001101 .
1#
#40887744
0#
#40906262
b11001110 .
1#
#40924780
0#
#40943298
b11001111 .
1#
#40961816
0#
#40980334
b11010000 .
1#
#40998852
0#
#41017370
b11010001 .
1#
#41035888
0#
#41054406
b11010010 .
1#
#41072924
0#
#41091442
b11010011 .
1#
#41109960
0#
#41128478
b11010100 .
1#
#41146996
0#
#41165514
b11010101 .
1#
#41184032
0#
#41202550
b11010110 .
1#
#41221068
0#
#41239586
b11010111 .
1#
#41258104
0#
#41276622
b11011000 .
1#
#41295140
0#
#41313658
b11011001 .
1#
#41332176
0#
#41350694
b11011010 .
1#
#41369212
0#
#41387730
b11011011 .
1#
#41406248
0#
#41424766
b11011100 .
1#
#41443284
0#
#41461802
b11011101 .
1#
#41480320
0#
#41498838
b11011110 .
1#
#41517356
0#
#41535874
b11011111 .
1#
#41554392
0#
#41572910
b11100000 .
1#
#41591428
0#
#41609946
b11100001 .
1#
#41628464
0#
#41646982
b11100010 .
1#
#41665500
0#
#41684018
b11100011 .
1#
#41702536
0#
#41721054
b11100100 .
1#
#41739572
0#
#41758090
b11100101 .
1#
#41776608
0#
#41795126
b11100110 .
1#
#41813644
0#
#41832162
b11100111 .
1#
#41850680
0#
#41869198
b11101000 .
1#
#41887716
0#
#41906234
b11101001 .
1#
#41924752
0#
#41943270
b10 /
b0 .
1#
#41961788
0#
#41980306
b1 .
1#
#41998824
0#
#42017342
b10 .
1#
#42035860
0#
#42054378
b11 .
1#
#42072896
0#
#42091414
b100 .
1#
#42109932
0#
#42128450
b101 .
1#
#42146968
0#
#42165486
b110 .
1#
#42184004
0#
#42202522
b111 .
1#
#42221040
0#
#42239558
b1000 .
1#
#42258076
0#
#42276594
b1001 .
1#
#42295112
0#
#42313630
b1010 .
1#
#42332148
0#
#42350666
b1011 .
1#
#42369184
0#
#42387702
b1100 .
1#
#42406220
0#
#42424738
b1101 .
1#
#42443256
0#
#42461774
b1110 .
1#
#42480292
0#
#42498810
b1111 .
1#
#42517328
0#
#42535846
b10000 .
1#
#42554364
0#
#42572882
b10001 .
1#
#42591400
0#
#42609918
b10010 .
1#
#42628436
0#
#42646954
b10011 .
1#
#42665472
0#
#42683990
b10100 .
1#
#42702508
0#
#42721026
b10101 .
1#
#42739544
0#
#42758062
b10110 .
1#
#42776580
0#
#42795098
b10111 .
1#
#42813616
0#
#42832134
b11000 .
1#
#42850652
0#
#42869170
b11001 .
1#
#42887688
0#
#42906206
b11010 .
1#
#42924724
0#
#42943242
b11011 .
1#
#42961760
0#
#42980278
b11100 .
1#
#42998796
0#
#43017314
b11101 .
1#
#43035832
0#
#43054350
b11110 .
1#
#43072868
0#
#43091386
b11111 .
1#
#43109904
0#
#43128422
b100000 .
1#
#43146940
0#
#43165458
b100001 .
1#
#43183976
0#
#43202494
b100010 .
1#
#43221012
0#
#43239530
b100011 .
1#
#43258048
0#
#43276566
b100100 .
1#
#43295084
0#
#43313602
b100101 .
1#
#43332120
0#
#43350638
b100110 .
1#
#43369156
0#
#43387674
b100111 .
1#
#43406192
0#
#43424710
b101000 .
1#
#43443228
0#
#43461746
b101001 .
1#
#43480264
0#
#43498782
b101010 .
1#
#43517300
0#
#43535818
b101011 .
1#
#43554336
0#
#43572854
b101100 .
1#
#43591372
0#
#43609890
b101101 .
1#
#43628408
0#
#43646926
b101110 .
1#
#43665444
0#
#43683962
b101111 .
1#
#43702480
0#
#43720998
b110000 .
1#
#43739516
0#
#43758034
b110001 .
1#
#43776552
0#
#43795070
b110010 .
1#
#43813588
0#
#43832106
b110011 .
1#
#43850624
0#
#43869142
b110100 .
1#
#43887660
0#
#43906178
b110101 .
1#
#43924696
0#
#43943214
b110110 .
1#
#43961732
0#
#43980250
b110111 .
1#
#43998768
0#
#44017286
b111000 .
1#
#44035804
0#
#44054322
b111001 .
1#
#44072840
0#
#44091358
b111010 .
1#
#44109876
0#
#44128394
b111011 .
1#
#44146912
0#
#44165430
b111100 .
1#
#44183948
0#
#44202466
b111101 .
1#
#44220984
0#
#44239502
b111110 .
1#
#44258020
0#
#44276538
b111111 .
1#
#44295056
0#
#44313574
b1000000 .
1#
#44332092
0#
#44350610
b1000001 .
1#
#44369128
0#
#44387646
b1000010 .
1#
#44406164
0#
#44424682
b1000011 .
1#
#44443200
0#
#44461718
b1000100 .
1#
#44480236
0#
#44498754
b1000101 .
1#
#44517272
0#
#44535790
b1000110 .
1#
#44554308
0#
#44572826
b1000111 .
1#
#44591344
0#
#44609862
b1001000 .
1#
#44628380
0#
#44646898
b1001001 .
1#
#44665416
0#
#44683934
b1001010 .
1#
#44702452
0#
#44720970
b1001011 .
1#
#44739488
0#
#44758006
b1001100 .
1#
#44776524
0#
#44795042
b1001101 .
1#
#44813560
0#
#44832078
b1001110 .
1#
#44850596
0#
#44869114
b1001111 .
1#
#44887632
0#
#44906150
b1010000 .
1#
#44924668
0#
#44943186
b1010001 .
1#
#44961704
0#
#44980222
b1010010 .
1#
#44998740
0#
#45017258
b1010011 .
1#
#45035776
0#
#45054294
b1010100 .
1#
#45072812
0#
#45091330
b1010101 .
1#
#45109848
0#
#45128366
b1010110 .
1#
#45146884
0#
#45165402
b1010111 .
1#
#45183920
0#
#45202438
b1011000 .
1#
#45220956
0#
#45239474
b1011001 .
1#
#45257992
0#
#45276510
b1011010 .
1#
#45295028
0#
#45313546
b1011011 .
1#
#45332064
0#
#45350582
b1011100 .
1#
#45369100
0#
#45387618
b1011101 .
1#
#45406136
0#
#45424654
b1011110 .
1#
#45443172
0#
#45461690
b1011111 .
1#
#45480208
0#
#45498726
b1100000 .
1#
#45517244
0#
#45535762
b1100001 .
1#
#45554280
0#
#45572798
b1100010 .
1#
#45591316
0#
#45609834
b1100011 .
1#
#45628352
0#
#45646870
b1100100 .
1#
#45665388
0#
#45683906
b1100101 .
1#
#45702424
0#
#45720942
b1100110 .
1#
#45739460
0#
#45757978
b1100111 .
1#
#45776496
0#
#45795014
b1101000 .
1#
#45813532
0#
#45832050
b1101001 .
1#
#45850568
0#
#45869086
b1101010 .
1#
#45887604
0#
#45906122
b1101011 .
1#
#45924640
0#
#45943158
b1101100 .
1#
#45961676
0#
#45980194
b1101101 .
1#
#45998712
0#
#46017230
b1101110 .
1#
#46035748
0#
#46054266
b1101111 .
1#
#46072784
0#
#46091302
b1110000 .
1#
#46109820
0#
#46128338
b1110001 .
1#
#46146856
0#
#46165374
b1110010 .
1#
#46183892
0#
#46202410
b1110011 .
1#
#46210000
1%
b10 =
#46220928
0#
#46239446
b1110100 .
13
1#
#46257964
0#
#46276482
b1110101 .
14
1#
#46295000
0#
#46313518
b1110110 .
1#
#46332036
0#
#46350554
b1110111 .
1#
#46369072
0#
#46387590
b1111000 .
1#
#46406108
0#
#46424626
b1111001 .
1#
#46443144
0#
#46461662
b1111010 .
1#
#46480180
0#
#46498698
b1111011 .
1#
#46517216
0#
#46535734
b1111100 .
1#
#46554252
0#
#46572770
b1111101 .
1#
#46591288
0#
#46609806
b1111110 .
1#
#46628324
0#
#46646842
b1111111 .
1#
#46665360
0#
#46683878
b10000000 .
1#
#46702396
0#
#46720914
b10000001 .
1#
#46739432
0#
#46757950
b10000010 .
1#
#46776468
0#
#46794986
b10000011 .
1#
#46813504
0#
#46832022
b10000100 .
1#
#46850540
0#
#46869058
b10000101 .
1#
#46887576
0#
#46906094
b10000110 .
1#
#46924612
0#
#46943130
b10000111 .
1#
#46961648
0#
#46980166
b10001000 .
1#
#46998684
0#
#47017202
b10001001 .
1#
#47035720
0#
#47054238
b10001010 .
1#
#47072756
0#
#47091274
b10001011 .
1#
#47109792
0#
#47128310
b10001100 .
1#
#47146828
0#
#47165346
b10001101 .
1#
#47183864
0#
#47202382
b10001110 .
1#
#47220900
0#
#47239418
b10001111 .
1#
#47257936
0#
#47276454
b10010000 .
1#
#47294972
0#
#47313490
b10010001 .
1#
#47332008
0#
#47350526
b10010010 .
1#
#47369044
0#
#47387562
b10010011 .
1#
#47406080
0#
#47424598
b10010100 .
1#
#47443116
0#
#47461634
b10010101 .
1#
#47480152
0#
#47498670
b10010110 .
1#
#47517188
0#
#47535706
b10010111 .
1#
#47554224
0#
#47572742
b10011000 .
1#
#47591260
0#
#47609778
b10011001 .
1#
#47628296
0#
#47646814
b10011010 .
1#
#47665332
0#
#47683850
b10011011 .
1#
#47702368
0#
#47720886
b10011100 .
1#
#47739404
0#
#47757922
b10011101 .
1#
#47776440
0#
#47794958
b10011110 .
1#
#47813476
0#
#47831994
b10011111 .
1#
#47850512
0#
#47869030
b10100000 .
1#
#47887548
0#
#47906066
b10100001 .
1#
#47924584
0#
#47943102
b10100010 .
1#
#47961620
0#
#47980138
b10100011 .
1#
#47998656
0#
#48017174
b10100100 .
1#
#48035692
0#
#48054210
b10100101 .
1#
#48072728
0#
#48091246
b10100110 .
1#
#48109764
0#
#48128282
b10100111 .
1#
#48146800
0#
#48165318
b10101000 .
1#
#48183836
0#
#48202354
b10101001 .
1#
#48220872
0#
#48239390
b10101010 .
1#
#48257908
0#
#48276426
b10101011 .
1#
#48294944
0#
#48313462
b10101100 .
1#
#48331980
0#
#48350498
b10101101 .
1#
#48369016
0#
#48387534
b10101110 .
1#
#48406052
0#
#48424570
b10101111 .
1#
#48443088
0#
#48461606
b10110000 .
1#
#48480124
0#
#48498642
b10110001 .
1#
#48517160
0#
#48535678
b10110010 .
1#
#48554196
0#
#48572714
b10110011 .
1#
#48591232
0#
#48609750
b10110100 .
1#
#48628268
0#
#48646786
b10110101 .
1#
#48665304
0#
#48683822
b10110110 .
1#
#48702340
0#
#48720858
b10110111 .
1#
#48739376
0#
#48757894
b10111000 .
1#
#48776412
0#
#48794930
b10111001 .
1#
#48813448
0#
#48831966
b10111010 .
1#
#48850484
0#
#48869002
b10111011 .
1#
#48887520
0#
#48906038
b10111100 .
1#
#48924556
0#
#48943074
b10111101 .
1#
#48961592
0#
#48980110
b10111110 .
1#
#48998628
0#
#49017146
b10111111 .
1#
#49035664
0#
#49054182
b11000000 .
1#
#49072700
0#
#49091218
b11000001 .
1#
#49109736
0#
#49128254
b11000010 .
1#
#49146772
0#
#49165290
b11000011 .
1#
#49183808
0#
#49202326
b11000100 .
1#
#49220844
0#
#49239362
b11000101 .
1#
#49257880
0#
#49276398
b11000110 .
1#
#49294916
0#
#49313434
b11000111 .
1#
#49331952
0#
#49350470
b11001000 .
1#
#49368988
0#
#49387506
b11001001 .
1#
#49406024
0#
#49424542
b11001010 .
1#
#49443060
0#
#49461578
b11001011 .
1#
#49480096
0#
#49498614
b11001100 .
1#
#49517132
0#
#49535650
b11001101 .
1#
#49554168
0#
#49572686
b11001110 .
1#
#49591204
0#
#49609722
b11001111 .
1#
#49628240
0#
#49646758
b11010000 .
1#
#49665276
0#
#49683794
b11010001 .
1#
#49702312
0#
#49720830
b11010010 .
1#
#49739348
0#
#49757866
b11010011 .
1#
#49776384
0#
#49794902
b11010100 .
1#
#49813420
0#
#49831938
b11010101 .
1#
#49850456
0#
#49868974
b11010110 .
1#
#49887492
0#
#49906010
b11010111 .
1#
#49924528
0#
#49943046
b11011000 .
1#
#49961564
0#
#49980082
b11011001 .
1#
#49998600
0#
#50017118
b11011010 .
1#
#50035636
0#
#50054154
b11011011 .
1#
#50072672
0#
#50091190
b11011100 .
1#
#50109708
0#
#50128226
b11011101 .
1#
#50146744
0#
#50165262
b11011110 .
1#
#50183780
0#
#50202298
b11011111 .
1#
#50220816
0#
#50239334
b11100000 .
1#
#50257852
0#
#50276370
b11100001 .
1#
#50294888
0#
#50313406
b11100010 .
1#
#50331924
0#
#50350442
b11100011 .
1#
#50368960
0#
#50387478
b11100100 .
1#
#50405996
0#
#50424514
b11100101 .
1#
#50443032
0#
#50461550
b11100110 .
1#
#50480068
0#
#50498586
b11100111 .
1#
#50517104
0#
#50535622
b11101000 .
1#
#50554140
0#
#50572658
b11101001 .
1#
#50591176
0#
#50609694
b11 /
b101 1
b0 .
1#
#50628212
0#
#50646730
b1 .
1#
#50665248
0#
#50683766
b10 .
1#
#50702284
0#
#50720802
b11 .
1#
#50739320
0#
#50757838
b100 .
1#
#50776356
0#
#50794874
b101 .
1#
#50813392
0#
#50831910
b110 .
1#
#50850428
0#
#50868946
b111 .
1#
#50887464
0#
#50905982
b1000 .
1#
#50924500
0#
#50943018
b1001 .
1#
#50961536
0#
#50980054
b1010 .
1#
#50998572
0#
#51017090
b1011 .
1#
#51035608
0#
#51054126
b1100 .
1#
#51072644
0#
#51091162
b1101 .
1#
#51109680
0#
#51128198
b1110 .
1#
#51146716
0#
#51165234
b1111 .
1#
#51183752
0#
#51202270
b10000 .
1#
#51220788
0#
#51239306
b10001 .
1#
#51257824
0#
#51276342
b10010 .
1#
#51294860
0#
#51313378
b10011 .
1#
#51331896
0#
#51350414
b10100 .
1#
#51368932
0#
#51387450
b10101 .
1#
#51405968
0#
#51424486
b10110 .
1#
#51443004
0#
#51461522
b10111 .
1#
#51480040
0#
#51498558
b11000 .
1#
#51517076
0#
#51535594
b11001 .
1#
#51554112
0#
#51572630
b11010 .
1#
#51591148
0#
#51609666
b11011 .
1#
#51628184
0#
#51646702
b11100 .
1#
#51665220
0#
#51683738
b11101 .
1#
#51702256
0#
#51720774
b11110 .
1#
#51739292
0#
#51757810
b11111 .
1#
#51776328
0#
#51794846
b100000 .
1#
#51813364
0#
#51831882
b100001 .
1#
#51850400
0#
#51868918
b100010 .
1#
#51887436
0#
#51905954
b100011 .
1#
#51924472
0#
#51942990
b100100 .
1#
#51961508
0#
#51980026
b100101 .
1#
#51998544
0#
#52017062
b100110 .
1#
#52035580
0#
#52054098
b100111 .
1#
#52072616
0#
#52091134
b101000 .
1#
#52109652
0#
#52128170
b101001 .
1#
#52146688
0#
#52165206
b101010 .
1#
#52183724
0#
#52202242
b101011 .
1#
#52220760
0#
#52239278
b101100 .
1#
#52257796
0#
#52276314
b101101 .
1#
#52294832
0#
#52313350
b101110 .
1#
#52331868
0#
#52350386
b101111 .
1#
#52368904
0#
#52387422
b110000 .
1#
#52405940
0#
#52424458
b110001 .
1#
#52442976
0#
#52461494
b110010 .
1#
#52480012
0#
#52498530
b110011 .
1#
#52517048
0#
#52535566
b110100 .
1#
#52554084
0#
#52572602
b110101 .
1#
#52591120
0#
#52609638
b110110 .
1#
#52628156
0#
#52646674
b110111 .
1#
#52665192
0#
#52683710
b111000 .
1#
#52702228
0#
#52720746
b111001 .
1#
#52739264
0#
#52757782
b111010 .
1#
#52776300
0#
#52794818
b111011 .
1#
#52813336
0#
#52831854
b111100 .
1#
#52850372
0#
#52868890
b111101 .
1#
#52887408
0#
#52905926
b111110 .
1#
#52924444
0#
#52942962
b111111 .
1#
#52961480
0#
#52979998
b1000000 .
1#
#52998516
0#
#53017034
b1000001 .
1#
#53035552
0#
#53054070
b1000010 .
1#
#53072588
0#
#53091106
b1000011 .
1#
#53109624
0#
#53128142
b1000100 .
1#
#53146660
0#
#53165178
b1000101 .
1#
#53183696
0#
#53202214
b1000110 .
1#
#53220732
0#
#53239250
b1000111 .
1#
#53257768
0#
#53276286
b1001000 .
1#
#53294804
0#
#53313322
b1001001 .
1#
#53331840
0#
#53350358
b1001010 .
1#
#53368876
0#
#53387394
b1001011 .
1#
#53405912
0#
#53424430
b1001100 .
1#
#53442948
0#
#53461466
b1001101 .
1#
#53479984
0#
#53498502
b1001110 .
1#
#53517020
0#
#53535538
b1001111 .
1#
#53554056
0#
#53572574
b1010000 .
1#
#53591092
0#
#53609610
b1010001 .
1#
#53628128
0#
#53646646
b1010010 .
1#
#53665164
0#
#53683682
b1010011 .
1#
#53702200
0#
#53720718
b1010100 .
1#
#53739236
0#
#53757754
b1010101 .
1#
#53776272
0#
#53794790
b1010110 .
1#
#53813308
0#
#53831826
b1010111 .
1#
#53850344
0#
#53868862
b1011000 .
1#
#53887380
0#
#53905898
b1011001 .
1#
#53924416
0#
#53942934
b1011010 .
1#
#53961452
0#
#53979970
b1011011 .
1#
#53998488
0#
#54017006
b1011100 .
1#
#54035524
0#
#54054042
b1011101 .
1#
#54072560
0#
#54091078
b1011110 .
1#
#54109596
0#
#54128114
b1011111 .
1#
#54146632
0#
#54165150
b1100000 .
1#
#54183668
0#
#54202186
b1100001 .
1#
#54220704
0#
#54239222
b1100010 .
1#
#54257740
0#
#54276258
b1100011 .
1#
#54294776
0#
#54313294
b1100100 .
1#
#54331812
0#
#54350330
b1100101 .
1#
#54368848
0#
#54387366
b1100110 .
1#
#54405884
0#
#54424402
b1100111 .
1#
#54442920
0#
#54461438
b1101000 .
1#
#54479956
0#
#54498474
b1101001 .
1#
#54516992
0#
#54535510
b1101010 .
1#
#54554028
0#
#54572546
b1101011 .
1#
#54591064
0#
#54609582
b1101100 .
1#
#54628100
0#
#54646618
b1101101 .
1#
#54665136
0#
#54683654
b1101110 .
1#
#54702172
0#
#54720690
b1101111 .
1#
#54739208
0#
#54757726
b1110000 .
1#
#54776244
0#
#54794762
b1110001 .
1#
#54813280
0#
#54831798
b1110010 .
1#
#54850316
0#
#54868834
b1110011 .
1#
#54880000
0%
b11 =
#54887352
0#
#54905870
b1110100 .
03
1#
#54924388
0#
#54942906
b1110101 .
04
1#
#54961424
0#
#54979942
b1110110 .
1#
#54998460
0#
#55016978
b1110111 .
1#
#55035496
0#
#55054014
b1111000 .
1#
#55072532
0#
#55091050
b1111001 .
1#
#55109568
0#
#55128086
b1111010 .
1#
#55146604
0#
#55165122
b1111011 .
1#
#55183640
0#
#55202158
b1111100 .
1#
#55220676
0#
#55239194
b1111101 .
1#
#55257712
0#
#55276230
b1111110 .
1#
#55294748
0#
#55313266
b1111111 .
1#
#55331784
0#
#55350302
b10000000 .
1#
#55368820
0#
#55387338
b10000001 .
1#
#55405856
0#
#55424374
b10000010 .
1#
#55442892
0#
#55461410
b10000011 .
1#
#55479928
0#
#55498446
b10000100 .
1#
#55516964
0#
#55535482
b10000101 .
1#
#55554000
0#
#55572518
b10000110 .
1#
#55591036
0#
#55609554
b10000111 .
1#
#55628072
0#
#55646590
b10001000 .
1#
#55665108
0#
#55683626
b10001001 .
1#
#55702144
0#
#55720662
b10001010 .
1#
#55739180
0#
#55757698
b10001011 .
1#
#55776216
0#
#55794734
b10001100 .
1#
#55813252
0#
#55831770
b10001101 .
1#
#55850288
0#
#55868806
b10001110 .
1#
#55887324
0#
#55905842
b10001111 .
1#
#55924360
0#
#55942878
b10010000 .
1#
#55961396
0#
#55979914
b10010001 .
1#
#55998432
0#
#56016950
b10010010 .
1#
#56035468
0#
#56053986
b10010011 .
1#
#56072504
0#
#56091022
b10010100 .
1#
#56109540
0#
#56128058
b10010101 .
1#
#56146576
0#
#56165094
b10010110 .
1#
#56183612
0#
#56202130
b10010111 .
1#
#56220648
0#
#56239166
b10011000 .
1#
#56257684
0#
#56276202
b10011001 .
1#
#56294720
0#
#56313238
b10011010 .
1#
#56331756
0#
#56350274
b10011011 .
1#
#56368792
0#
#56387310
b10011100 .
1#
#56405828
0#
#56424346
b10011101 .
1#
#56442864
0#
#56461382
b10011110 .
1#
#56479900
0#
#56498418
b10011111 .
1#
#56516936
0#
#56535454
b10100000 .
1#
#56553972
0#
#56572490
b10100001 .
1#
#56591008
0#
#56609526
b10100010 .
1#
#56628044
0#
#56646562
b10100011 .
1#
#56665080
0#
#56683598
b10100100 .
1#
#56702116
0#
#56720634
b10100101 .
1#
#56739152
0#
#56757670
b10100110 .
1#
#56776188
0#
#56794706
b10100111 .
1#
#56813224
0#
#56831742
b10101000 .
1#
#56850260
0#
#56868778
b10101001 .
1#
#56887296
0#
#56905814
b10101010 .
1#
#56924332
0#
#56942850
b10101011 .
1#
#56961368
0#
#56979886
b10101100 .
1#
#56998404
0#
#57016922
b10101101 .
1#
#57035440
0#
#57053958
b10101110 .
1#
#57072476
0#
#57090994
b10101111 .
1#
#57109512
0#
#57128030
b10110000 .
1#
#57146548
0#
#57165066
b10110001 .
1#
#57183584
0#
#57202102
b10110010 .
1#
#57220620
0#
#57239138
b10110011 .
1#
#57257656
0#
#57276174
b10110100 .
1#
#57294692
0#
#57313210
b10110101 .
1#
#57331728
0#
#57350246
b10110110 .
1#
#57368764
0#
#57387282
b10110111 .
1#
#57405800
0#
#57424318
b10111000 .
1#
#57442836
0#
#57461354
b10111001 .
1#
#57479872
0#
#57498390
b10111010 .
1#
#57516908
0#
#57535426
b10111011 .
1#
#57553944
0#
#57572462
b10111100 .
1#
#57590980
0#
#57609498
b10111101 .
1#
#57628016
0#
#57646534
b10111110 .
1#
#57665052
0#
#57683570
b10111111 .
1#
#57702088
0#
#57720606
b11000000 .
1#
#57739124
0#
#57757642
b11000001 .
1#
#57776160
0#
#57794678
b11000010 .
1#
#57813196
0#
#57831714
b11000011 .
1#
#57850232
0#
#57868750
b11000100 .
1#
#57887268
0#
#57905786
b11000101 .
1#
#57924304
0#
#57942822
b11000110 .
1#
#57961340
0#
#57979858
b11000111 .
1#
#57998376
0#
#58016894
b11001000 .
1#
#58035412
0#
#58053930
b11001001 .
1#
#58072448
0#
#58090966
b11001010 .
1#
#58109484
0#
#58128002
b11001011 .
1#
#58146520
0#
#58165038
b11001100 .
1#
#58183556
0#
#58202074
b11001101 .
1#
#58220592
0#
#58239110
b11001110 .
1#
#58257628
0#
#58276146
b11001111 .
1#
#58294664
0#
#58313182
b11010000 .
1#
#58331700
0#
#58350218
b11010001 .
1#
#58368736
0#
#58387254
b11010010 .
1#
#58405772
0#
#58424290
b11010011 .
1#
#58442808
0#
#58461326
b11010100 .
1#
#58479844
0#
#58498362
b11010101 .
1#
#58516880
0#
#58535398
b11010110 .
1#
#58553916
0#
#58572434
b11010111 .
1#
#58590952
0#
#58609470
b11011000 .
1#
#58627988
0#
#58646506
b11011001 .
1#
#58665024
0#
#58683542
b11011010 .
1#
#58702060
0#
#58720578
b11011011 .
1#
#58739096
0#
#58757614
b11011100 .
1#
#58776132
0#
#58794650
b11011101 .
1#
#58813168
0#
#58831686
b11011110 .
1#
#58850204
0#
#58868722
b11011111 .
1#
#58887240
0#
#58905758
b11100000 .
1#
#58924276
0#
#58942794
b11100001 .
1#
#58961312
0#
#58979830
b11100010 .
1#
#58998348
0#
#59016866
b11100011 .
1#
#59035384
0#
#59053902
b11100100 .
1#
#59072420
0#
#59090938
b11100101 .
1#
#59109456
0#
#59127974
b11100110 .
1#
#59146492
0#
#59165010
b11100111 .
1#
#59183528
0#
#59202046
b11101000 .
1#
#59220564
0#
#59239082
b11101001 .
1#
#59257600
0#
#59276118
b100 /
b0 .
1#
#59294636
0#
#59313154
b1 .
1#
#59331672
0#
#59350190
b10 .
1#
#59368708
0#
#59387226
b11 .
1#
#59405744
0#
#59424262
b100 .
1#
#59442780
0#
#59461298
b101 .
1#
#59479816
0#
#59498334
b110 .
1#
#59516852
0#
#59535370
b111 .
1#
#59553888
0#
#59572406
b1000 .
1#
#59590924
0#
#59609442
b1001 .
1#
#59627960
0#
#59646478
b1010 .
1#
#59664996
0#
#59683514
b1011 .
1#
#59702032
0#
#59720550
b1100 .
1#
#59739068
0#
#59757586
b1101 .
1#
#59776104
0#
#59794622
b1110 .
1#
#59813140
0#
#59831658
b1111 .
1#
#59850176
0#
#59868694
b10000 .
1#
#59887212
0#
#59905730
b10001 .
1#
#59924248
0#
#59942766
b10010 .
1#
#59961284
0#
#59979802
b10011 .
1#
#59998320
0#
#60016838
b10100 .
1#
#60035356
0#
#60053874
b10101 .
1#
#60072392
0#
#60090910
b10110 .
1#
#60109428
0#
#60127946
b10111 .
1#
#60146464
0#
#60164982
b11000 .
1#
#60183500
0#
#60202018
b11001 .
1#
#60220536
0#
#60239054
b11010 .
1#
#60257572
0#
#60276090
b11011 .
1#
#60294608
0#
#60313126
b11100 .
1#
#60331644
0#
#60350162
b11101 .
1#
#60368680
0#
#60387198
b11110 .
1#
#60405716
0#
#60424234
b11111 .
1#
#60442752
0#
#60461270
b100000 .
1#
#60479788
0#
#60498306
b100001 .
1#
#60516824
0#
#60535342
b100010 .
1#
#60553860
0#
#60572378
b100011 .
1#
#60590896
0#
#60609414
b100100 .
1#
#60627932
0#
#60646450
b100101 .
1#
#60664968
0#
#60683486
b100110 .
1#
#60702004
0#
#60720522
b100111 .
1#
#60739040
0#
#60757558
b101000 .
1#
#60776076
0#
#60794594
b101001 .
1#
#60813112
0#
#60831630
b101010 .
1#
#60850148
0#
#60868666
b101011 .
1#
#60887184
0#
#60905702
b101100 .
1#
#60924220
0#
#60942738
b101101 .
1#
#60961256
0#
#60979774
b101110 .
1#
#60998292
0#
#61016810
b101111 .
1#
#61035328
0#
#61053846
b110000 .
1#
#61072364
0#
#61090882
b110001 .
1#
#61109400
0#
#61127918
b110010 .
1#
#61146436
0#
#61164954
b110011 .
1#
#61183472
0#
#61201990
b110100 .
1#
#61220508
0#
#61239026
b110101 .
1#
#61257544
0#
#61276062
b110110 .
1#
#61294580
0#
#61313098
b110111 .
1#
#61331616
0#
#61350134
b111000 .
1#
#61368652
0#
#61387170
b111001 .
1#
#61405688
0#
#61424206
b111010 .
1#
#61442724
0#
#61461242
b111011 .
1#
#61479760
0#
#61498278
b111100 .
1#
#61516796
0#
#61535314
b111101 .
1#
#61553832
0#
#61572350
b111110 .
1#
#61590868
0#
#61609386
b111111 .
1#
#61627904
0#
#61646422
b1000000 .
1#
#61664940
0#
#61683458
b1000001 .
1#
#61701976
0#
#61720494
b1000010 .
1#
#61739012
0#
#61757530
b1000011 .
1#
#61776048
0#
#61794566
b1000100 .
1#
#61813084
0#
#61831602
b1000101 .
1#
#61850120
0#
#61868638
b1000110 .
1#
#61887156
0#
#61905674
b1000111 .
1#
#61924192
0#
#61942710
b1001000 .
1#
#61961228
0#
#61979746
b1001001 .
1#
#61998264
0#
#62016782
b1001010 .
1#
#62035300
0#
#62053818
b1001011 .
1#
#62072336
0#
#62090854
b1001100 .
1#
#62109372
0#
#62127890
b1001101 .
1#
#62146408
0#
#62164926
b1001110 .
1#
#62183444
0#
#62201962
b1001111 .
1#
#62220480
0#
#62238998
b1010000 .
1#
#62257516
0#
#62276034
b1010001 .
1#
#62294552
0#
#62313070
b1010010 .
1#
#62331588
0#
#62350106
b1010011 .
1#
#62368624
0#
#62387142
b1010100 .
1#
#62405660
0#
#62424178
b1010101 .
1#
#62442696
0#
#62461214
b1010110 .
1#
#62479732
0#
#62498250
b1010111 .
1#
#62516768
0#
#62535286
b1011000 .
1#
#62553804
0#
#62572322
b1011001 .
1#
#62590840
0#
#62609358
b1011010 .
1#
#62627876
0#
#62646394
b1011011 .
1#
#62664912
0#
#62683430
b1011100 .
1#
#62701948
0#
#62720466
b1011101 .
1#
#62738984
0#
#62757502
b1011110 .
1#
#62776020
0#
#62794538
b1011111 .
1#
#62813056
0#
#62831574
b1100000 .
1#
#62850092
0#
#62868610
b1100001 .
1#
#62887128
0#
#62905646
b1100010 .
1#
#62924164
0#
#62942682
b1100011 .
1#
#62961200
0#
#62979718
b1100100 .
1#
#62998236
0#
#63016754
b1100101 .
1#
#63035272
0#
#63053790
b1100110 .
1#
#63072308
0#
#63090826
b1100111 .
1#
#63109344
0#
#63127862
b1101000 .
1#
#63146380
0#
#63164898
b1101001 .
1#
#63183416
0#
#63201934
b1101010 .
1#
#63220452
0#
#63238970
b1101011 .
1#
#63257488
0#
#63276006
b1101100 .
1#
#63294524
0#
#63313042
b1101101 .
1#
#63331560
0#
#63350078
b1101110 .
1#
#63368596
0#
#63387114
b1101111 .
1#
#63405632
0#
#63424150
b1110000 .
1#
#63442668
0#
#63461186
b1110001 .
1#
#63479704
0#
#63498222
b1110010 .
1#
#63516740
0#
#63535258
b1110011 .
1#
#63550000
1%
b100 =
#63553776
0#
#63572294
b1110100 .
13
1#
#63590812
0#
#63609330
b1110101 .
14
1#
#63627848
0#
#63646366
b1110110 .
1#
#63664884
0#
#63683402
b1110111 .
1#
#63701920
0#
#63720438
b1111000 .
1#
#63738956
0#
#63757474
b1111001 .
1#
#63775992
0#
#63794510
b1111010 .
1#
#63813028
0#
#63831546
b1111011 .
1#
#63850064
0#
#63868582
b1111100 .
1#
#63887100
0#
#63905618
b1111101 .
1#
#63924136
0#
#63942654
b1111110 .
1#
#63961172
0#
#63979690
b1111111 .
1#
#63998208
0#
#64016726
b10000000 .
1#
#64035244
0#
#64053762
b10000001 .
1#
#64072280
0#
#64090798
b10000010 .
1#
#64109316
0#
#64127834
b10000011 .
1#
#64146352
0#
#64164870
b10000100 .
1#
#64183388
0#
#64201906
b10000101 .
1#
#64220424
0#
#64238942
b10000110 .
1#
#64257460
0#
#64275978
b10000111 .
1#
#64294496
0#
#64313014
b10001000 .
1#
#64331532
0#
#64350050
b10001001 .
1#
#64368568
0#
#64387086
b10001010 .
1#
#64405604
0#
#64424122
b10001011 .
1#
#64442640
0#
#64461158
b10001100 .
1#
#64479676
0#
#64498194
b10001101 .
1#
#64516712
0#
#64535230
b10001110 .
1#
#64553748
0#
#64572266
b10001111 .
1#
#64590784
0#
#64609302
b10010000 .
1#
#64627820
0#
#64646338
b10010001 .
1#
#64664856
0#
#64683374
b10010010 .
1#
#64701892
0#
#64720410
b10010011 .
1#
#64738928
0#
#64757446
b10010100 .
1#
#64775964
0#
#64794482
b10010101 .
1#
#64813000
0#
#64831518
b10010110 .
1#
#64850036
0#
#64868554
b10010111 .
1#
#64887072
0#
#64905590
b10011000 .
1#
#64924108
0#
#64942626
b10011001 .
1#
#64961144
0#
#64979662
b10011010 .
1#
#64998180
0#
#65016698
b10011011 .
1#
#65035216
0#
#65053734
b10011100 .
1#
#65072252
0#
#65090770
b10011101 .
1#
#65109288
0#
#65127806
b10011110 .
1#
#65146324
0#
#65164842
b10011111 .
1#
#65183360
0#
#65201878
b10100000 .
1#
#65220396
0#
#65238914
b10100001 .
1#
#65257432
0#
#65275950
b10100010 .
1#
#65294468
0#
#65312986
b10100011 .
1#
#65331504
0#
#65350022
b10100100 .
1#
#65368540
0#
#65387058
b10100101 .
1#
#65405576
0#
#65424094
b10100110 .
1#
#65442612
0#
#65461130
b10100111 .
1#
#65479648
0#
#65498166
b10101000 .
1#
#65516684
0#
#65535202
b10101001 .
1#
#65553720
0#
#65572238
b10101010 .
1#
#65590756
0#
#65609274
b10101011 .
1#
#65627792
0#
#65646310
b10101100 .
1#
#65664828
0#
#65683346
b10101101 .
1#
#65701864
0#
#65720382
b10101110 .
1#
#65738900
0#
#65757418
b10101111 .
1#
#65775936
0#
#65794454
b10110000 .
1#
#65812972
0#
#65831490
b10110001 .
1#
#65850008
0#
#65868526
b10110010 .
1#
#65887044
0#
#65905562
b10110011 .
1#
#65924080
0#
#65942598
b10110100 .
1#
#65961116
0#
#65979634
b10110101 .
1#
#65998152
0#
#66016670
b10110110 .
1#
#66035188
0#
#66053706
b10110111 .
1#
#66072224
0#
#66090742
b10111000 .
1#
#66109260
0#
#66127778
b10111001 .
1#
#66146296
0#
#66164814
b10111010 .
1#
#66183332
0#
#66201850
b10111011 .
1#
#66220368
0#
#66238886
b10111100 .
1#
#66257404
0#
#66275922
b10111101 .
1#
#66294440
0#
#66312958
b10111110 .
1#
#66331476
0#
#66349994
b10111111 .
1#
#66368512
0#
#66387030
b11000000 .
1#
#66405548
0#
#66424066
b11000001 .
1#
#66442584
0#
#66461102
b11000010 .
1#
#66479620
0#
#66498138
b11000011 .
1#
#66516656
0#
#66535174
b11000100 .
1#
#66553692
0#
#66572210
b11000101 .
1#
#66590728
0#
#66609246
b11000110 .
1#
#66627764
0#
#66646282
b11000111 .
1#
#66664800
0#
#66683318
b11001000 .
1#
#66701836
0#
#66720354
b11001001 .
1#
#66738872
0#
#66757390
b11001010 .
1#
#66775908
0#
#66794426
b11001011 .
1#
#66812944
0#
#66831462
b11001100 .
1#
#66849980
0#
#66868498
b11001101 .
1#
#66887016
0#
#66905534
b11001110 .
1#
#66924052
0#
#66942570
b11001111 .
1#
#66961088
0#
#66979606
b11010000 .
1#
#66998124
0#
#67016642
b11010001 .
1#
#67035160
0#
#67053678
b11010010 .
1#
#67072196
0#
#67090714
b11010011 .
1#
#67109232
0#
#67127750
b11010100 .
1#
#67146268
0#
#67164786
b11010101 .
1#
#67183304
0#
#67201822
b11010110 .
1#
#67220340
0#
#67238858
b11010111 .
1#
#67257376
0#
#67275894
b11011000 .
1#
#67294412
0#
#67312930
b11011001 .
1#
#67331448
0#
#67349966
b11011010 .
1#
#67368484
0#
#67387002
b11011011 .
1#
#67405520
0#
#67424038
b11011100 .
1#
#67442556
0#
#67461074
b11011101 .
1#
#67479592
0#
#67498110
b11011110 .
1#
#67516628
0#
#67535146
b11011111 .
1#
#67553664
0#
#67572182
b11100000 .
1#
#67590700
0#
#67609218
b11100001 .
1#
#67627736
0#
#67646254
b11100010 .
1#
#67664772
0#
#67683290
b11100011 .
1#
#67701808
0#
#67720326
b11100100 .
1#
#67738844
0#
#67757362
b11100101 .
1#
#67775880
0#
#67794398
b11100110 .
1#
#67812916
0#
#67831434
b11100111 .
1#
#67849952
0#
#67868470
b11101000 .
1#
#67886988
0#
#67905506
b11101001 .
1#
#67924024
0#
#67942542
b101 /
b10101 1
b0 .
1#
#67961060
0#
#67979578
b1 .
1#
#67998096
0#
#68016614
b10 .
1#
#68035132
0#
#68053650
b11 .
1#
#68072168
0#
#68090686
b100 .
1#
#68109204
0#
#68127722
b101 .
1#
#68146240
0#
#68164758
b110 .
1#
#68183276
0#
#68201794
b111 .
1#
#68220312
0#
#68238830
b1000 .
1#
#68257348
0#
#68275866
b1001 .
1#
#68294384
0#
#68312902
b1010 .
1#
#68331420
0#
#68349938
b1011 .
1#
#68368456
0#
#68386974
b1100 .
1#
#68405492
0#
#68424010
b1101 .
1#
#68442528
0#
#68461046
b1110 .
1#
#68479564
0#
#68498082
b1111 .
1#
#68516600
0#
#68535118
b10000 .
1#
#68553636
0#
#68572154
b10001 .
1#
#68590672
0#
#68609190
b10010 .
1#
#68627708
0#
#68646226
b10011 .
1#
#68664744
0#
#68683262
b10100 .
1#
#68701780
0#
#68720298
b10101 .
1#
#68738816
0#
#68757334
b10110 .
1#
#68775852
0#
#68794370
b10111 .
1#
#68812888
0#
#68831406
b11000 .
1#
#68849924
0#
#68868442
b11001 .
1#
#68886960
0#
#68905478
b11010 .
1#
#68923996
0#
#68942514
b11011 .
1#
#68961032
0#
#68979550
b11100 .
1#
#68998068
0#
#69016586
b11101 .
1#
#69035104
0#
#69053622
b11110 .
1#
#69072140
0#
#69090658
b11111 .
1#
#69109176
0#
#69127694
b100000 .
1#
#69146212
0#
#69164730
b100001 .
1#
#69183248
0#
#69201766
b100010 .
1#
#69220284
0#
#69238802
b100011 .
1#
#69257320
0#
#69275838
b100100 .
1#
#69294356
0#
#69312874
b100101 .
1#
#69331392
0#
#69349910
b100110 .
1#
#69368428
0#
#69386946
b100111 .
1#
#69405464
0#
#69423982
b101000 .
1#
#69442500
0#
#69461018
b101001 .
1#
#69479536
0#
#69498054
b101010 .
1#
#69516572
0#
#69535090
b101011 .
1#
#69553608
0#
#69572126
b101100 .
1#
#69590644
0#
#69609162
b101101 .
1#
#69627680
0#
#69646198
b101110 .
1#
#69664716
0#
#69683234
b101111 .
1#
#69701752
0#
#69720270
b110000 .
1#
#69738788
0#
#69757306
b110001 .
1#
#69775824
0#
#69794342
b110010 .
1#
#69812860
0#
#69831378
b110011 .
1#
#69849896
0#
#69868414
b110100 .
1#
#69886932
0#
#69905450
b110101 .
1#
#69923968
0#
#69942486
b110110 .
1#
#69961004
0#
#69979522
b110111 .
1#
#69998040
0#
#70016558
b111000 .
1#
#70035076
0#
#70053594
b111001 .
1#
#70072112
0#
#70090630
b111010 .
1#
#70109148
0#
#70127666
b111011 .
1#
#70146184
0#
#70164702
b111100 .
1#
#70183220
0#
#70201738
b111101 .
1#
#70220256
0#
#70238774
b111110 .
1#
#70257292
0#
#70275810
b111111 .
1#
#70294328
0#
#70312846
b1000000 .
1#
#70331364
0#
#70349882
b1000001 .
1#
#70368400
0#
#70386918
b1000010 .
1#
#70405436
0#
#70423954
b1000011 .
1#
#70442472
0#
#70460990
b1000100 .
1#
#70479508
0#
#70498026
b1000101 .
1#
#70516544
0#
#70535062
b1000110 .
1#
#70553580
0#
#70572098
b1000111 .
1#
#70590616
0#
#70609134
b1001000 .
1#
#70627652
0#
#70646170
b1001001 .
1#
#70664688
0#
#70683206
b1001010 .
1#
#70701724
0#
#70720242
b1001011 .
1#
#70738760
0#
#70757278
b1001100 .
1#
#70775796
0#
#70794314
b1001101 .
1#
#70812832
0#
#70831350
b1001110 .
1#
#70849868
0#
#70868386
b1001111 .
1#
#70886904
0#
#70905422
b1010000 .
1#
#70923940
0#
#70942458
b1010001 .
1#
#70960976
0#
#70979494
b1010010 .
1#
#70998012
0#
#71016530
b1010011 .
1#
#71035048
0#
#71053566
b1010100 .
1#
#71072084
0#
#71090602
b1010101 .
1#
#71109120
0#
#71127638
b1010110 .
1#
#71146156
0#
#71164674
b1010111 .
1#
#71183192
0#
#71201710
b1011000 .
1#
#71220228
0#
#71238746
b1011001 .
1#
#71257264
0#
#71275782
b1011010 .
1#
#71294300
0#
#71312818
b1011011 .
1#
#71331336
0#
#71349854
b1011100 .
1#
#71368372
0#
#71386890
b1011101 .
1#
#71405408
0#
#71423926
b1011110 .
1#
#71442444
0#
#71460962
b1011111 .
1#
#71479480
0#
#71497998
b1100000 .
1#
#71516516
0#
#71535034
b1100001 .
1#
#71553552
0#
#71572070
b1100010 .
1#
#71590588
0#
#71609106
b1100011 .
1#
#71627624
0#
#71646142
b1100100 .
1#
#71664660
0#
#71683178
b1100101 .
1#
#71701696
0#
#71720214
b1100110 .
1#
#71738732
0#
#71757250
b1100111 .
1#
#71775768
0#
#71794286
b1101000 .
1#
#71812804
0#
#71831322
b1101001 .
1#
#71849840
0#
#71868358
b1101010 .
1#
#71886876
0#
#71905394
b1101011 .
1#
#71923912
0#
#71942430
b1101100 .
1#
#71960948
0#
#71979466
b1101101 .
1#
#71997984
0#
#72016502
b1101110 .
1#
#72035020
0#
#72053538
b1101111 .
1#
#72072056
0#
#72090574
b1110000 .
1#
#72109092
0#
#72127610
b1110001 .
1#
#72146128
0#
#72164646
b1110010 .
1#
#72183164
0#
#72201682
b1110011 .
1#
#72220000
0%
b101 =
#72220200
0#
#72238718
b1110100 .
03
1#
#72257236
0#
#72275754
b1110101 .
04
1#
#72294272
0#
#72312790
b1110110 .
1#
#72331308
0#
#72349826
b1110111 .
1#
#72368344
0#
#72386862
b1111000 .
1#
#72405380
0#
#72423898
b1111001 .
1#
#72442416
0#
#72460934
b1111010 .
1#
#72479452
0#
#72497970
b1111011 .
1#
#72516488
0#
#72535006
b1111100 .
1#
#72553524
0#
#72572042
b1111101 .
1#
#72590560
0#
#72609078
b1111110 .
1#
#72627596
0#
#72646114
b1111111 .
1#
#72664632
0#
#72683150
b10000000 .
1#
#72701668
0#
#72720186
b10000001 .
1#
#72738704
0#
#72757222
b10000010 .
1#
#72775740
0#
#72794258
b10000011 .
1#
#72812776
0#
#72831294
b10000100 .
1#
#72849812
0#
#72868330
b10000101 .
1#
#72886848
0#
#72905366
b10000110 .
1#
#72923884
0#
#72942402
b10000111 .
1#
#72960920
0#
#72979438
b10001000 .
1#
#72997956
0#
#73016474
b10001001 .
1#
#73034992
0#
#73053510
b10001010 .
1#
#73072028
0#
#73090546
b10001011 .
1#
#73109064
0#
#73127582
b10001100 .
1#
#73146100
0#
#73164618
b10001101 .
1#
#73183136
0#
#73201654
b10001110 .
1#
#73220172
0#
#73238690
b10001111 .
1#
#73257208
0#
#73275726
b10010000 .
1#
#73294244
0#
#73312762
b10010001 .
1#
#73331280
0#
#73349798
b10010010 .
1#
#73368316
0#
#73386834
b10010011 .
1#
#73405352
0#
#73423870
b10010100 .
1#
#73442388
0#
#73460906
b10010101 .
1#
#73479424
0#
#73497942
b10010110 .
1#
#73516460
0#
#73534978
b10010111 .
1#
#73553496
0#
#73572014
b10011000 .
1#
#73590532
0#
#73609050
b10011001 .
1#
#73627568
0#
#73646086
b10011010 .
1#
#73664604
0#
#73683122
b10011011 .
1#
#73701640
0#
#73720158
b10011100 .
1#
#73738676
0#
#73757194
b10011101 .
1#
#73775712
0#
#73794230
b10011110 .
1#
#73812748
0#
#73831266
b10011111 .
1#
#73849784
0#
#73868302
b10100000 .
1#
#73886820
0#
#73905338
b10100001 .
1#
#73923856
0#
#73942374
b10100010 .
1#
#73960892
0#
#73979410
b10100011 .
1#
#73997928
0#
#74016446
b10100100 .
1#
#74034964
0#
#74053482
b10100101 .
1#
#74072000
0#
#74090518
b10100110 .
1#
#74109036
0#
#74127554
b10100111 .
1#
#74146072
0#
#74164590
b10101000 .
1#
#74183108
0#
#74201626
b10101001 .
1#
#74220144
0#
#74238662
b10101010 .
1#
#74257180
0#
#74275698
b10101011 .
1#
#74294216
0#
#74312734
b10101100 .
1#
#74331252
0#
#74349770
b10101101 .
1#
#74368288
0#
#74386806
b10101110 .
1#
#74405324
0#
#74423842
b10101111 .
1#
#74442360
0#
#74460878
b10110000 .
1#
#74479396
0#
#74497914
b10110001 .
1#
#74516432
0#
#74534950
b10110010 .
1#
#74553468
0#
#74571986
b10110011 .
1#
#74590504
0#
#74609022
b10110100 .
1#
#74627540
0#
#74646058
b10110101 .
1#
#74664576
0#
#74683094
b10110110 .
1#
#74701612
0#
#74720130
b10110111 .
1#
#74738648
0#
#74757166
b10111000 .
1#
#74775684
0#
#74794202
b10111001 .
1#
#74812720
0#
#74831238
b10111010 .
1#
#74849756
0#
#74868274
b10111011 .
1#
#74886792
0#
#74905310
b10111100 .
1#
#74923828
0#
#74942346
b10111101 .
1#
#74960864
0#
#74979382
b10111110 .
1#
#74997900
0#
#75016418
b10111111 .
1#
#75034936
0#
#75053454
b11000000 .
1#
#75071972
0#
#75090490
b11000001 .
1#
#75109008
0#
#75127526
b11000010 .
1#
#75146044
0#
#75164562
b11000011 .
1#
#75183080
0#
#75201598
b11000100 .
1#
#75220116
0#
#75238634
b11000101 .
1#
#75257152
0#
#75275670
b11000110 .
1#
#75294188
0#
#75312706
b11000111 .
1#
#75331224
0#
#75349742
b11001000 .
1#
#75368260
0#
#75386778
b11001001 .
1#
#75405296
0#
#75423814
b11001010 .
1#
#75442332
0#
#75460850
b11001011 .
1#
#75479368
0#
#75497886
b11001100 .
1#
#75516404
0#
#75534922
b11001101 .
1#
#75553440
0#
#75571958
b11001110 .
1#
#75590476
0#
#75608994
b11001111 .
1#
#75627512
0#
#75646030
b11010000 .
1#
#75664548
0#
#75683066
b11010001 .
1#
#75701584
0#
#75720102
b11010010 .
1#
#75738620
0#
#75757138
b11010011 .
1#
#75775656
0#
#75794174
b11010100 .
1#
#75812692
0#
#75831210
b11010101 .
1#
#75849728
0#
#75868246
b11010110 .
1#
#75886764
0#
#75905282
b11010111 .
1#
#75923800
0#
#75942318
b11011000 .
1#
#75960836
0#
#75979354
b11011001 .
1#
#75997872
0#
#76016390
b11011010 .
1#
#76034908
0#
#76053426
b11011011 .
1#
#76071944
0#
#76090462
b11011100 .
1#
#76108980
0#
#76127498
b11011101 .
1#
#76146016
0#
#76164534
b11011110 .
1#
#76183052
0#
#76201570
b11011111 .
1#
#76220088
0#
#76238606
b11100000 .
1#
#76257124
0#
#76275642
b11100001 .
1#
#76294160
0#
#76312678
b11100010 .
1#
#76331196
0#
#76349714
b11100011 .
1#
#76368232
0#
#76386750
b11100100 .
1#
#76405268
0#
#76423786
b11100101 .
1#
#76442304
0#
#76460822
b11100110 .
1#
#76479340
0#
#76497858
b11100111 .
1#
#76516376
0#
#76534894
b11101000 .
1#
#76553412
0#
#76571930
b11101001 .
1#
#76590448
0#
#76608966
b110 /
b0 .
1#
#76627484
0#
#76646002
b1 .
1#
#76664520
0#
#76683038
b10 .
1#
#76701556
0#
#76720074
b11 .
1#
#76738592
0#
#76757110
b100 .
1#
#76775628
0#
#76794146
b101 .
1#
#76812664
0#
#76831182
b110 .
1#
#76849700
0#
#76868218
b111 .
1#
#76886736
0#
#76905254
b1000 .
1#
#76923772
0#
#76942290
b1001 .
1#
#76960808
0#
#76979326
b1010 .
1#
#76997844
0#
#77016362
b1011 .
1#
#77034880
0#
#77053398
b1100 .
1#
#77071916
0#
#77090434
b1101 .
1#
#77108952
0#
#77127470
b1110 .
1#
#77145988
0#
#77164506
b1111 .
1#
#77183024
0#
#77201542
b10000 .
1#
#77220060
0#
#77238578
b10001 .
1#
#77257096
0#
#77275614
b10010 .
1#
#77294132
0#
#77312650
b10011 .
1#
#77331168
0#
#77349686
b10100 .
1#
#77368204
0#
#77386722
b10101 .
1#
#77405240
0#
#77423758
b10110 .
1#
#77442276
0#
#77460794
b10111 .
1#
#77479312
0#
#77497830
b11000 .
1#
#77516348
0#
#77534866
b11001 .
1#
#77553384
0#
#77571902
b11010 .
1#
#77590420
0#
#77608938
b11011 .
1#
#77627456
0#
#77645974
b11100 .
1#
#77664492
0#
#77683010
b11101 .
1#
#77701528
0#
#77720046
b11110 .
1#
#77738564
0#
#77757082
b11111 .
1#
#77775600
0#
#77794118
b100000 .
1#
#77812636
0#
#77831154
b100001 .
1#
#77849672
0#
#77868190
b100010 .
1#
#77886708
0#
#77905226
b100011 .
1#
#77923744
0#
#77942262
b100100 .
1#
#77960780
0#
#77979298
b100101 .
1#
#77997816
0#
#78016334
b100110 .
1#
#78034852
0#
#78053370
b100111 .
1#
#78071888
0#
#78090406
b101000 .
1#
#78108924
0#
#78127442
b101001 .
1#
#78145960
0#
#78164478
b101010 .
1#
#78182996
0#
#78201514
b101011 .
1#
#78220032
0#
#78238550
b101100 .
1#
#78257068
0#
#78275586
b101101 .
1#
#78294104
0#
#78312622
b101110 .
1#
#78331140
0#
#78349658
b101111 .
1#
#78368176
0#
#78386694
b110000 .
1#
#78405212
0#
#78423730
b110001 .
1#
#78442248
0#
#78460766
b110010 .
1#
#78479284
0#
#78497802
b110011 .
1#
#78516320
0#
#78534838
b110100 .
1#
#78553356
0#
#78571874
b110101 .
1#
#78590392
0#
#78608910
b110110 .
1#
#78627428
0#
#78645946
b110111 .
1#
#78664464
0#
#78682982
b111000 .
1#
#78701500
0#
#78720018
b111001 .
1#
#78738536
0#
#78757054
b111010 .
1#
#78775572
0#
#78794090
b111011 .
1#
#78812608
0#
#78831126
b111100 .
1#
#78849644
0#
#78868162
b111101 .
1#
#78886680
0#
#78905198
b111110 .
1#
#78923716
0#
#78942234
b111111 .
1#
#78960752
0#
#78979270
b1000000 .
1#
#78997788
0#
#79016306
b1000001 .
1#
#79034824
0#
#79053342
b1000010 .
1#
#79071860
0#
#79090378
b1000011 .
1#
#79108896
0#
#79127414
b1000100 .
1#
#79145932
0#
#79164450
b1000101 .
1#
#79182968
0#
#79201486
b1000110 .
1#
#79220004
0#
#79238522
b1000111 .
1#
#79257040
0#
#79275558
b1001000 .
1#
#79294076
0#
#79312594
b1001001 .
1#
#79331112
0#
#79349630
b1001010 .
1#
#79368148
0#
#79386666
b1001011 .
1#
#79405184
0#
#79423702
b1001100 .
1#
#79442220
0#
#79460738
b1001101 .
1#
#79479256
0#
#79497774
b1001110 .
1#
#79516292
0#
#79534810
b1001111 .
1#
#79553328
0#
#79571846
b1010000 .
1#
#79590364
0#
#79608882
b1010001 .
1#
#79627400
0#
#79645918
b1010010 .
1#
#79664436
0#
#79682954
b1010011 .
1#
#79701472
0#
#79719990
b1010100 .
1#
#79738508
0#
#79757026
b1010101 .
1#
#79775544
0#
#79794062
b1010110 .
1#
#79812580
0#
#79831098
b1010111 .
1#
#79849616
0#
#79868134
b1011000 .
1#
#79886652
0#
#79905170
b1011001 .
1#
#79923688
0#
#79942206
b1011010 .
1#
#79960724
0#
#79979242
b1011011 .
1#
#79997760
0#
#80016278
b1011100 .
1#
#80034796
0#
#80053314
b1011101 .
1#
#80071832
0#
#80090350
b1011110 .
1#
#80108868
0#
#80127386
b1011111 .
1#
#80145904
0#
#80164422
b1100000 .
1#
#80182940
0#
#80201458
b1100001 .
1#
#80219976
0#
#80238494
b1100010 .
1#
#80257012
0#
#80275530
b1100011 .
1#
#80294048
0#
#80312566
b1100100 .
1#
#80331084
0#
#80349602
b1100101 .
1#
#80368120
0#
#80386638
b1100110 .
1#
#80405156
0#
#80423674
b1100111 .
1#
#80442192
0#
#80460710
b1101000 .
1#
#80479228
0#
#80497746
b1101001 .
1#
#80516264
0#
#80534782
b1101010 .
1#
#80553300
0#
#80571818
b1101011 .
1#
#80590336
0#
#80608854
b1101100 .
1#
#80627372
0#
#80645890
b1101101 .
1#
#80664408
0#
#80682926
b1101110 .
1#
#80701444
0#
#80719962
b1101111 .
1#
#80738480
0#
#80756998
b1110000 .
1#
#80775516
0#
#80794034
b1110001 .
1#
#80812552
0#
#80831070
b1110010 .
1#
#80849588
0#
#80868106
b1110011 .
1#
#80886624
0#
#80890000
1%
b110 =
#80905142
b1110100 .
13
1#
#80923660
0#
#80942178
b1110101 .
14
1#
#80960696
0#
#80979214
b1110110 .
1#
#80997732
0#
#81016250
b1110111 .
1#
#81034768
0#
#81053286
b1111000 .
1#
#81071804
0#
#81090322
b1111001 .
1#
#81108840
0#
#81127358
b1111010 .
1#
#81145876
0#
#81164394
b1111011 .
1#
#81182912
0#
#81201430
b1111100 .
1#
#81219948
0#
#81238466
b1111101 .
1#
#81256984
0#
#81275502
b1111110 .
1#
#81294020
0#
#81312538
b1111111 .
1#
#81331056
0#
#81349574
b10000000 .
1#
#81368092
0#
#81386610
b10000001 .
1#
#81405128
0#
#81423646
b10000010 .
1#
#81442164
0#
#81460682
b10000011 .
1#
#81479200
0#
#81497718
b10000100 .
1#
#81516236
0#
#81534754
b10000101 .
1#
#81553272
0#
#81571790
b10000110 .
1#
#81590308
0#
#81608826
b10000111 .
1#
#81627344
0#
#81645862
b10001000 .
1#
#81664380
0#
#81682898
b10001001 .
1#
#81701416
0#
#81719934
b10001010 .
1#
#81738452
0#
#81756970
b10001011 .
1#
#81775488
0#
#81794006
b10001100 .
1#
#81812524
0#
#81831042
b10001101 .
1#
#81849560
0#
#81868078
b10001110 .
1#
#81886596
0#
#81905114
b10001111 .
1#
#81923632
0#
#81942150
b10010000 .
1#
#81960668
0#
#81979186
b10010001 .
1#
#81997704
0#
#82016222
b10010010 .
1#
#82034740
0#
#82053258
b10010011 .
1#
#82071776
0#
#82090294
b10010100 .
1#
#82108812
0#
#82127330
b10010101 .
1#
#82145848
0#
#82164366
b10010110 .
1#
#82182884
0#
#82201402
b10010111 .
1#
#82219920
0#
#82238438
b10011000 .
1#
#82256956
0#
#82275474
b10011001 .
1#
#82293992
0#
#82312510
b10011010 .
1#
#82331028
0#
#82349546
b10011011 .
1#
#82368064
0#
#82386582
b10011100 .
1#
#82405100
0#
#82423618
b10011101 .
1#
#82442136
0#
#82460654
b10011110 .
1#
#82479172
0#
#82497690
b10011111 .
1#
#82516208
0#
#82534726
b10100000 .
1#
#82553244
0#
#82571762
b10100001 .
1#
#82590280
0#
#82608798
b10100010 .
1#
#82627316
0#
#82645834
b10100011 .
1#
#82664352
0#
#82682870
b10100100 .
1#
#82701388
0#
#82719906
b10100101 .
1#
#82738424
0#
#82756942
b10100110 .
1#
#82775460
0#
#82793978
b10100111 .
1#
#82812496
0#
#82831014
b10101000 .
1#
#82849532
0#
#82868050
b10101001 .
1#
#82886568
0#
#82905086
b10101010 .
1#
#82923604
0#
#82942122
b10101011 .
1#
#82960640
0#
#82979158
b10101100 .
1#
#82997676
0#
#83016194
b10101101 .
1#
#83034712
0#
#83053230
b10101110 .
1#
#83071748
0#
#83090266
b10101111 .
1#
#83108784
0#
#83127302
b10110000 .
1#
#83145820
0#
#83164338
b10110001 .
1#
#83182856
0#
#83201374
b10110010 .
1#
#83219892
0#
#83238410
b10110011 .
1#
#83256928
0#
#83275446
b10110100 .
1#
#83293964
0#
#83312482
b10110101 .
1#
#83331000
0#
#83349518
b10110110 .
1#
#83368036
0#
#83386554
b10110111 .
1#
#83405072
0#
#83423590
b10111000 .
1#
#83442108
0#
#83460626
b10111001 .
1#
#83479144
0#
#83497662
b10111010 .
1#
#83516180
0#
#83534698
b10111011 .
1#
#83553216
0#
#83571734
b10111100 .
1#
#83590252
0#
#83608770
b10111101 .
1#
#83627288
0#
#83645806
b10111110 .
1#
#83664324
0#
#83682842
b10111111 .
1#
#83701360
0#
#83719878
b11000000 .
1#
#83738396
0#
#83756914
b11000001 .
1#
#83775432
0#
#83793950
b11000010 .
1#
#83812468
0#
#83830986
b11000011 .
1#
#83849504
0#
#83868022
b11000100 .
1#
#83886540
0#
#83905058
b11000101 .
1#
#83923576
0#
#83942094
b11000110 .
1#
#83960612
0#
#83979130
b11000111 .
1#
#83997648
0#
#84016166
b11001000 .
1#
#84034684
0#
#84053202
b11001001 .
1#
#84071720
0#
#84090238
b11001010 .
1#
#84108756
0#
#84127274
b11001011 .
1#
#84145792
0#
#84164310
b11001100 .
1#
#84182828
0#
#84201346
b11001101 .
1#
#84219864
0#
#84238382
b11001110 .
1#
#84256900
0#
#84275418
b11001111 .
1#
#84293936
0#
#84312454
b11010000 .
1#
#84330972
0#
#84349490
b11010001 .
1#
#84368008
0#
#84386526
b11010010 .
1#
#84405044
0#
#84423562
b11010011 .
1#
#84442080
0#
#84460598
b11010100 .
1#
#84479116
0#
#84497634
b11010101 .
1#
#84516152
0#
#84534670
b11010110 .
1#
#84553188
0#
#84571706
b11010111 .
1#
#84590224
0#
#84608742
b11011000 .
1#
#84627260
0#
#84645778
b11011001 .
1#
#84664296
0#
#84682814
b11011010 .
1#
#84701332
0#
#84719850
b11011011 .
1#
#84738368
0#
#84756886
b11011100 .
1#
#84775404
0#
#84793922
b11011101 .
1#
#84812440
0#
#84830958
b11011110 .
1#
#84849476
0#
#84867994
b11011111 .
1#
#84886512
0#
#84905030
b11100000 .
1#
#84923548
0#
#84942066
b11100001 .
1#
#84960584
0#
#84979102
b11100010 .
1#
#84997620
0#
#85016138
b11100011 .
1#
#85034656
0#
#85053174
b11100100 .
1#
#85071692
0#
#85090210
b11100101 .
1#
#85108728
0#
#85127246
b11100110 .
1#
#85145764
0#
#85164282
b11100111 .
1#
#85182800
0#
#85201318
b11101000 .
1#
#85219836
0#
#85238354
b11101001 .
1#
#85256872
0#
#85275390
b111 /
b1010101 1
b0 .
1#
#85293908
0#
#85312426
b1 .
1#
#85330944
0#
#85349462
b10 .
1#
#85367980
0#
#85386498
b11 .
1#
#85405016
0#
#85423534
b100 .
1#
#85442052
0#
#85460570
b101 .
1#
#85479088
0#
#85497606
b110 .
1#
#85516124
0#
#85534642
b111 .
1#
#85553160
0#
#85571678
b1000 .
1#
#85590196
0#
#85608714
b1001 .
1#
#85627232
0#
#85645750
b1010 .
1#
#85664268
0#
#85682786
b1011 .
1#
#85701304
0#
#85719822
b1100 .
1#
#85738340
0#
#85756858
b1101 .
1#
#85775376
0#
#85793894
b1110 .
1#
#85812412
0#
#85830930
b1111 .
1#
#85849448
0#
#85867966
b10000 .
1#
#85886484
0#
#85905002
b10001 .
1#
#85923520
0#
#85942038
b10010 .
1#
#85960556
0#
#85979074
b10011 .
1#
#85997592
0#
#86016110
b10100 .
1#
#86034628
0#
#86053146
b10101 .
1#
#86071664
0#
#86090182
b10110 .
1#
#86108700
0#
#86127218
b10111 .
1#
#86145736
0#
#86164254
b11000 .
1#
#86182772
0#
#86201290
b11001 .
1#
#86219808
0#
#86238326
b11010 .
1#
#86256844
0#
#86275362
b11011 .
1#
#86293880
0#
#86312398
b11100 .
1#
#86330916
0#
#86349434
b11101 .
1#
#86367952
0#
#86386470
b11110 .
1#
#86404988
0#
#86423506
b11111 .
1#
#86442024
0#
#86460542
b100000 .
1#
#86479060
0#
#86497578
b100001 .
1#
#86516096
0#
#86534614
b100010 .
1#
#86553132
0#
#86571650
b100011 .
1#
#86590168
0#
#86608686
b100100 .
1#
#86627204
0#
#86645722
b100101 .
1#
#86664240
0#
#86682758
b100110 .
1#
#86701276
0#
#86719794
b100111 .
1#
#86738312
0#
#86756830
b101000 .
1#
#86775348
0#
#86793866
b101001 .
1#
#86812384
0#
#86830902
b101010 .
1#
#86849420
0#
#86867938
b101011 .
1#
#86886456
0#
#86904974
b101100 .
1#
#86923492
0#
#86942010
b101101 .
1#
#86960528
0#
#86979046
b101110 .
1#
#86997564
0#
#87016082
b101111 .
1#
#87034600
0#
#87053118
b110000 .
1#
#87071636
0#
#87090154
b110001 .
1#
#87108672
0#
#87127190
b110010 .
1#
#87145708
0#
#87164226
b110011 .
1#
#87182744
0#
#87201262
b110100 .
1#
#87219780
0#
#87238298
b110101 .
1#
#87256816
0#
#87275334
b110110 .
1#
#87293852
0#
#87312370
b110111 .
1#
#87330888
0#
#87349406
b111000 .
1#
#87367924
0#
#87386442
b111001 .
1#
#87404960
0#
#87423478
b111010 .
1#
#87441996
0#
#87460514
b111011 .
1#
#87479032
0#
#87497550
b111100 .
1#
#87516068
0#
#87534586
b111101 .
1#
#87553104
0#
#87571622
b111110 .
1#
#87590140
0#
#87608658
b111111 .
1#
#87627176
0#
#87645694
b1000000 .
1#
#87664212
0#
#87682730
b1000001 .
1#
#87701248
0#
#87719766
b1000010 .
1#
#87738284
0#
#87756802
b1000011 .
1#
#87775320
0#
#87793838
b1000100 .
1#
#87812356
0#
#87830874
b1000101 .
1#
#87849392
0#
#87867910
b1000110 .
1#
#87886428
0#
#87904946
b1000111 .
1#
#87923464
0#
#87941982
b1001000 .
1#
#87960500
0#
#87979018
b1001001 .
1#
#87997536
0#
#88016054
b1001010 .
1#
#88034572
0#
#88053090
b1001011 .
1#
#88071608
0#
#88090126
b1001100 .
1#
#88108644
0#
#88127162
b1001101 .
1#
#88145680
0#
#88164198
b1001110 .
1#
#88182716
0#
#88201234
b1001111 .
1#
#88219752
0#
#88238270
b1010000 .
1#
#88256788
0#
#88275306
b1010001 .
1#
#88293824
0#
#88312342
b1010010 .
1#
#88330860
0#
#88349378
b1010011 .
1#
#88367896
0#
#88386414
b1010100 .
1#
#88404932
0#
#88423450
b1010101 .
1#
#88441968
0#
#88460486
b1010110 .
1#
#88479004
0#
#88497522
b1010111 .
1#
#88516040
0#
#88534558
b1011000 .
1#
#88553076
0#
#88571594
b1011001 .
1#
#88590112
0#
#88608630
b1011010 .
1#
#88627148
0#
#88645666
b1011011 .
1#
#88664184
0#
#88682702
b1011100 .
1#
#88701220
0#
#88719738
b1011101 .
1#
#88738256
0#
#88756774
b1011110 .
1#
#88775292
0#
#88793810
b1011111 .
1#
#88812328
0#
#88830846
b1100000 .
1#
#88849364
0#
#88867882
b1100001 .
1#
#88886400
0#
#88904918
b1100010 .
1#
#88923436
0#
#88941954
b1100011 .
1#
#88960472
0#
#88978990
b1100100 .
1#
#88997508
0#
#89016026
b1100101 .
1#
#89034544
0#
#89053062
b1100110 .
1#
#89071580
0#
#89090098
b1100111 .
1#
#89108616
0#
#89127134
b1101000 .
1#
#89145652
0#
#89164170
b1101001 .
1#
#89182688
0#
#89201206
b1101010 .
1#
#89219724
0#
#89238242
b1101011 .
1#
#89256760
0#
#89275278
b1101100 .
1#
#89293796
0#
#89312314
b1101101 .
1#
#89330832
0#
#89349350
b1101110 .
1#
#89367868
0#
#89386386
b1101111 .
1#
#89404904
0#
#89423422
b1110000 .
1#
#89441940
0#
#89460458
b1110001 .
1#
#89478976
0#
#89497494
b1110010 .
1#
#89516012
0#
#89534530
b1110011 .
1#
#89553048
0#
#89560000
0%
b111 =
#89571566
b1110100 .
03
1#
#89590084
0#
#89608602
b1110101 .
04
1#
#89627120
0#
#89645638
b1110110 .
1#
#89664156
0#
#89682674
b1110111 .
1#
#89701192
0#
#89719710
b1111000 .
1#
#89738228
0#
#89756746
b1111001 .
1#
#89775264
0#
#89793782
b1111010 .
1#
#89812300
0#
#89830818
b1111011 .
1#
#89849336
0#
#89867854
b1111100 .
1#
#89886372
0#
#89904890
b1111101 .
1#
#89923408
0#
#89941926
b1111110 .
1#
#89960444
0#
#89978962
b1111111 .
1#
#89997480
0#
#90015998
b10000000 .
1#
#90034516
0#
#90053034
b10000001 .
1#
#90071552
0#
#90090070
b10000010 .
1#
#90108588
0#
#90127106
b10000011 .
1#
#90145624
0#
#90164142
b10000100 .
1#
#90182660
0#
#90201178
b10000101 .
1#
#90219696
0#
#90238214
b10000110 .
1#
#90256732
0#
#90275250
b10000111 .
1#
#90293768
0#
#90312286
b10001000 .
1#
#90330804
0#
#90349322
b10001001 .
1#
#90367840
0#
#90386358
b10001010 .
1#
#90404876
0#
#90423394
b10001011 .
1#
#90441912
0#
#90460430
b10001100 .
1#
#90478948
0#
#90497466
b10001101 .
1#
#90515984
0#
#90534502
b10001110 .
1#
#90553020
0#
#90571538
b10001111 .
1#
#90590056
0#
#90608574
b10010000 .
1#
#90627092
0#
#90645610
b10010001 .
1#
#90664128
0#
#90682646
b10010010 .
1#
#90701164
0#
#90719682
b10010011 .
1#
#90738200
0#
#90756718
b10010100 .
1#
#90775236
0#
#90793754
b10010101 .
1#
#90812272
0#
#90830790
b10010110 .
1#
#90849308
0#
#90867826
b10010111 .
1#
#90886344
0#
#90904862
b10011000 .
1#
#90923380
0#
#90941898
b10011001 .
1#
#90960416
0#
#90978934
b10011010 .
1#
#90997452
0#
#91015970
b10011011 .
1#
#91034488
0#
#91053006
b10011100 .
1#
#91071524
0#
#91090042
b10011101 .
1#
#91108560
0#
#91127078
b10011110 .
1#
#91145596
0#
#91164114
b10011111 .
1#
#91182632
0#
#91201150
b10100000 .
1#
#91219668
0#
#91238186
b10100001 .
1#
#91256704
0#
#91275222
b10100010 .
1#
#91293740
0#
#91312258
b10100011 .
1#
#91330776
0#
#91349294
b10100100 .
1#
#91367812
0#
#91386330
b10100101 .
1#
#91404848
0#
#91423366
b10100110 .
1#
#91441884
0#
#91460402
b10100111 .
1#
#91478920
0#
#91497438
b10101000 .
1#
#91515956
0#
#91534474
b10101001 .
1#
#91552992
0#
#91571510
b10101010 .
1#
#91590028
0#
#91608546
b10101011 .
1#
#91627064
0#
#91645582
b10101100 .
1#
#91664100
0#
#91682618
b10101101 .
1#
#91701136
0#
#91719654
b10101110 .
1#
#91738172
0#
#91756690
b10101111 .
1#
#91775208
0#
#91793726
b10110000 .
1#
#91812244
0#
#91830762
b10110001 .
1#
#91849280
0#
#91867798
b10110010 .
1#
#91886316
0#
#91904834
b10110011 .
1#
#91923352
0#
#91941870
b10110100 .
1#
#91960388
0#
#91978906
b10110101 .
1#
#91997424
0#
#92015942
b10110110 .
1#
#92034460
0#
#92052978
b10110111 .
1#
#92071496
0#
#92090014
b10111000 .
1#
#92108532
0#
#92127050
b10111001 .
1#
#92145568
0#
#92164086
b10111010 .
1#
#92182604
0#
#92201122
b10111011 .
1#
#92219640
0#
#92238158
b10111100 .
1#
#92256676
0#
#92275194
b10111101 .
1#
#92293712
0#
#92312230
b10111110 .
1#
#92330748
0#
#92349266
b10111111 .
1#
#92367784
0#
#92386302
b11000000 .
1#
#92404820
0#
#92423338
b11000001 .
1#
#92441856
0#
#92460374
b11000010 .
1#
#92478892
0#
#92497410
b11000011 .
1#
#92515928
0#
#92534446
b11000100 .
1#
#92552964
0#
#92571482
b11000101 .
1#
#92590000
0#
#92608518
b11000110 .
1#
#92627036
0#
#92645554
b11000111 .
1#
#92664072
0#
#92682590
b11001000 .
1#
#92701108
0#
#92719626
b11001001 .
1#
#92738144
0#
#92756662
b11001010 .
1#
#92775180
0#
#92793698
b11001011 .
1#
#92812216
0#
#92830734
b11001100 .
1#
#92849252
0#
#92867770
b11001101 .
1#
#92886288
0#
#92904806
b11001110 .
1#
#92923324
0#
#92941842
b11001111 .
1#
#92960360
0#
#92978878
b11010000 .
1#
#92997396
0#
#93015914
b11010001 .
1#
#93034432
0#
#93052950
b11010010 .
1#
#93071468
0#
#93089986
b11010011 .
1#
#93108504
0#
#93127022
b11010100 .
1#
#93145540
0#
#93164058
b11010101 .
1#
#93182576
0#
#93201094
b11010110 .
1#
#93219612
0#
#93238130
b11010111 .
1#
#93256648
0#
#93275166
b11011000 .
1#
#93293684
0#
#93312202
b11011001 .
1#
#93330720
0#
#93349238
b11011010 .
1#
#93367756
0#
#93386274
b11011011 .
1#
#93404792
0#
#93423310
b11011100 .
1#
#93441828
0#
#93460346
b11011101 .
1#
#93478864
0#
#93497382
b11011110 .
1#
#93515900
0#
#93534418
b11011111 .
1#
#93552936
0#
#93571454
b11100000 .
1#
#93589972
0#
#93608490
b11100001 .
1#
#93627008
0#
#93645526
b11100010 .
1#
#93664044
0#
#93682562
b11100011 .
1#
#93701080
0#
#93719598
b11100100 .
1#
#93738116
0#
#93756634
b11100101 .
1#
#93775152
0#
#93793670
b11100110 .
1#
#93812188
0#
#93830706
b11100111 .
1#
#93849224
0#
#93867742
b11101000 .
1#
#93886260
0#
#93904778
b11101001 .
1#
#93923296
0#
#93941814
b11 2
b0 .
1#
#93960332
0#
#93978850
b1 .
1#
#93997368
0#
#94015886
b10 .
1#
#94034404
0#
#94052922
b11 .
1#
#94071440
0#
#94089958
b100 .
1#
#94108476
0#
#94126994
b101 .
1#
#94145512
0#
#94164030
b110 .
1#
#94182548
0#
#94201066
b111 .
1#
#94219584
0#
#94238102
b1000 .
1#
#94256620
0#
#94275138
b1001 .
1#
#94293656
0#
#94312174
b1010 .
1#
#94330692
0#
#94349210
b1011 .
1#
#94367728
0#
#94386246
b1100 .
1#
#94404764
0#
#94423282
b1101 .
1#
#94441800
0#
#94460318
b1110 .
1#
#94478836
0#
#94497354
b1111 .
1#
#94515872
0#
#94534390
b10000 .
1#
#94552908
0#
#94571426
b10001 .
1#
#94589944
0#
#94608462
b10010 .
1#
#94626980
0#
#94645498
b10011 .
1#
#94664016
0#
#94682534
b10100 .
1#
#94701052
0#
#94719570
b10101 .
1#
#94738088
0#
#94756606
b10110 .
1#
#94775124
0#
#94793642
b10111 .
1#
#94812160
0#
#94830678
b11000 .
1#
#94849196
0#
#94867714
b11001 .
1#
#94886232
0#
#94904750
b11010 .
1#
#94923268
0#
#94941786
b11011 .
1#
#94960304
0#
#94978822
b11100 .
1#
#94997340
0#
#95015858
b11101 .
1#
#95034376
0#
#95052894
b11110 .
1#
#95071412
0#
#95089930
b11111 .
1#
#95108448
0#
#95126966
b100000 .
1#
#95145484
0#
#95164002
b100001 .
1#
#95182520
0#
#95201038
b100010 .
1#
#95219556
0#
#95238074
b100011 .
1#
#95256592
0#
#95275110
b100100 .
1#
#95293628
0#
#95312146
b100101 .
1#
#95330664
0#
#95349182
b100110 .
1#
#95367700
0#
#95386218
b100111 .
1#
#95404736
0#
#95423254
b101000 .
1#
#95441772
0#
#95460290
b101001 .
1#
#95478808
0#
#95497326
b101010 .
1#
#95515844
0#
#95534362
b101011 .
1#
#95552880
0#
#95571398
b101100 .
1#
#95589916
0#
#95608434
b101101 .
1#
#95626952
0#
#95645470
b101110 .
1#
#95663988
0#
#95682506
b101111 .
1#
#95701024
0#
#95719542
b110000 .
1#
#95738060
0#
#95756578
b110001 .
1#
#95775096
0#
#95793614
b110010 .
1#
#95812132
0#
#95830650
b110011 .
1#
#95849168
0#
#95867686
b110100 .
1#
#95886204
0#
#95904722
b110101 .
1#
#95923240
0#
#95941758
b110110 .
1#
#95960276
0#
#95978794
b110111 .
1#
#95997312
0#
#96015830
b111000 .
1#
#96034348
0#
#96052866
b111001 .
1#
#96071384
0#
#96089902
b111010 .
1#
#96108420
0#
#96126938
b111011 .
1#
#96145456
0#
#96163974
b111100 .
1#
#96182492
0#
#96201010
b111101 .
1#
#96219528
0#
#96238046
b111110 .
1#
#96256564
0#
#96275082
b111111 .
1#
#96293600
0#
#96312118
b1000000 .
1#
#96330636
0#
#96349154
b1000001 .
1#
#96367672
0#
#96386190
b1000010 .
1#
#96404708
0#
#96423226
b1000011 .
1#
#96441744
0#
#96460262
b1000100 .
1#
#96478780
0#
#96497298
b1000101 .
1#
#96515816
0#
#96534334
b1000110 .
1#
#96552852
0#
#96571370
b1000111 .
1#
#96589888
0#
#96608406
b1001000 .
1#
#96626924
0#
#96645442
b1001001 .
1#
#96663960
0#
#96682478
b1001010 .
1#
#96700996
0#
#96719514
b1001011 .
1#
#96738032
0#
#96756550
b1001100 .
1#
#96775068
0#
#96793586
b1001101 .
1#
#96812104
0#
#96830622
b1001110 .
1#
#96849140
0#
#96867658
b1001111 .
1#
#96886176
0#
#96904694
b1010000 .
1#
#96923212
0#
#96941730
b1010001 .
1#
#96960248
0#
#96978766
b1010010 .
1#
#96997284
0#
#97015802
b1010011 .
1#
#97034320
0#
#97052838
b1010100 .
1#
#97071356
0#
#97089874
b1010101 .
1#
#97108392
0#
#97126910
b1010110 .
1#
#97145428
0#
#97163946
b1010111 .
1#
#97182464
0#
#97200982
b1011000 .
1#
#97219500
0#
#97238018
b1011001 .
1#
#97256536
0#
#97275054
b1011010 .
1#
#97293572
0#
#97312090
b1011011 .
1#
#97330608
0#
#97349126
b1011100 .
1#
#97367644
0#
#97386162
b1011101 .
1#
#97404680
0#
#97423198
b1011110 .
1#
#97441716
0#
#97460234
b1011111 .
1#
#97478752
0#
#97497270
b1100000 .
1#
#97515788
0#
#97534306
b1100001 .
1#
#97552824
0#
#97571342
b1100010 .
1#
#97589860
0#
#97608378
b1100011 .
1#
#97626896
0#
#97645414
b1100100 .
1#
#97663932
0#
#97682450
b1100101 .
1#
#97700968
0#
#97719486
b1100110 .
1#
#97738004
0#
#97756522
b1100111 .
1#
#97775040
0#
#97793558
b1101000 .
1#
#97812076
0#
#97830594
b1101001 .
1#
#97849112
0#
#97867630
b1101010 .
1#
#97886148
0#
#97904666
b1101011 .
1#
#97923184
0#
#97941702
b1101100 .
1#
#97960220
0#
#97978738
b1101101 .
1#
#97997256
0#
#98015774
b1101110 .
1#
#98034292
0#
#98052810
b1101111 .
1#
#98071328
0#
#98089846
b1110000 .
1#
#98108364
0#
#98126882
b1110001 .
1#
#98145400
0#
#98163918
b1110010 .
1#
#98182436
0#
#98200954
b1110011 .
1#
#98219472
0#
#98230000
1%
b1000 =
#98237990
b1110100 .
13
1#
#98256508
0#
#98275026
b1110101 .
14
1#
#98293544
0#
#98312062
b1110110 .
1#
#98330580
0#
#98349098
b1110111 .
1#
#98367616
0#
#98386134
b1111000 .
1#
#98404652
0#
#98423170
b1111001 .
1#
#98441688
0#
#98460206
b1111010 .
1#
#98478724
0#
#98497242
b1111011 .
1#
#98515760
0#
#98534278
b1111100 .
1#
#98552796
0#
#98571314
b1111101 .
1#
#98589832
0#
#98608350
b1111110 .
1#
#98626868
0#
#98645386
b1111111 .
1#
#98663904
0#
#98682422
b10000000 .
1#
#98700940
0#
#98719458
b10000001 .
1#
#98737976
0#
#98756494
b10000010 .
1#
#98775012
0#
#98793530
b10000011 .
1#
#98812048
0#
#98830566
b10000100 .
1#
#98849084
0#
#98867602
b10000101 .
1#
#98886120
0#
#98904638
b10000110 .
1#
#98923156
0#
#98941674
b10000111 .
1#
#98960192
0#
#98978710
b10001000 .
1#
#98997228
0#
#99015746
b10001001 .
1#
#99034264
0#
#99052782
b10001010 .
1#
#99071300
0#
#99089818
b10001011 .
1#
#99108336
0#
#99126854
b10001100 .
1#
#99145372
0#
#99163890
b10001101 .
1#
#99182408
0#
#99200926
b10001110 .
1#
#99219444
0#
#99237962
b10001111 .
1#
#99256480
0#
#99274998
b10010000 .
1#
#99293516
0#
#99312034
b10010001 .
1#
#99330552
0#
#99349070
b10010010 .
1#
#99367588
0#
#99386106
b10010011 .
1#
#99404624
0#
#99423142
b10010100 .
1#
#99441660
0#
#99460178
b10010101 .
1#
#99478696
0#
#99497214
b10010110 .
1#
#99515732
0#
#99534250
b10010111 .
1#
#99552768
0#
#99571286
b10011000 .
1#
#99589804
0#
#99608322
b10011001 .
1#
#99626840
0#
#99645358
b10011010 .
1#
#99663876
0#
#99682394
b10011011 .
1#
#99700912
0#
#99719430
b10011100 .
1#
#99737948
0#
#99756466
b10011101 .
1#
#99774984
0#
#99793502
b10011110 .
1#
#99812020
0#
#99830538
b10011111 .
1#
#99849056
0#
#99867574
b10100000 .
1#
#99886092
0#
#99904610
b10100001 .
1#
#99923128
0#
#99941646
b10100010 .
1#
#99960164
0#
#99978682
b10100011 .
1#
#99997200
0#
#100015718
b10100100 .
1#
#100034236
0#
#100052754
b10100101 .
1#
#100071272
0#
#100089790
b10100110 .
1#
#100108308
0#
#100126826
b10100111 .
1#
#100145344
0#
#100163862
b10101000 .
1#
#100182380
0#
#100200898
b10101001 .
1#
#100219416
0#
#100237934
b10101010 .
1#
#100256452
0#
#100274970
b10101011 .
1#
#100293488
0#
#100312006
b10101100 .
1#
#100330524
0#
#100349042
b10101101 .
1#
#100367560
0#
#100386078
b10101110 .
1#
#100404596
0#
#100423114
b10101111 .
1#
#100441632
0#
#100460150
b10110000 .
1#
#100478668
0#
#100497186
b10110001 .
1#
#100515704
0#
#100534222
b10110010 .
1#
#100552740
0#
#100571258
b10110011 .
1#
#100589776
0#
#100608294
b10110100 .
1#
#100626812
0#
#100645330
b10110101 .
1#
#100663848
0#
#100682366
b10110110 .
1#
#100700884
0#
#100719402
b10110111 .
1#
#100737920
0#
#100756438
b10111000 .
1#
#100774956
0#
#100793474
b10111001 .
1#
#100811992
0#
#100830510
b10111010 .
1#
#100849028
0#
#100867546
b10111011 .
1#
#100886064
0#
#100904582
b10111100 .
1#
#100923100
0#
#100941618
b10111101 .
1#
#100960136
0#
#100978654
b10111110 .
1#
#100997172
0#
#101015690
b10111111 .
1#
#101034208
0#
#101052726
b11000000 .
1#
#101071244
0#
#101089762
b11000001 .
1#
#101108280
0#
#101126798
b11000010 .
1#
#101145316
0#
#101163834
b11000011 .
1#
#101182352
0#
#101200870
b11000100 .
1#
#101219388
0#
#101237906
b11000101 .
1#
#101256424
0#
#101274942
b11000110 .
1#
#101293460
0#
#101311978
b11000111 .
1#
#101330496
0#
#101349014
b11001000 .
1#
#101367532
0#
#101386050
b11001001 .
1#
#101404568
0#
#101423086
b11001010 .
1#
#101441604
0#
#101460122
b11001011 .
1#
#101478640
0#
#101497158
b11001100 .
1#
#101515676
0#
#101534194
b11001101 .
1#
#101552712
0#
#101571230
b11001110 .
1#
#101589748
0#
#101608266
b11001111 .
1#
#101626784
0#
#101645302
b11010000 .
1#
#101663820
0#
#101682338
b11010001 .
1#
#101700856
0#
#101719374
b11010010 .
1#
#101737892
0#
#101756410
b11010011 .
1#
#101774928
0#
#101793446
b11010100 .
1#
#101811964
0#
#101830482
b11010101 .
1#
#101849000
0#
#101867518
b11010110 .
1#
#101886036
0#
#101904554
b11010111 .
1#
#101923072
0#
#101941590
b11011000 .
1#
#101960108
0#
#101978626
b11011001 .
1#
#101997144
0#
#102015662
b11011010 .
1#
#102034180
0#
#102052698
b11011011 .
1#
#102071216
0#
#102089734
b11011100 .
1#
#102108252
0#
#102126770
b11011101 .
1#
#102145288
0#
#102163806
b11011110 .
1#
#102182324
0#
#102200842
b11011111 .
1#
#102219360
0#
#102237878
b11100000 .
1#
#102256396
0#
#102274914
b11100001 .
1#
#102293432
0#
#102311950
b11100010 .
1#
#102330468
0#
#102348986
b11100011 .
1#
#102367504
0#
#102386022
b11100100 .
1#
#102404540
0#
#102423058
b11100101 .
1#
#102441576
0#
#102460094
b11100110 .
1#
#102478612
0#
#102497130
b11100111 .
1#
#102515648
0#
#102534166
b11101000 .
1#
#102552684
0#
#102571202
b11101001 .
1#
#102589720
0#
#102608238
b100 2
b0 .
1#
#102626756
0#
#102645274
b101010 "
b101010 &
b0 2
1(
b1010101 )
b1010101 0
1#
#102663792
0#
#102682310
1+
b1010101 *
b1010101 5
b0 /
0(
1#
#102700828
0#
#102719346
b1 ;
1'
b1010101 :
0+
1#
#102737864
0#
#102756382
0!
b1 7
1#
#102774900
0#
#102793418
b10 7
1#
#102811936
0#
#102830454
b11 7
1#
#102848972
0#
#102867490
b100 7
1#
#102886008
0#
#102904526
b101 7
1#
#102923044
0#
#102941562
b110 7
1#
#102960080
0#
#102978598
b111 7
1#
#102997116
0#
#103015634
b1000 7
1#
#103034152
0#
#103052670
b1001 7
1#
#103071188
0#
#103089706
b1010 7
1#
#103108224
0#
#103126742
b1011 7
1#
#103145260
0#
#103163778
b1100 7
1#
#103182296
0#
#103200814
b1101 7
1#
#103219332
0#
#103237850
b1110 7
1#
#103256368
0#
#103274886
b1111 7
1#
#103293404
0#
#103311922
b10000 7
1#
#103330440
0#
#103348958
b10001 7
1#
#103367476
0#
#103385994
b10010 7
1#
#103404512
0#
#103423030
b10011 7
1#
#103441548
0#
#103460066
b10100 7
1#
#103478584
0#
#103497102
b10101 7
1#
#103515620
0#
#103534138
b10110 7
1#
#103552656
0#
#103571174
b10111 7
1#
#103589692
0#
#103608210
b11000 7
1#
#103626728
0#
#103645246
b11001 7
1#
#103663764
0#
#103682282
b11010 7
1#
#103700800
0#
#103719318
b11011 7
1#
#103737836
0#
#103756354
b11100 7
1#
#103774872
0#
#103793390
b11101 7
1#
#103811908
0#
#103830426
b11110 7
1#
#103848944
0#
#103867462
b11111 7
1#
#103885980
0#
#103904498
b100000 7
1#
#103923016
0#
#103941534
b100001 7
1#
#103960052
0#
#103978570
b100010 7
1#
#103997088
0#
#104015606
b100011 7
1#
#104034124
0#
#104052642
b100100 7
1#
#104071160
0#
#104089678
b100101 7
1#
#104108196
0#
#104126714
b100110 7
1#
#104145232
0#
#104163750
b100111 7
1#
#104182268
0#
#104200786
b101000 7
1#
#104219304
0#
#104237822
b101001 7
1#
#104256340
0#
#104274858
b101010 7
1#
#104293376
0#
#104311894
b101011 7
1#
#104330412
0#
#104348930
b101100 7
1#
#104367448
0#
#104385966
b101101 7
1#
#104404484
0#
#104423002
b101110 7
1#
#104441520
0#
#104460038
b101111 7
1#
#104478556
0#
#104497074
b110000 7
1#
#104515592
0#
#104534110
b110001 7
1#
#104552628
0#
#104571146
b110010 7
1#
#104589664
0#
#104608182
b110011 7
1#
#104626700
0#
#104645218
b110100 7
1#
#104663736
0#
#104682254
b110101 7
1#
#104700772
0#
#104719290
b110110 7
1#
#104737808
0#
#104756326
b110111 7
1#
#104774844
0#
#104793362
b111000 7
1#
#104811880
0#
#104830398
b111001 7
1#
#104848916
0#
#104867434
b111010 7
1#
#104885952
0#
#104904470
b111011 7
1#
#104922988
0#
#104941506
b111100 7
1#
#104960024
0#
#104978542
b111101 7
1#
#104997060
0#
#105015578
b111110 7
1#
#105034096
0#
#105052614
b111111 7
1#
#105071132
0#
#105089650
b1000000 7
1#
#105108168
0#
#105126686
b1000001 7
1#
#105145204
0#
#105163722
b1000010 7
1#
#105182240
0#
#105200758
b1000011 7
1#
#105219276
0#
#105237794
b1000100 7
1#
#105256312
0#
#105274830
b1000101 7
1#
#105293348
0#
#105311866
b1000110 7
1#
#105330384
0#
#105348902
b1000111 7
1#
#105367420
0#
#105385938
b1001000 7
1#
#105404456
0#
#105422974
b1001001 7
1#
#105441492
0#
#105460010
b1001010 7
1#
#105478528
0#
#105497046
b1001011 7
1#
#105515564
0#
#105534082
b1001100 7
1#
#105552600
0#
#105571118
b1001101 7
1#
#105589636
0#
#105608154
b1001110 7
1#
#105626672
0#
#105645190
b1001111 7
1#
#105663708
0#
#105682226
b1010000 7
1#
#105700744
0#
#105719262
b1010001 7
1#
#105737780
0#
#105756298
b1010010 7
1#
#105774816
0#
#105793334
b1010011 7
1#
#105811852
0#
#105830370
b1010100 7
1#
#105848888
0#
#105867406
b1010101 7
1#
#105885924
0#
#105904442
b1010110 7
1#
#105922960
0#
#105941478
b1010111 7
1#
#105959996
0#
#105978514
b1011000 7
1#
#105997032
0#
#106015550
b1011001 7
1#
#106034068
0#
#106052586
b1011010 7
1#
#106071104
0#
#106089622
b1011011 7
1#
#106108140
0#
#106126658
b1011100 7
1#
#106145176
0#
#106163694
b1011101 7
1#
#106182212
0#
#106200730
b1011110 7
1#
#106219248
0#
#106237766
b1011111 7
1#
#106256284
0#
#106274802
b1100000 7
1#
#106293320
0#
#106311838
b1100001 7
1#
#106330356
0#
#106348874
b1100010 7
1#
#106367392
0#
#106385910
b1100011 7
1#
#106404428
0#
#106422946
b1100100 7
1#
#106441464
0#
#106459982
b1100101 7
1#
#106478500
0#
#106497018
b1100110 7
1#
#106515536
0#
#106534054
b1100111 7
1#
#106552572
0#
#106571090
b1101000 7
1#
#106589608
0#
#106608126
b1101001 7
1#
#106626644
0#
#106645162
b1101010 7
1#
#106663680
0#
#106682198
b1101011 7
1#
#106700716
0#
#106719234
b1101100 7
1#
#106737752
0#
#106756270
b1101101 7
1#
#106774788
0#
#106793306
b1101110 7
1#
#106811824
0#
#106830342
b1101111 7
1#
#106848860
0#
#106867378
b1110000 7
1#
#106885896
0#
#106904414
b1110001 7
1#
#106922932
0#
#106941450
b1110010 7
1#
#106959968
0#
#106978486
b1110011 7
1#
#106997004
0#
#107015522
b1110100 7
1#
#107034040
0#
#107052558
b1110101 7
1#
#107071076
0#
#107089594
b1110110 7
1#
#107108112
0#
#107126630
b1110111 7
1#
#107145148
0#
#107163666
b1111000 7
1#
#107182184
0#
#107200702
b1111001 7
1#
#107219220
0#
#107237738
b1111010 7
1#
#107256256
0#
#107274774
b1111011 7
1#
#107293292
0#
#107311810
b1111100 7
1#
#107330328
0#
#107348846
b1111101 7
1#
#107367364
0#
#107385882
b1111110 7
1#
#107404400
0#
#107422918
b1111111 7
1#
#107441436
0#
#107459954
b10000000 7
1#
#107478472
0#
#107496990
b10000001 7
1#
#107515508
0#
#107534026
b10000010 7
1#
#107552544
0#
#107571062
b10000011 7
1#
#107589580
0#
#107608098
b10000100 7
1#
#107626616
0#
#107645134
b10000101 7
1#
#107663652
0#
#107682170
b10000110 7
1#
#107700688
0#
#107719206
b10000111 7
1#
#107737724
0#
#107756242
b10001000 7
1#
#107774760
0#
#107793278
b10001001 7
1#
#107811796
0#
#107830314
b10001010 7
1#
#107848832
0#
#107867350
b10001011 7
1#
#107885868
0#
#107904386
b10001100 7
1#
#107922904
0#
#107941422
b10001101 7
1#
#107959940
0#
#107978458
b10001110 7
1#
#107996976
0#
#108015494
b10001111 7
1#
#108034012
0#
#108052530
b10010000 7
1#
#108071048
0#
#108089566
b10010001 7
1#
#108108084
0#
#108126602
b10010010 7
1#
#108145120
0#
#108163638
b10010011 7
1#
#108182156
0#
#108200674
b10010100 7
1#
#108219192
0#
#108237710
b10010101 7
1#
#108256228
0#
#108274746
b10010110 7
1#
#108293264
0#
#108311782
b10010111 7
1#
#108330300
0#
#108348818
b10011000 7
1#
#108367336
0#
#108385854
b10011001 7
1#
#108404372
0#
#108422890
b10011010 7
1#
#108441408
0#
#108459926
b10011011 7
1#
#108478444
0#
#108496962
b10011100 7
1#
#108515480
0#
#108533998
b10011101 7
1#
#108552516
0#
#108571034
b10011110 7
1#
#108589552
0#
#108608070
b10011111 7
1#
#108626588
0#
#108645106
b10100000 7
1#
#108663624
0#
#108682142
b10100001 7
1#
#108700660
0#
#108719178
b10100010 7
1#
#108737696
0#
#108756214
b10100011 7
1#
#108774732
0#
#108793250
b10100100 7
1#
#108811768
0#
#108830286
b10100101 7
1#
#108848804
0#
#108867322
b10100110 7
1#
#108885840
0#
#108904358
b10100111 7
1#
#108922876
0#
#108941394
b10101000 7
1#
#108959912
0#
#108978430
b10101001 7
1#
#108996948
0#
#109015466
b10101010 7
1#
#109033984
0#
#109052502
b10101011 7
1#
#109071020
0#
#109089538
b10101100 7
1#
#109108056
0#
#109126574
b10101101 7
1#
#109145092
0#
#109163610
b10101110 7
1#
#109182128
0#
#109200646
b10101111 7
1#
#109219164
0#
#109237682
b10110000 7
1#
#109256200
0#
#109274718
b10110001 7
1#
#109293236
0#
#109311754
b10110010 7
1#
#109330272
0#
#109348790
b10110011 7
1#
#109367308
0#
#109385826
b10110100 7
1#
#109404344
0#
#109422862
b10110101 7
1#
#109441380
0#
#109459898
b10110110 7
1#
#109478416
0#
#109496934
b10110111 7
1#
#109515452
0#
#109533970
b10111000 7
1#
#109552488
0#
#109571006
b10111001 7
1#
#109589524
0#
#109608042
b10111010 7
1#
#109626560
0#
#109645078
b10111011 7
1#
#109663596
0#
#109682114
b10111100 7
1#
#109700632
0#
#109719150
b10111101 7
1#
#109737668
0#
#109756186
b10111110 7
1#
#109774704
0#
#109793222
b10111111 7
1#
#109811740
0#
#109830258
b11000000 7
1#
#109848776
0#
#109867294
b11000001 7
1#
#109885812
0#
#109904330
b11000010 7
1#
#109922848
0#
#109941366
b11000011 7
1#
#109959884
0#
#109978402
b11000100 7
1#
#109996920
0#
#110015438
b11000101 7
1#
#110033956
0#
#110052474
b11000110 7
1#
#110070992
0#
#110089510
b11000111 7
1#
#110108028
0#
#110126546
b11001000 7
1#
#110145064
0#
#110163582
b11001001 7
1#
#110182100
0#
#110200618
b11001010 7
1#
#110219136
0#
#110237654
b11001011 7
1#
#110256172
0#
#110274690
b11001100 7
1#
#110293208
0#
#110311726
b11001101 7
1#
#110330244
0#
#110348762
b11001110 7
1#
#110367280
0#
#110385798
b11001111 7
1#
#110404316
0#
#110422834
b11010000 7
1#
#110441352
0#
#110459870
b11010001 7
1#
#110478388
0#
#110496906
b11010010 7
1#
#110515424
0#
#110533942
b11010011 7
1#
#110552460
0#
#110570978
b11010100 7
1#
#110589496
0#
#110608014
b11010101 7
1#
#110626532
0#
#110645050
b11010110 7
1#
#110663568
0#
#110682086
b11010111 7
1#
#110700604
0#
#110719122
b11011000 7
1#
#110737640
0#
#110756158
b11011001 7
1#
#110774676
0#
#110793194
b11011010 7
1#
#110811712
0#
#110830230
b11011011 7
1#
#110848748
0#
#110867266
b11011100 7
1#
#110885784
0#
#110904302
b11011101 7
1#
#110922820
0#
#110941338
b11011110 7
1#
#110959856
0#
#110978374
b11011111 7
1#
#110996892
0#
#111015410
b11100000 7
1#
#111033928
0#
#111052446
b11100001 7
1#
#111070964
0#
#111089482
b11100010 7
1#
#111108000
0#
#111126518
b11100011 7
1#
#111145036
0#
#111163554
b11100100 7
1#
#111182072
0#
#111200590
b11100101 7
1#
#111219108
0#
#111237626
b11100110 7
1#
#111256144
0#
#111274662
b11100111 7
1#
#111293180
0#
#111311698
b11101000 7
1#
#111330216
0#
#111348734
b11101001 7
1#
#111367252
0#
#111385770
18
b0 7
1#
#111404288
0#
#111422806
b10 ;
b1 7
08
1#
#111441324
0#
#111459842
1!
b10 7
1#
#111478360
0#
#111496878
b11 7
1#
#111515396
0#
#111533914
b100 7
1#
#111552432
0#
#111570950
b101 7
1#
#111589468
0#
#111607986
b110 7
1#
#111626504
0#
#111645022
b111 7
1#
#111663540
0#
#111682058
b1000 7
1#
#111700576
0#
#111719094
b1001 7
1#
#111737612
0#
#111756130
b1010 7
1#
#111774648
0#
#111793166
b1011 7
1#
#111811684
0#
#111830202
b1100 7
1#
#111848720
0#
#111867238
b1101 7
1#
#111885756
0#
#111904274
b1110 7
1#
#111922792
0#
#111941310
b1111 7
1#
#111959828
0#
#111978346
b10000 7
1#
#111996864
0#
#112015382
b10001 7
1#
#112033900
0#
#112052418
b10010 7
1#
#112070936
0#
#112089454
b10011 7
1#
#112107972
0#
#112126490
b10100 7
1#
#112145008
0#
#112163526
b10101 7
1#
#112182044
0#
#112200562
b10110 7
1#
#112219080
0#
#112237598
b10111 7
1#
#112256116
0#
#112274634
b11000 7
1#
#112293152
0#
#112311670
b11001 7
1#
#112330188
0#
#112348706
b11010 7
1#
#112367224
0#
#112385742
b11011 7
1#
#112404260
0#
#112422778
b11100 7
1#
#112441296
0#
#112459814
b11101 7
1#
#112478332
0#
#112496850
b11110 7
1#
#112515368
0#
#112533886
b11111 7
1#
#112552404
0#
#112570922
b100000 7
1#
#112589440
0#
#112607958
b100001 7
1#
#112626476
0#
#112644994
b100010 7
1#
#112663512
0#
#112682030
b100011 7
1#
#112700548
0#
#112719066
b100100 7
1#
#112737584
0#
#112756102
b100101 7
1#
#112774620
0#
#112793138
b100110 7
1#
#112811656
0#
#112830174
b100111 7
1#
#112848692
0#
#112867210
b101000 7
1#
#112885728
0#
#112904246
b101001 7
1#
#112922764
0#
#112941282
b101010 7
1#
#112959800
0#
#112978318
b101011 7
1#
#112996836
0#
#113015354
b101100 7
1#
#113033872
0#
#113052390
b101101 7
1#
#113070908
0#
#113089426
b101110 7
1#
#113107944
0#
#113126462
b101111 7
1#
#113144980
0#
#113163498
b110000 7
1#
#113182016
0#
#113200534
b110001 7
1#
#113219052
0#
#113237570
b110010 7
1#
#113256088
0#
#113274606
b110011 7
1#
#113293124
0#
#113311642
b110100 7
1#
#113330160
0#
#113348678
b110101 7
1#
#113367196
0#
#113385714
b110110 7
1#
#113404232
0#
#113422750
b110111 7
1#
#113441268
0#
#113459786
b111000 7
1#
#113478304
0#
#113496822
b111001 7
1#
#113515340
0#
#113533858
b111010 7
1#
#113552376
0#
#113570894
b111011 7
1#
#113589412
0#
#113607930
b111100 7
1#
#113626448
0#
#113644966
b111101 7
1#
#113663484
0#
#113682002
b111110 7
1#
#113700520
0#
#113719038
b111111 7
1#
#113737556
0#
#113756074
b1000000 7
1#
#113774592
0#
#113793110
b1000001 7
1#
#113811628
0#
#113830146
b1000010 7
1#
#113848664
0#
#113867182
b1000011 7
1#
#113885700
0#
#113904218
b1000100 7
1#
#113922736
0#
#113941254
b1000101 7
1#
#113959772
0#
#113978290
b1000110 7
1#
#113996808
0#
#114015326
b1000111 7
1#
#114033844
0#
#114052362
b1001000 7
1#
#114070880
0#
#114089398
b1001001 7
1#
#114107916
0#
#114126434
b1001010 7
1#
#114144952
0#
#114163470
b1001011 7
1#
#114181988
0#
#114200506
b1001100 7
1#
#114219024
0#
#114237542
b1001101 7
1#
#114256060
0#
#114274578
b1001110 7
1#
#114293096
0#
#114311614
b1001111 7
1#
#114330132
0#
#114348650
b1010000 7
1#
#114367168
0#
#114385686
b1010001 7
1#
#114404204
0#
#114422722
b1010010 7
1#
#114441240
0#
#114459758
b1010011 7
1#
#114478276
0#
#114496794
b1010100 7
1#
#114515312
0#
#114533830
b1010101 7
1#
#114552348
0#
#114570866
b1010110 7
1#
#114589384
0#
#114607902
b1010111 7
1#
#114626420
0#
#114644938
b1011000 7
1#
#114663456
0#
#114681974
b1011001 7
1#
#114700492
0#
#114719010
b1011010 7
1#
#114737528
0#
#114756046
b1011011 7
1#
#114774564
0#
#114793082
b1011100 7
1#
#114811600
0#
#114830118
b1011101 7
1#
#114848636
0#
#114867154
b1011110 7
1#
#114885672
0#
#114904190
b1011111 7
1#
#114922708
0#
#114941226
b1100000 7
1#
#114959744
0#
#114978262
b1100001 7
1#
#114996780
0#
#115015298
b1100010 7
1#
#115033816
0#
#115052334
b1100011 7
1#
#115070852
0#
#115089370
b1100100 7
1#
#115107888
0#
#115126406
b1100101 7
1#
#115144924
0#
#115163442
b1100110 7
1#
#115181960
0#
#115200478
b1100111 7
1#
#115218996
0#
#115237514
b1101000 7
1#
#115256032
0#
#115274550
b1101001 7
1#
#115293068
0#
#115311586
b1101010 7
1#
#115330104
0#
#115348622
b1101011 7
1#
#115367140
0#
#115385658
b1101100 7
1#
#115404176
0#
#115422694
b1101101 7
1#
#115441212
0#
#115459730
b1101110 7
1#
#115478248
0#
#115496766
b1101111 7
1#
#115515284
0#
#115533802
b1110000 7
1#
#115552320
0#
#115570838
b1110001 7
1#
#115589356
0#
#115607874
b1110010 7
1#
#115626392
0#
#115644910
b1110011 7
1#
#115663428
0#
#115681946
b1110100 7
1#
#115700464
0#
#115718982
b1110101 7
1#
#115737500
0#
#115756018
b1110110 7
1#
#115774536
0#
#115793054
b1110111 7
1#
#115811572
0#
#115830090
b1111000 7
1#
#115848608
0#
#115867126
b1111001 7
1#
#115885644
0#
#115904162
b1111010 7
1#
#115922680
0#
#115941198
b1111011 7
1#
#115959716
0#
#115978234
b1111100 7
1#
#115996752
0#
#116015270
b1111101 7
1#
#116033788
0#
#116052306
b1111110 7
1#
#116070824
0#
#116089342
b1111111 7
1#
#116107860
0#
#116126378
b10000000 7
1#
#116144896
0#
#116163414
b10000001 7
1#
#116181932
0#
#116200450
b10000010 7
1#
#116218968
0#
#116237486
b10000011 7
1#
#116256004
0#
#116274522
b10000100 7
1#
#116293040
0#
#116311558
b10000101 7
1#
#116330076
0#
#116348594
b10000110 7
1#
#116367112
0#
#116385630
b10000111 7
1#
#116404148
0#
#116422666
b10001000 7
1#
#116441184
0#
#116459702
b10001001 7
1#
#116478220
0#
#116496738
b10001010 7
1#
#116515256
0#
#116533774
b10001011 7
1#
#116552292
0#
#116570810
b10001100 7
1#
#116589328
0#
#116607846
b10001101 7
1#
#116626364
0#
#116644882
b10001110 7
1#
#116663400
0#
#116681918
b10001111 7
1#
#116700436
0#
#116718954
b10010000 7
1#
#116737472
0#
#116755990
b10010001 7
1#
#116774508
0#
#116793026
b10010010 7
1#
#116811544
0#
#116830062
b10010011 7
1#
#116848580
0#
#116867098
b10010100 7
1#
#116885616
0#
#116904134
b10010101 7
1#
#116922652
0#
#116941170
b10010110 7
1#
#116959688
0#
#116978206
b10010111 7
1#
#116996724
0#
#117015242
b10011000 7
1#
#117033760
0#
#117052278
b10011001 7
1#
#117070796
0#
#117089314
b10011010 7
1#
#117107832
0#
#117126350
b10011011 7
1#
#117144868
0#
#117163386
b10011100 7
1#
#117181904
0#
#117200422
b10011101 7
1#
#117218940
0#
#117237458
b10011110 7
1#
#117255976
0#
#117274494
b10011111 7
1#
#117293012
0#
#117311530
b10100000 7
1#
#117330048
0#
#117348566
b10100001 7
1#
#117367084
0#
#117385602
b10100010 7
1#
#117404120
0#
#117422638
b10100011 7
1#
#117441156
0#
#117459674
b10100100 7
1#
#117478192
0#
#117496710
b10100101 7
1#
#117515228
0#
#117533746
b10100110 7
1#
#117552264
0#
#117570782
b10100111 7
1#
#117589300
0#
#117607818
b10101000 7
1#
#117626336
0#
#117644854
b10101001 7
1#
#117663372
0#
#117681890
b10101010 7
1#
#117700408
0#
#117718926
b10101011 7
1#
#117737444
0#
#117755962
b10101100 7
1#
#117774480
0#
#117792998
b10101101 7
1#
#117811516
0#
#117830034
b10101110 7
1#
#117848552
0#
#117867070
b10101111 7
1#
#117885588
0#
#117904106
b10110000 7
1#
#117922624
0#
#117941142
b10110001 7
1#
#117959660
0#
#117978178
b10110010 7
1#
#117996696
0#
#118015214
b10110011 7
1#
#118033732
0#
#118052250
b10110100 7
1#
#118070768
0#
#118089286
b10110101 7
1#
#118107804
0#
#118126322
b10110110 7
1#
#118144840
0#
#118163358
b10110111 7
1#
#118181876
0#
#118200394
b10111000 7
1#
#118218912
0#
#118237430
b10111001 7
1#
#118255948
0#
#118274466
b10111010 7
1#
#118292984
0#
#118311502
b10111011 7
1#
#118330020
0#
#118348538
b10111100 7
1#
#118367056
0#
#118385574
b10111101 7
1#
#118404092
0#
#118422610
b10111110 7
1#
#118441128
0#
#118459646
b10111111 7
1#
#118478164
0#
#118496682
b11000000 7
1#
#118515200
0#
#118533718
b11000001 7
1#
#118552236
0#
#118570754
b11000010 7
1#
#118589272
0#
#118607790
b11000011 7
1#
#118626308
0#
#118644826
b11000100 7
1#
#118663344
0#
#118681862
b11000101 7
1#
#118700380
0#
#118718898
b11000110 7
1#
#118737416
0#
#118755934
b11000111 7
1#
#118774452
0#
#118792970
b11001000 7
1#
#118811488
0#
#118830006
b11001001 7
1#
#118848524
0#
#118867042
b11001010 7
1#
#118885560
0#
#118904078
b11001011 7
1#
#118922596
0#
#118941114
b11001100 7
1#
#118959632
0#
#118978150
b11001101 7
1#
#118996668
0#
#119015186
b11001110 7
1#
#119033704
0#
#119052222
b11001111 7
1#
#119070740
0#
#119089258
b11010000 7
1#
#119107776
0#
#119126294
b11010001 7
1#
#119144812
0#
#119163330
b11010010 7
1#
#119181848
0#
#119200366
b11010011 7
1#
#119218884
0#
#119237402
b11010100 7
1#
#119255920
0#
#119274438
b11010101 7
1#
#119292956
0#
#119311474
b11010110 7
1#
#119329992
0#
#119348510
b11010111 7
1#
#119367028
0#
#119385546
b11011000 7
1#
#119404064
0#
#119422582
b11011001 7
1#
#119441100
0#
#119459618
b11011010 7
1#
#119478136
0#
#119496654
b11011011 7
1#
#119515172
0#
#119533690
b11011100 7
1#
#119552208
0#
#119570726
b11011101 7
1#
#119589244
0#
#119607762
b11011110 7
1#
#119626280
0#
#119644798
b11011111 7
1#
#119663316
0#
#119681834
b11100000 7
1#
#119700352
0#
#119718870
b11100001 7
1#
#119737388
0#
#119755906
b11100010 7
1#
#119774424
0#
#119792942
b11100011 7
1#
#119811460
0#
#119829978
b11100100 7
1#
#119848496
0#
#119867014
b11100101 7
1#
#119885532
0#
#119904050
b11100110 7
1#
#119922568
0#
#119941086
b11100111 7
1#
#119959604
0#
#119978122
b11101000 7
1#
#119996640
0#
#120015158
b11101001 7
1#
#120033676
0#
#120052194
18
b0 7
1#
#120070712
0#
#120089230
b1 9
b101010 :
b1 7
08
1#
#120107748
0#
#120126266
0!
b10 7
1#
#120144784
0#
#120163302
b11 7
1#
#120181820
0#
#120200338
b100 7
1#
#120218856
0#
#120237374
b101 7
1#
#120255892
0#
#120274410
b110 7
1#
#120292928
0#
#120311446
b111 7
1#
#120329964
0#
#120348482
b1000 7
1#
#120367000
0#
#120385518
b1001 7
1#
#120404036
0#
#120422554
b1010 7
1#
#120441072
0#
#120459590
b1011 7
1#
#120478108
0#
#120496626
b1100 7
1#
#120515144
0#
#120533662
b1101 7
1#
#120552180
0#
#120570698
b1110 7
1#
#120589216
0#
#120607734
b1111 7
1#
#120626252
0#
#120644770
b10000 7
1#
#120663288
0#
#120681806
b10001 7
1#
#120700324
0#
#120718842
b10010 7
1#
#120737360
0#
#120755878
b10011 7
1#
#120774396
0#
#120792914
b10100 7
1#
#120811432
0#
#120829950
b10101 7
1#
#120848468
0#
#120866986
b10110 7
1#
#120885504
0#
#120904022
b10111 7
1#
#120922540
0#
#120941058
b11000 7
1#
#120959576
0#
#120978094
b11001 7
1#
#120996612
0#
#121015130
b11010 7
1#
#121033648
0#
#121052166
b11011 7
1#
#121070684
0#
#121089202
b11100 7
1#
#121107720
0#
#121126238
b11101 7
1#
#121144756
0#
#121163274
b11110 7
1#
#121181792
0#
#121200310
b11111 7
1#
#121218828
0#
#121237346
b100000 7
1#
#121255864
0#
#121274382
b100001 7
1#
#121292900
0#
#121311418
b100010 7
1#
#121329936
0#
#121348454
b100011 7
1#
#121366972
0#
#121385490
b100100 7
1#
#121404008
0#
#121422526
b100101 7
1#
#121441044
0#
#121459562
b100110 7
1#
#121478080
0#
#121496598
b100111 7
1#
#121515116
0#
#121533634
b101000 7
1#
#121552152
0#
#121570670
b101001 7
1#
#121589188
0#
#121607706
b101010 7
1#
#121626224
0#
#121644742
b101011 7
1#
#121663260
0#
#121681778
b101100 7
1#
#121700296
0#
#121718814
b101101 7
1#
#121737332
0#
#121755850
b101110 7
1#
#121774368
0#
#121792886
b101111 7
1#
#121811404
0#
#121829922
b110000 7
1#
#121848440
0#
#121866958
b110001 7
1#
#121885476
0#
#121903994
b110010 7
1#
#121922512
0#
#121941030
b110011 7
1#
#121959548
0#
#121978066
b110100 7
1#
#121996584
0#
#122015102
b110101 7
1#
#122033620
0#
#122052138
b110110 7
1#
#122070656
0#
#122089174
b110111 7
1#
#122107692
0#
#122126210
b111000 7
1#
#122144728
0#
#122163246
b111001 7
1#
#122181764
0#
#122200282
b111010 7
1#
#122218800
0#
#122237318
b111011 7
1#
#122255836
0#
#122274354
b111100 7
1#
#122292872
0#
#122311390
b111101 7
1#
#122329908
0#
#122348426
b111110 7
1#
#122366944
0#
#122385462
b111111 7
1#
#122403980
0#
#122422498
b1000000 7
1#
#122441016
0#
#122459534
b1000001 7
1#
#122478052
0#
#122496570
b1000010 7
1#
#122515088
0#
#122533606
b1000011 7
1#
#122552124
0#
#122570642
b1000100 7
1#
#122589160
0#
#122607678
b1000101 7
1#
#122626196
0#
#122644714
b1000110 7
1#
#122663232
0#
#122681750
b1000111 7
1#
#122700268
0#
#122718786
b1001000 7
1#
#122737304
0#
#122755822
b1001001 7
1#
#122774340
0#
#122792858
b1001010 7
1#
#122811376
0#
#122829894
b1001011 7
1#
#122848412
0#
#122866930
b1001100 7
1#
#122885448
0#
#122903966
b1001101 7
1#
#122922484
0#
#122941002
b1001110 7
1#
#122959520
0#
#122978038
b1001111 7
1#
#122996556
0#
#123015074
b1010000 7
1#
#123033592
0#
#123052110
b1010001 7
1#
#123070628
0#
#123089146
b1010010 7
1#
#123107664
0#
#123126182
b1010011 7
1#
#123144700
0#
#123163218
b1010100 7
1#
#123181736
0#
#123200254
b1010101 7
1#
#123218772
0#
#123237290
b1010110 7
1#
#123255808
0#
#123274326
b1010111 7
1#
#123292844
0#
#123311362
b1011000 7
1#
#123329880
0#
#123348398
b1011001 7
1#
#123366916
0#
#123385434
b1011010 7
1#
#123403952
0#
#123422470
b1011011 7
1#
#123440988
0#
#123459506
b1011100 7
1#
#123478024
0#
#123496542
b1011101 7
1#
#123515060
0#
#123533578
b1011110 7
1#
#123552096
0#
#123570614
b1011111 7
1#
#123589132
0#
#123607650
b1100000 7
1#
#123626168
0#
#123644686
b1100001 7
1#
#123663204
0#
#123681722
b1100010 7
1#
#123700240
0#
#123718758
b1100011 7
1#
#123737276
0#
#123755794
b1100100 7
1#
#123774312
0#
#123792830
b1100101 7
1#
#123811348
0#
#123829866
b1100110 7
1#
#123848384
0#
#123866902
b1100111 7
1#
#123885420
0#
#123903938
b1101000 7
1#
#123922456
0#
#123940974
b1101001 7
1#
#123959492
0#
#123978010
b1101010 7
1#
#123996528
0#
#124015046
b1101011 7
1#
#124033564
0#
#124052082
b1101100 7
1#
#124070600
0#
#124089118
b1101101 7
1#
#124107636
0#
#124126154
b1101110 7
1#
#124144672
0#
#124163190
b1101111 7
1#
#124181708
0#
#124200226
b1110000 7
1#
#124218744
0#
#124237262
b1110001 7
1#
#124255780
0#
#124274298
b1110010 7
1#
#124292816
0#
#124311334
b1110011 7
1#
#124329852
0#
#124348370
b1110100 7
1#
#124366888
0#
#124385406
b1110101 7
1#
#124403924
0#
#124422442
b1110110 7
1#
#124440960
0#
#124459478
b1110111 7
1#
#124477996
0#
#124496514
b1111000 7
1#
#124515032
0#
#124533550
b1111001 7
1#
#124552068
0#
#124570586
b1111010 7
1#
#124589104
0#
#124607622
b1111011 7
1#
#124626140
0#
#124644658
b1111100 7
1#
#124663176
0#
#124681694
b1111101 7
1#
#124700212
0#
#124718730
b1111110 7
1#
#124737248
0#
#124755766
b1111111 7
1#
#124774284
0#
#124792802
b10000000 7
1#
#124811320
0#
#124829838
b10000001 7
1#
#124848356
0#
#124866874
b10000010 7
1#
#124885392
0#
#124903910
b10000011 7
1#
#124922428
0#
#124940946
b10000100 7
1#
#124959464
0#
#124977982
b10000101 7
1#
#124996500
0#
#125015018
b10000110 7
1#
#125033536
0#
#125052054
b10000111 7
1#
#125070572
0#
#125089090
b10001000 7
1#
#125107608
0#
#125126126
b10001001 7
1#
#125144644
0#
#125163162
b10001010 7
1#
#125181680
0#
#125200198
b10001011 7
1#
#125218716
0#
#125237234
b10001100 7
1#
#125255752
0#
#125274270
b10001101 7
1#
#125292788
0#
#125311306
b10001110 7
1#
#125329824
0#
#125348342
b10001111 7
1#
#125366860
0#
#125385378
b10010000 7
1#
#125403896
0#
#125422414
b10010001 7
1#
#125440932
0#
#125459450
b10010010 7
1#
#125477968
0#
#125496486
b10010011 7
1#
#125515004
0#
#125533522
b10010100 7
1#
#125552040
0#
#125570558
b10010101 7
1#
#125589076
0#
#125607594
b10010110 7
1#
#125626112
0#
#125644630
b10010111 7
1#
#125663148
0#
#125681666
b10011000 7
1#
#125700184
0#
#125718702
b10011001 7
1#
#125737220
0#
#125755738
b10011010 7
1#
#125774256
0#
#125792774
b10011011 7
1#
#125811292
0#
#125829810
b10011100 7
1#
#125848328
0#
#125866846
b10011101 7
1#
#125885364
0#
#125903882
b10011110 7
1#
#125922400
0#
#125940918
b10011111 7
1#
#125959436
0#
#125977954
b10100000 7
1#
#125996472
0#
#126014990
b10100001 7
1#
#126033508
0#
#126052026
b10100010 7
1#
#126070544
0#
#126089062
b10100011 7
1#
#126107580
0#
#126126098
b10100100 7
1#
#126144616
0#
#126163134
b10100101 7
1#
#126181652
0#
#126200170
b10100110 7
1#
#126218688
0#
#126237206
b10100111 7
1#
#126255724
0#
#126274242
b10101000 7
1#
#126292760
0#
#126311278
b10101001 7
1#
#126329796
0#
#126348314
b10101010 7
1#
#126366832
0#
#126385350
b10101011 7
1#
#126403868
0#
#126422386
b10101100 7
1#
#126440904
0#
#126459422
b10101101 7
1#
#126477940
0#
#126496458
b10101110 7
1#
#126514976
0#
#126533494
b10101111 7
1#
#126552012
0#
#126570530
b10110000 7
1#
#126589048
0#
#126607566
b10110001 7
1#
#126626084
0#
#126644602
b10110010 7
1#
#126663120
0#
#126681638
b10110011 7
1#
#126700156
0#
#126718674
b10110100 7
1#
#126737192
0#
#126755710
b10110101 7
1#
#126774228
0#
#126792746
b10110110 7
1#
#126811264
0#
#126829782
b10110111 7
1#
#126848300
0#
#126866818
b10111000 7
1#
#126885336
0#
#126903854
b10111001 7
1#
#126922372
0#
#126940890
b10111010 7
1#
#126959408
0#
#126977926
b10111011 7
1#
#126996444
0#
#127014962
b10111100 7
1#
#127033480
0#
#127051998
b10111101 7
1#
#127070516
0#
#127089034
b10111110 7
1#
#127107552
0#
#127126070
b10111111 7
1#
#127144588
0#
#127163106
b11000000 7
1#
#127181624
0#
#127200142
b11000001 7
1#
#127218660
0#
#127237178
b11000010 7
1#
#127255696
0#
#127274214
b11000011 7
1#
#127292732
0#
#127311250
b11000100 7
1#
#127329768
0#
#127348286
b11000101 7
1#
#127366804
0#
#127385322
b11000110 7
1#
#127403840
0#
#127422358
b11000111 7
1#
#127440876
0#
#127459394
b11001000 7
1#
#127477912
0#
#127496430
b11001001 7
1#
#127514948
0#
#127533466
b11001010 7
1#
#127551984
0#
#127570502
b11001011 7
1#
#127589020
0#
#127607538
b11001100 7
1#
#127626056
0#
#127644574
b11001101 7
1#
#127663092
0#
#127681610
b11001110 7
1#
#127700128
0#
#127718646
b11001111 7
1#
#127737164
0#
#127755682
b11010000 7
1#
#127774200
0#
#127792718
b11010001 7
1#
#127811236
0#
#127829754
b11010010 7
1#
#127848272
0#
#127866790
b11010011 7
1#
#127885308
0#
#127903826
b11010100 7
1#
#127922344
0#
#127940862
b11010101 7
1#
#127959380
0#
#127977898
b11010110 7
1#
#127996416
0#
#128014934
b11010111 7
1#
#128033452
0#
#128051970
b11011000 7
1#
#128070488
0#
#128089006
b11011001 7
1#
#128107524
0#
#128126042
b11011010 7
1#
#128144560
0#
#128163078
b11011011 7
1#
#128181596
0#
#128200114
b11011100 7
1#
#128218632
0#
#128237150
b11011101 7
1#
#128255668
0#
#128274186
b11011110 7
1#
#128292704
0#
#128311222
b11011111 7
1#
#128329740
0#
#128348258
b11100000 7
1#
#128366776
0#
#128385294
b11100001 7
1#
#128403812
0#
#128422330
b11100010 7
1#
#128440848
0#
#128459366
b11100011 7
1#
#128477884
0#
#128496402
b11100100 7
1#
#128514920
0#
#128533438
b11100101 7
1#
#128551956
0#
#128570474
b11100110 7
1#
#128588992
0#
#128607510
b11100111 7
1#
#128626028
0#
#128644546
b11101000 7
1#
#128663064
0#
#128681582
b11101001 7
1#
#128700100
0#
#128718618
18
b0 7
1#
#128737136
0#
#128755654
b10 9
b10101 :
b1 7
08
1#
#128774172
0#
#128792690
1!
b10 7
1#
#128811208
0#
#128829726
b11 7
1#
#128848244
0#
#128866762
b100 7
1#
#128885280
0#
#128903798
b101 7
1#
#128922316
0#
#128940834
b110 7
1#
#128959352
0#
#128977870
b111 7
1#
#128996388
0#
#129014906
b1000 7
1#
#129033424
0#
#129051942
b1001 7
1#
#129070460
0#
#129088978
b1010 7
1#
#129107496
0#
#129126014
b1011 7
1#
#129144532
0#
#129163050
b1100 7
1#
#129181568
0#
#129200086
b1101 7
1#
#129218604
0#
#129237122
b1110 7
1#
#129255640
0#
#129274158
b1111 7
1#
#129292676
0#
#129311194
b10000 7
1#
#129329712
0#
#129348230
b10001 7
1#
#129366748
0#
#129385266
b10010 7
1#
#129403784
0#
#129422302
b10011 7
1#
#129440820
0#
#129459338
b10100 7
1#
#129477856
0#
#129496374
b10101 7
1#
#129514892
0#
#129533410
b10110 7
1#
#129551928
0#
#129570446
b10111 7
1#
#129588964
0#
#129607482
b11000 7
1#
#129626000
0#
#129644518
b11001 7
1#
#129663036
0#
#129681554
b11010 7
1#
#129700072
0#
#129718590
b11011 7
1#
#129737108
0#
#129755626
b11100 7
1#
#129774144
0#
#129792662
b11101 7
1#
#129811180
0#
#129829698
b11110 7
1#
#129848216
0#
#129866734
b11111 7
1#
#129885252
0#
#129903770
b100000 7
1#
#129922288
0#
#129940806
b100001 7
1#
#129959324
0#
#129977842
b100010 7
1#
#129996360
0#
#130014878
b100011 7
1#
#130033396
0#
#130051914
b100100 7
1#
#130070432
0#
#130088950
b100101 7
1#
#130107468
0#
#130125986
b100110 7
1#
#130144504
0#
#130163022
b100111 7
1#
#130181540
0#
#130200058
b101000 7
1#
#130218576
0#
#130237094
b101001 7
1#
#130255612
0#
#130274130
b101010 7
1#
#130292648
0#
#130311166
b101011 7
1#
#130329684
0#
#130348202
b101100 7
1#
#130366720
0#
#130385238
b101101 7
1#
#130403756
0#
#130422274
b101110 7
1#
#130440792
0#
#130459310
b101111 7
1#
#130477828
0#
#130496346
b110000 7
1#
#130514864
0#
#130533382
b110001 7
1#
#130551900
0#
#130570418
b110010 7
1#
#130588936
0#
#130607454
b110011 7
1#
#130625972
0#
#130644490
b110100 7
1#
#130663008
0#
#130681526
b110101 7
1#
#130700044
0#
#130718562
b110110 7
1#
#130737080
0#
#130755598
b110111 7
1#
#130774116
0#
#130792634
b111000 7
1#
#130811152
0#
#130829670
b111001 7
1#
#130848188
0#
#130866706
b111010 7
1#
#130885224
0#
#130903742
b111011 7
1#
#130922260
0#
#130940778
b111100 7
1#
#130959296
0#
#130977814
b111101 7
1#
#130996332
0#
#131014850
b111110 7
1#
#131033368
0#
#131051886
b111111 7
1#
#131070404
0#
#131088922
b1000000 7
1#
#131107440
0#
#131125958
b1000001 7
1#
#131144476
0#
#131162994
b1000010 7
1#
#131181512
0#
#131200030
b1000011 7
1#
#131218548
0#
#131237066
b1000100 7
1#
#131255584
0#
#131274102
b1000101 7
1#
#131292620
0#
#131311138
b1000110 7
1#
#131329656
0#
#131348174
b1000111 7
1#
#131366692
0#
#131385210
b1001000 7
1#
#131403728
0#
#131422246
b1001001 7
1#
#131440764
0#
#131459282
b1001010 7
1#
#131477800
0#
#131496318
b1001011 7
1#
#131514836
0#
#131533354
b1001100 7
1#
#131551872
0#
#131570390
b1001101 7
1#
#131588908
0#
#131607426
b1001110 7
1#
#131625944
0#
#131644462
b1001111 7
1#
#131662980
0#
#131681498
b1010000 7
1#
#131700016
0#
#131718534
b1010001 7
1#
#131737052
0#
#131755570
b1010010 7
1#
#131774088
0#
#131792606
b1010011 7
1#
#131811124
0#
#131829642
b1010100 7
1#
#131848160
0#
#131866678
b1010101 7
1#
#131885196
0#
#131903714
b1010110 7
1#
#131922232
0#
#131940750
b1010111 7
1#
#131959268
0#
#131977786
b1011000 7
1#
#131996304
0#
#132014822
b1011001 7
1#
#132033340
0#
#132051858
b1011010 7
1#
#132070376
0#
#132088894
b1011011 7
1#
#132107412
0#
#132125930
b1011100 7
1#
#132144448
0#
#132162966
b1011101 7
1#
#132181484
0#
#132200002
b1011110 7
1#
#132218520
0#
#132237038
b1011111 7
1#
#132255556
0#
#132274074
b1100000 7
1#
#132292592
0#
#132311110
b1100001 7
1#
#132329628
0#
#132348146
b1100010 7
1#
#132366664
0#
#132385182
b1100011 7
1#
#132403700
0#
#132422218
b1100100 7
1#
#132440736
0#
#132459254
b1100101 7
1#
#132477772
0#
#132496290
b1100110 7
1#
#132514808
0#
#132533326
b1100111 7
1#
#132551844
0#
#132570362
b1101000 7
1#
#132588880
0#
#132607398
b1101001 7
1#
#132625916
0#
#132644434
b1101010 7
1#
#132662952
0#
#132681470
b1101011 7
1#
#132699988
0#
#132718506
b1101100 7
1#
#132737024
0#
#132755542
b1101101 7
1#
#132774060
0#
#132792578
b1101110 7
1#
#132811096
0#
#132829614
b1101111 7
1#
#132848132
0#
#132866650
b1110000 7
1#
#132885168
0#
#132903686
b1110001 7
1#
#132922204
0#
#132940722
b1110010 7
1#
#132959240
0#
#132977758
b1110011 7
1#
#132996276
0#
#133014794
b1110100 7
1#
#133033312
0#
#133051830
b1110101 7
1#
#133070348
0#
#133088866
b1110110 7
1#
#133107384
0#
#133125902
b1110111 7
1#
#133144420
0#
#133162938
b1111000 7
1#
#133181456
0#
#133199974
b1111001 7
1#
#133218492
0#
#133237010
b1111010 7
1#
#133255528
0#
#133274046
b1111011 7
1#
#133292564
0#
#133311082
b1111100 7
1#
#133329600
0#
#133348118
b1111101 7
1#
#133366636
0#
#133385154
b1111110 7
1#
#133403672
0#
#133422190
b1111111 7
1#
#133440708
0#
#133459226
b10000000 7
1#
#133477744
0#
#133496262
b10000001 7
1#
#133514780
0#
#133533298
b10000010 7
1#
#133551816
0#
#133570334
b10000011 7
1#
#133588852
0#
#133607370
b10000100 7
1#
#133625888
0#
#133644406
b10000101 7
1#
#133662924
0#
#133681442
b10000110 7
1#
#133699960
0#
#133718478
b10000111 7
1#
#133736996
0#
#133755514
b10001000 7
1#
#133774032
0#
#133792550
b10001001 7
1#
#133811068
0#
#133829586
b10001010 7
1#
#133848104
0#
#133866622
b10001011 7
1#
#133885140
0#
#133903658
b10001100 7
1#
#133922176
0#
#133940694
b10001101 7
1#
#133959212
0#
#133977730
b10001110 7
1#
#133996248
0#
#134014766
b10001111 7
1#
#134033284
0#
#134051802
b10010000 7
1#
#134070320
0#
#134088838
b10010001 7
1#
#134107356
0#
#134125874
b10010010 7
1#
#134144392
0#
#134162910
b10010011 7
1#
#134181428
0#
#134199946
b10010100 7
1#
#134218464
0#
#134236982
b10010101 7
1#
#134255500
0#
#134274018
b10010110 7
1#
#134292536
0#
#134311054
b10010111 7
1#
#134329572
0#
#134348090
b10011000 7
1#
#134366608
0#
#134385126
b10011001 7
1#
#134403644
0#
#134422162
b10011010 7
1#
#134440680
0#
#134459198
b10011011 7
1#
#134477716
0#
#134496234
b10011100 7
1#
#134514752
0#
#134533270
b10011101 7
1#
#134551788
0#
#134570306
b10011110 7
1#
#134588824
0#
#134607342
b10011111 7
1#
#134625860
0#
#134644378
b10100000 7
1#
#134662896
0#
#134681414
b10100001 7
1#
#134699932
0#
#134718450
b10100010 7
1#
#134736968
0#
#134755486
b10100011 7
1#
#134774004
0#
#134792522
b10100100 7
1#
#134811040
0#
#134829558
b10100101 7
1#
#134848076
0#
#134866594
b10100110 7
1#
#134885112
0#
#134903630
b10100111 7
1#
#134922148
0#
#134940666
b10101000 7
1#
#134959184
0#
#134977702
b10101001 7
1#
#134996220
0#
#135014738
b10101010 7
1#
#135033256
0#
#135051774
b10101011 7
1#
#135070292
0#
#135088810
b10101100 7
1#
#135107328
0#
#135125846
b10101101 7
1#
#135144364
0#
#135162882
b10101110 7
1#
#135181400
0#
#135199918
b10101111 7
1#
#135218436
0#
#135236954
b10110000 7
1#
#135255472
0#
#135273990
b10110001 7
1#
#135292508
0#
#135311026
b10110010 7
1#
#135329544
0#
#135348062
b10110011 7
1#
#135366580
0#
#135385098
b10110100 7
1#
#135403616
0#
#135422134
b10110101 7
1#
#135440652
0#
#135459170
b10110110 7
1#
#135477688
0#
#135496206
b10110111 7
1#
#135514724
0#
#135533242
b10111000 7
1#
#135551760
0#
#135570278
b10111001 7
1#
#135588796
0#
#135607314
b10111010 7
1#
#135625832
0#
#135644350
b10111011 7
1#
#135662868
0#
#135681386
b10111100 7
1#
#135699904
0#
#135718422
b10111101 7
1#
#135736940
0#
#135755458
b10111110 7
1#
#135773976
0#
#135792494
b10111111 7
1#
#135811012
0#
#135829530
b11000000 7
1#
#135848048
0#
#135866566
b11000001 7
1#
#135885084
0#
#135903602
b11000010 7
1#
#135922120
0#
#135940638
b11000011 7
1#
#135959156
0#
#135977674
b11000100 7
1#
#135996192
0#
#136014710
b11000101 7
1#
#136033228
0#
#136051746
b11000110 7
1#
#136070264
0#
#136088782
b11000111 7
1#
#136107300
0#
#136125818
b11001000 7
1#
#136144336
0#
#136162854
b11001001 7
1#
#136181372
0#
#136199890
b11001010 7
1#
#136218408
0#
#136236926
b11001011 7
1#
#136255444
0#
#136273962
b11001100 7
1#
#136292480
0#
#136310998
b11001101 7
1#
#136329516
0#
#136348034
b11001110 7
1#
#136366552
0#
#136385070
b11001111 7
1#
#136403588
0#
#136422106
b11010000 7
1#
#136440624
0#
#136459142
b11010001 7
1#
#136477660
0#
#136496178
b11010010 7
1#
#136514696
0#
#136533214
b11010011 7
1#
#136551732
0#
#136570250
b11010100 7
1#
#136588768
0#
#136607286
b11010101 7
1#
#136625804
0#
#136644322
b11010110 7
1#
#136662840
0#
#136681358
b11010111 7
1#
#136699876
0#
#136718394
b11011000 7
1#
#136736912
0#
#136755430
b11011001 7
1#
#136773948
0#
#136792466
b11011010 7
1#
#136810984
0#
#136829502
b11011011 7
1#
#136848020
0#
#136866538
b11011100 7
1#
#136885056
0#
#136903574
b11011101 7
1#
#136922092
0#
#136940610
b11011110 7
1#
#136959128
0#
#136977646
b11011111 7
1#
#136996164
0#
#137014682
b11100000 7
1#
#137033200
0#
#137051718
b11100001 7
1#
#137070236
0#
#137088754
b11100010 7
1#
#137107272
0#
#137125790
b11100011 7
1#
#137144308
0#
#137162826
b11100100 7
1#
#137181344
0#
#137199862
b11100101 7
1#
#137218380
0#
#137236898
b11100110 7
1#
#137255416
0#
#137273934
b11100111 7
1#
#137292452
0#
#137310970
b11101000 7
1#
#137329488
0#
#137348006
b11101001 7
1#
#137366524
0#
#137385042
18
b0 7
1#
#137403560
0#
#137422078
b11 9
b1010 :
b1 7
08
1#
#137440596
0#
#137459114
0!
b10 7
1#
#137477632
0#
#137496150
b11 7
1#
#137514668
0#
#137533186
b100 7
1#
#137551704
0#
#137570222
b101 7
1#
#137588740
0#
#137607258
b110 7
1#
#137625776
0#
#137644294
b111 7
1#
#137662812
0#
#137681330
b1000 7
1#
#137699848
0#
#137718366
b1001 7
1#
#137736884
0#
#137755402
b1010 7
1#
#137773920
0#
#137792438
b1011 7
1#
#137810956
0#
#137829474
b1100 7
1#
#137847992
0#
#137866510
b1101 7
1#
#137885028
0#
#137903546
b1110 7
1#
#137922064
0#
#137940582
b1111 7
1#
#137959100
0#
#137977618
b10000 7
1#
#137996136
0#
#138014654
b10001 7
1#
#138033172
0#
#138051690
b10010 7
1#
#138070208
0#
#138088726
b10011 7
1#
#138107244
0#
#138125762
b10100 7
1#
#138144280
0#
#138162798
b10101 7
1#
#138181316
0#
#138199834
b10110 7
1#
#138218352
0#
#138236870
b10111 7
1#
#138255388
0#
#138273906
b11000 7
1#
#138292424
0#
#138310942
b11001 7
1#
#138329460
0#
#138347978
b11010 7
1#
#138366496
0#
#138385014
b11011 7
1#
#138403532
0#
#138422050
b11100 7
1#
#138440568
0#
#138459086
b11101 7
1#
#138477604
0#
#138496122
b11110 7
1#
#138514640
0#
#138533158
b11111 7
1#
#138551676
0#
#138570194
b100000 7
1#
#138588712
0#
#138607230
b100001 7
1#
#138625748
0#
#138644266
b100010 7
1#
#138662784
0#
#138681302
b100011 7
1#
#138699820
0#
#138718338
b100100 7
1#
#138736856
0#
#138755374
b100101 7
1#
#138773892
0#
#138792410
b100110 7
1#
#138810928
0#
#138829446
b100111 7
1#
#138847964
0#
#138866482
b101000 7
1#
#138885000
0#
#138903518
b101001 7
1#
#138922036
0#
#138940554
b101010 7
1#
#138959072
0#
#138977590
b101011 7
1#
#138996108
0#
#139014626
b101100 7
1#
#139033144
0#
#139051662
b101101 7
1#
#139070180
0#
#139088698
b101110 7
1#
#139107216
0#
#139125734
b101111 7
1#
#139144252
0#
#139162770
b110000 7
1#
#139181288
0#
#139199806
b110001 7
1#
#139218324
0#
#139236842
b110010 7
1#
#139255360
0#
#139273878
b110011 7
1#
#139292396
0#
#139310914
b110100 7
1#
#139329432
0#
#139347950
b110101 7
1#
#139366468
0#
#139384986
b110110 7
1#
#139403504
0#
#139422022
b110111 7
1#
#139440540
0#
#139459058
b111000 7
1#
#139477576
0#
#139496094
b111001 7
1#
#139514612
0#
#139533130
b111010 7
1#
#139551648
0#
#139570166
b111011 7
1#
#139588684
0#
#139607202
b111100 7
1#
#139625720
0#
#139644238
b111101 7
1#
#139662756
0#
#139681274
b111110 7
1#
#139699792
0#
#139718310
b111111 7
1#
#139736828
0#
#139755346
b1000000 7
1#
#139773864
0#
#139792382
b1000001 7
1#
#139810900
0#
#139829418
b1000010 7
1#
#139847936
0#
#139866454
b1000011 7
1#
#139884972
0#
#139903490
b1000100 7
1#
#139922008
0#
#139940526
b1000101 7
1#
#139959044
0#
#139977562
b1000110 7
1#
#139996080
0#
#140014598
b1000111 7
1#
#140033116
0#
#140051634
b1001000 7
1#
#140070152
0#
#140088670
b1001001 7
1#
#140107188
0#
#140125706
b1001010 7
1#
#140144224
0#
#140162742
b1001011 7
1#
#140181260
0#
#140199778
b1001100 7
1#
#140218296
0#
#140236814
b1001101 7
1#
#140255332
0#
#140273850
b1001110 7
1#
#140292368
0#
#140310886
b1001111 7
1#
#140329404
0#
#140347922
b1010000 7
1#
#140366440
0#
#140384958
b1010001 7
1#
#140403476
0#
#140421994
b1010010 7
1#
#140440512
0#
#140459030
b1010011 7
1#
#140477548
0#
#140496066
b1010100 7
1#
#140514584
0#
#140533102
b1010101 7
1#
#140551620
0#
#140570138
b1010110 7
1#
#140588656
0#
#140607174
b1010111 7
1#
#140625692
0#
#140644210
b1011000 7
1#
#140662728
0#
#140681246
b1011001 7
1#
#140699764
0#
#140718282
b1011010 7
1#
#140736800
0#
#140755318
b1011011 7
1#
#140773836
0#
#140792354
b1011100 7
1#
#140810872
0#
#140829390
b1011101 7
1#
#140847908
0#
#140866426
b1011110 7
1#
#140884944
0#
#140903462
b1011111 7
1#
#140921980
0#
#140940498
b1100000 7
1#
#140959016
0#
#140977534
b1100001 7
1#
#140996052
0#
#141014570
b1100010 7
1#
#141033088
0#
#141051606
b1100011 7
1#
#141070124
0#
#141088642
b1100100 7
1#
#141107160
0#
#141125678
b1100101 7
1#
#141144196
0#
#141162714
b1100110 7
1#
#141181232
0#
#141199750
b1100111 7
1#
#141218268
0#
#141236786
b1101000 7
1#
#141255304
0#
#141273822
b1101001 7
1#
#141292340
0#
#141310858
b1101010 7
1#
#141329376
0#
#141347894
b1101011 7
1#
#141366412
0#
#141384930
b1101100 7
1#
#141403448
0#
#141421966
b1101101 7
1#
#141440484
0#
#141459002
b1101110 7
1#
#141477520
0#
#141496038
b1101111 7
1#
#141514556
0#
#141533074
b1110000 7
1#
#141551592
0#
#141570110
b1110001 7
1#
#141588628
0#
#141607146
b1110010 7
1#
#141625664
0#
#141644182
b1110011 7
1#
#141662700
0#
#141681218
b1110100 7
1#
#141699736
0#
#141718254
b1110101 7
1#
#141736772
0#
#141755290
b1110110 7
1#
#141773808
0#
#141792326
b1110111 7
1#
#141810844
0#
#141829362
b1111000 7
1#
#141847880
0#
#141866398
b1111001 7
1#
#141884916
0#
#141903434
b1111010 7
1#
#141921952
0#
#141940470
b1111011 7
1#
#141958988
0#
#141977506
b1111100 7
1#
#141996024
0#
#142014542
b1111101 7
1#
#142033060
0#
#142051578
b1111110 7
1#
#142070096
0#
#142088614
b1111111 7
1#
#142107132
0#
#142125650
b10000000 7
1#
#142144168
0#
#142162686
b10000001 7
1#
#142181204
0#
#142199722
b10000010 7
1#
#142218240
0#
#142236758
b10000011 7
1#
#142255276
0#
#142273794
b10000100 7
1#
#142292312
0#
#142310830
b10000101 7
1#
#142329348
0#
#142347866
b10000110 7
1#
#142366384
0#
#142384902
b10000111 7
1#
#142403420
0#
#142421938
b10001000 7
1#
#142440456
0#
#142458974
b10001001 7
1#
#142477492
0#
#142496010
b10001010 7
1#
#142514528
0#
#142533046
b10001011 7
1#
#142551564
0#
#142570082
b10001100 7
1#
#142588600
0#
#142607118
b10001101 7
1#
#142625636
0#
#142644154
b10001110 7
1#
#142662672
0#
#142681190
b10001111 7
1#
#142699708
0#
#142718226
b10010000 7
1#
#142736744
0#
#142755262
b10010001 7
1#
#142773780
0#
#142792298
b10010010 7
1#
#142810816
0#
#142829334
b10010011 7
1#
#142847852
0#
#142866370
b10010100 7
1#
#142884888
0#
#142903406
b10010101 7
1#
#142921924
0#
#142940442
b10010110 7
1#
#142958960
0#
#142977478
b10010111 7
1#
#142995996
0#
#143014514
b10011000 7
1#
#143033032
0#
#143051550
b10011001 7
1#
#143070068
0#
#143088586
b10011010 7
1#
#143107104
0#
#143125622
b10011011 7
1#
#143144140
0#
#143162658
b10011100 7
1#
#143181176
0#
#143199694
b10011101 7
1#
#143218212
0#
#143236730
b10011110 7
1#
#143255248
0#
#143273766
b10011111 7
1#
#143292284
0#
#143310802
b10100000 7
1#
#143329320
0#
#143347838
b10100001 7
1#
#143366356
0#
#143384874
b10100010 7
1#
#143403392
0#
#143421910
b10100011 7
1#
#143440428
0#
#143458946
b10100100 7
1#
#143477464
0#
#143495982
b10100101 7
1#
#143514500
0#
#143533018
b10100110 7
1#
#143551536
0#
#143570054
b10100111 7
1#
#143588572
0#
#143607090
b10101000 7
1#
#143625608
0#
#143644126
b10101001 7
1#
#143662644
0#
#143681162
b10101010 7
1#
#143699680
0#
#143718198
b10101011 7
1#
#143736716
0#
#143755234
b10101100 7
1#
#143773752
0#
#143792270
b10101101 7
1#
#143810788
0#
#143829306
b10101110 7
1#
#143847824
0#
#143866342
b10101111 7
1#
#143884860
0#
#143903378
b10110000 7
1#
#143921896
0#
#143940414
b10110001 7
1#
#143958932
0#
#143977450
b10110010 7
1#
#143995968
0#
#144014486
b10110011 7
1#
#144033004
0#
#144051522
b10110100 7
1#
#144070040
0#
#144088558
b10110101 7
1#
#144107076
0#
#144125594
b10110110 7
1#
#144144112
0#
#144162630
b10110111 7
1#
#144181148
0#
#144199666
b10111000 7
1#
#144218184
0#
#144236702
b10111001 7
1#
#144255220
0#
#144273738
b10111010 7
1#
#144292256
0#
#144310774
b10111011 7
1#
#144329292
0#
#144347810
b10111100 7
1#
#144366328
0#
#144384846
b10111101 7
1#
#144403364
0#
#144421882
b10111110 7
1#
#144440400
0#
#144458918
b10111111 7
1#
#144477436
0#
#144495954
b11000000 7
1#
#144514472
0#
#144532990
b11000001 7
1#
#144551508
0#
#144570026
b11000010 7
1#
#144588544
0#
#144607062
b11000011 7
1#
#144625580
0#
#144644098
b11000100 7
1#
#144662616
0#
#144681134
b11000101 7
1#
#144699652
0#
#144718170
b11000110 7
1#
#144736688
0#
#144755206
b11000111 7
1#
#144773724
0#
#144792242
b11001000 7
1#
#144810760
0#
#144829278
b11001001 7
1#
#144847796
0#
#144866314
b11001010 7
1#
#144884832
0#
#144903350
b11001011 7
1#
#144921868
0#
#144940386
b11001100 7
1#
#144958904
0#
#144977422
b11001101 7
1#
#144995940
0#
#145014458
b11001110 7
1#
#145032976
0#
#145051494
b11001111 7
1#
#145070012
0#
#145088530
b11010000 7
1#
#145107048
0#
#145125566
b11010001 7
1#
#145144084
0#
#145162602
b11010010 7
1#
#145181120
0#
#145199638
b11010011 7
1#
#145218156
0#
#145236674
b11010100 7
1#
#145255192
0#
#145273710
b11010101 7
1#
#145292228
0#
#145310746
b11010110 7
1#
#145329264
0#
#145347782
b11010111 7
1#
#145366300
0#
#145384818
b11011000 7
1#
#145403336
0#
#145421854
b11011001 7
1#
#145440372
0#
#145458890
b11011010 7
1#
#145477408
0#
#145495926
b11011011 7
1#
#145514444
0#
#145532962
b11011100 7
1#
#145551480
0#
#145569998
b11011101 7
1#
#145588516
0#
#145607034
b11011110 7
1#
#145625552
0#
#145644070
b11011111 7
1#
#145662588
0#
#145681106
b11100000 7
1#
#145699624
0#
#145718142
b11100001 7
1#
#145736660
0#
#145755178
b11100010 7
1#
#145773696
0#
#145792214
b11100011 7
1#
#145810732
0#
#145829250
b11100100 7
1#
#145847768
0#
#145866286
b11100101 7
1#
#145884804
0#
#145903322
b11100110 7
1#
#145921840
0#
#145940358
b11100111 7
1#
#145958876
0#
#145977394
b11101000 7
1#
#145995912
0#
#146014430
b11101001 7
1#
#146032948
0#
#146051466
18
b0 7
1#
#146069984
0#
#146088502
b100 9
b101 :
b1 7
08
1#
#146107020
0#
#146125538
1!
b10 7
1#
#146144056
0#
#146162574
b11 7
1#
#146181092
0#
#146199610
b100 7
1#
#146218128
0#
#146236646
b101 7
1#
#146255164
0#
#146273682
b110 7
1#
#146292200
0#
#146310718
b111 7
1#
#146329236
0#
#146347754
b1000 7
1#
#146366272
0#
#146384790
b1001 7
1#
#146403308
0#
#146421826
b1010 7
1#
#146440344
0#
#146458862
b1011 7
1#
#146477380
0#
#146495898
b1100 7
1#
#146514416
0#
#146532934
b1101 7
1#
#146551452
0#
#146569970
b1110 7
1#
#146588488
0#
#146607006
b1111 7
1#
#146625524
0#
#146644042
b10000 7
1#
#146662560
0#
#146681078
b10001 7
1#
#146699596
0#
#146718114
b10010 7
1#
#146736632
0#
#146755150
b10011 7
1#
#146773668
0#
#146792186
b10100 7
1#
#146810704
0#
#146829222
b10101 7
1#
#146847740
0#
#146866258
b10110 7
1#
#146884776
0#
#146903294
b10111 7
1#
#146921812
0#
#146940330
b11000 7
1#
#146958848
0#
#146977366
b11001 7
1#
#146995884
0#
#147014402
b11010 7
1#
#147032920
0#
#147051438
b11011 7
1#
#147069956
0#
#147088474
b11100 7
1#
#147106992
0#
#147125510
b11101 7
1#
#147144028
0#
#147162546
b11110 7
1#
#147181064
0#
#147199582
b11111 7
1#
#147218100
0#
#147236618
b100000 7
1#
#147255136
0#
#147273654
b100001 7
1#
#147292172
0#
#147310690
b100010 7
1#
#147329208
0#
#147347726
b100011 7
1#
#147366244
0#
#147384762
b100100 7
1#
#147403280
0#
#147421798
b100101 7
1#
#147440316
0#
#147458834
b100110 7
1#
#147477352
0#
#147495870
b100111 7
1#
#147514388
0#
#147532906
b101000 7
1#
#147551424
0#
#147569942
b101001 7
1#
#147588460
0#
#147606978
b101010 7
1#
#147625496
0#
#147644014
b101011 7
1#
#147662532
0#
#147681050
b101100 7
1#
#147699568
0#
#147718086
b101101 7
1#
#147736604
0#
#147755122
b101110 7
1#
#147773640
0#
#147792158
b101111 7
1#
#147810676
0#
#147829194
b110000 7
1#
#147847712
0#
#147866230
b110001 7
1#
#147884748
0#
#147903266
b110010 7
1#
#147921784
0#
#147940302
b110011 7
1#
#147958820
0#
#147977338
b110100 7
1#
#147995856
0#
#148014374
b110101 7
1#
#148032892
0#
#148051410
b110110 7
1#
#148069928
0#
#148088446
b110111 7
1#
#148106964
0#
#148125482
b111000 7
1#
#148144000
0#
#148162518
b111001 7
1#
#148181036
0#
#148199554
b111010 7
1#
#148218072
0#
#148236590
b111011 7
1#
#148255108
0#
#148273626
b111100 7
1#
#148292144
0#
#148310662
b111101 7
1#
#148329180
0#
#148347698
b111110 7
1#
#148366216
0#
#148384734
b111111 7
1#
#148403252
0#
#148421770
b1000000 7
1#
#148440288
0#
#148458806
b1000001 7
1#
#148477324
0#
#148495842
b1000010 7
1#
#148514360
0#
#148532878
b1000011 7
1#
#148551396
0#
#148569914
b1000100 7
1#
#148588432
0#
#148606950
b1000101 7
1#
#148625468
0#
#148643986
b1000110 7
1#
#148662504
0#
#148681022
b1000111 7
1#
#148699540
0#
#148718058
b1001000 7
1#
#148736576
0#
#148755094
b1001001 7
1#
#148773612
0#
#148792130
b1001010 7
1#
#148810648
0#
#148829166
b1001011 7
1#
#148847684
0#
#148866202
b1001100 7
1#
#148884720
0#
#148903238
b1001101 7
1#
#148921756
0#
#148940274
b1001110 7
1#
#148958792
0#
#148977310
b1001111 7
1#
#148995828
0#
#149014346
b1010000 7
1#
#149032864
0#
#149051382
b1010001 7
1#
#149069900
0#
#149088418
b1010010 7
1#
#149106936
0#
#149125454
b1010011 7
1#
#149143972
0#
#149162490
b1010100 7
1#
#149181008
0#
#149199526
b1010101 7
1#
#149218044
0#
#149236562
b1010110 7
1#
#149255080
0#
#149273598
b1010111 7
1#
#149292116
0#
#149310634
b1011000 7
1#
#149329152
0#
#149347670
b1011001 7
1#
#149366188
0#
#149384706
b1011010 7
1#
#149403224
0#
#149421742
b1011011 7
1#
#149440260
0#
#149458778
b1011100 7
1#
#149477296
0#
#149495814
b1011101 7
1#
#149514332
0#
#149532850
b1011110 7
1#
#149551368
0#
#149569886
b1011111 7
1#
#149588404
0#
#149606922
b1100000 7
1#
#149625440
0#
#149643958
b1100001 7
1#
#149662476
0#
#149680994
b1100010 7
1#
#149699512
0#
#149718030
b1100011 7
1#
#149736548
0#
#149755066
b1100100 7
1#
#149773584
0#
#149792102
b1100101 7
1#
#149810620
0#
#149829138
b1100110 7
1#
#149847656
0#
#149866174
b1100111 7
1#
#149884692
0#
#149903210
b1101000 7
1#
#149921728
0#
#149940246
b1101001 7
1#
#149958764
0#
#149977282
b1101010 7
1#
#149995800
0#
#150014318
b1101011 7
1#
#150032836
0#
#150051354
b1101100 7
1#
#150069872
0#
#150088390
b1101101 7
1#
#150106908
0#
#150125426
b1101110 7
1#
#150143944
0#
#150162462
b1101111 7
1#
#150180980
0#
#150199498
b1110000 7
1#
#150218016
0#
#150236534
b1110001 7
1#
#150255052
0#
#150273570
b1110010 7
1#
#150292088
0#
#150310606
b1110011 7
1#
#150329124
0#
#150347642
b1110100 7
1#
#150366160
0#
#150384678
b1110101 7
1#
#150403196
0#
#150421714
b1110110 7
1#
#150440232
0#
#150458750
b1110111 7
1#
#150477268
0#
#150495786
b1111000 7
1#
#150514304
0#
#150532822
b1111001 7
1#
#150551340
0#
#150569858
b1111010 7
1#
#150588376
0#
#150606894
b1111011 7
1#
#150625412
0#
#150643930
b1111100 7
1#
#150662448
0#
#150680966
b1111101 7
1#
#150699484
0#
#150718002
b1111110 7
1#
#150736520
0#
#150755038
b1111111 7
1#
#150773556
0#
#150792074
b10000000 7
1#
#150810592
0#
#150829110
b10000001 7
1#
#150847628
0#
#150866146
b10000010 7
1#
#150884664
0#
#150903182
b10000011 7
1#
#150921700
0#
#150940218
b10000100 7
1#
#150958736
0#
#150977254
b10000101 7
1#
#150995772
0#
#151014290
b10000110 7
1#
#151032808
0#
#151051326
b10000111 7
1#
#151069844
0#
#151088362
b10001000 7
1#
#151106880
0#
#151125398
b10001001 7
1#
#151143916
0#
#151162434
b10001010 7
1#
#151180952
0#
#151199470
b10001011 7
1#
#151217988
0#
#151236506
b10001100 7
1#
#151255024
0#
#151273542
b10001101 7
1#
#151292060
0#
#151310578
b10001110 7
1#
#151329096
0#
#151347614
b10001111 7
1#
#151366132
0#
#151384650
b10010000 7
1#
#151403168
0#
#151421686
b10010001 7
1#
#151440204
0#
#151458722
b10010010 7
1#
#151477240
0#
#151495758
b10010011 7
1#
#151514276
0#
#151532794
b10010100 7
1#
#151551312
0#
#151569830
b10010101 7
1#
#151588348
0#
#151606866
b10010110 7
1#
#151625384
0#
#151643902
b10010111 7
1#
#151662420
0#
#151680938
b10011000 7
1#
#151699456
0#
#151717974
b10011001 7
1#
#151736492
0#
#151755010
b10011010 7
1#
#151773528
0#
#151792046
b10011011 7
1#
#151810564
0#
#151829082
b10011100 7
1#
#151847600
0#
#151866118
b10011101 7
1#
#151884636
0#
#151903154
b10011110 7
1#
#151921672
0#
#151940190
b10011111 7
1#
#151958708
0#
#151977226
b10100000 7
1#
#151995744
0#
#152014262
b10100001 7
1#
#152032780
0#
#152051298
b10100010 7
1#
#152069816
0#
#152088334
b10100011 7
1#
#152106852
0#
#152125370
b10100100 7
1#
#152143888
0#
#152162406
b10100101 7
1#
#152180924
0#
#152199442
b10100110 7
1#
#152217960
0#
#152236478
b10100111 7
1#
#152254996
0#
#152273514
b10101000 7
1#
#152292032
0#
#152310550
b10101001 7
1#
#152329068
0#
#152347586
b10101010 7
1#
#152366104
0#
#152384622
b10101011 7
1#
#152403140
0#
#152421658
b10101100 7
1#
#152440176
0#
#152458694
b10101101 7
1#
#152477212
0#
#152495730
b10101110 7
1#
#152514248
0#
#152532766
b10101111 7
1#
#152551284
0#
#152569802
b10110000 7
1#
#152588320
0#
#152606838
b10110001 7
1#
#152625356
0#
#152643874
b10110010 7
1#
#152662392
0#
#152680910
b10110011 7
1#
#152699428
0#
#152717946
b10110100 7
1#
#152736464
0#
#152754982
b10110101 7
1#
#152773500
0#
#152792018
b10110110 7
1#
#152810536
0#
#152829054
b10110111 7
1#
#152847572
0#
#152866090
b10111000 7
1#
#152884608
0#
#152903126
b10111001 7
1#
#152921644
0#
#152940162
b10111010 7
1#
#152958680
0#
#152977198
b10111011 7
1#
#152995716
0#
#153014234
b10111100 7
1#
#153032752
0#
#153051270
b10111101 7
1#
#153069788
0#
#153088306
b10111110 7
1#
#153106824
0#
#153125342
b10111111 7
1#
#153143860
0#
#153162378
b11000000 7
1#
#153180896
0#
#153199414
b11000001 7
1#
#153217932
0#
#153236450
b11000010 7
1#
#153254968
0#
#153273486
b11000011 7
1#
#153292004
0#
#153310522
b11000100 7
1#
#153329040
0#
#153347558
b11000101 7
1#
#153366076
0#
#153384594
b11000110 7
1#
#153403112
0#
#153421630
b11000111 7
1#
#153440148
0#
#153458666
b11001000 7
1#
#153477184
0#
#153495702
b11001001 7
1#
#153514220
0#
#153532738
b11001010 7
1#
#153551256
0#
#153569774
b11001011 7
1#
#153588292
0#
#153606810
b11001100 7
1#
#153625328
0#
#153643846
b11001101 7
1#
#153662364
0#
#153680882
b11001110 7
1#
#153699400
0#
#153717918
b11001111 7
1#
#153736436
0#
#153754954
b11010000 7
1#
#153773472
0#
#153791990
b11010001 7
1#
#153810508
0#
#153829026
b11010010 7
1#
#153847544
0#
#153866062
b11010011 7
1#
#153884580
0#
#153903098
b11010100 7
1#
#153921616
0#
#153940134
b11010101 7
1#
#153958652
0#
#153977170
b11010110 7
1#
#153995688
0#
#154014206
b11010111 7
1#
#154032724
0#
#154051242
b11011000 7
1#
#154069760
0#
#154088278
b11011001 7
1#
#154106796
0#
#154125314
b11011010 7
1#
#154143832
0#
#154162350
b11011011 7
1#
#154180868
0#
#154199386
b11011100 7
1#
#154217904
0#
#154236422
b11011101 7
1#
#154254940
0#
#154273458
b11011110 7
1#
#154291976
0#
#154310494
b11011111 7
1#
#154329012
0#
#154347530
b11100000 7
1#
#154366048
0#
#154384566
b11100001 7
1#
#154403084
0#
#154421602
b11100010 7
1#
#154440120
0#
#154458638
b11100011 7
1#
#154477156
0#
#154495674
b11100100 7
1#
#154514192
0#
#154532710
b11100101 7
1#
#154551228
0#
#154569746
b11100110 7
1#
#154588264
0#
#154606782
b11100111 7
1#
#154625300
0#
#154643818
b11101000 7
1#
#154662336
0#
#154680854
b11101001 7
1#
#154699372
0#
#154717890
18
b0 7
1#
#154736408
0#
#154754926
b101 9
b10 :
b1 7
08
1#
#154773444
0#
#154791962
0!
b10 7
1#
#154810480
0#
#154828998
b11 7
1#
#154847516
0#
#154866034
b100 7
1#
#154884552
0#
#154903070
b101 7
1#
#154921588
0#
#154940106
b110 7
1#
#154958624
0#
#154977142
b111 7
1#
#154995660
0#
#155014178
b1000 7
1#
#155032696
0#
#155051214
b1001 7
1#
#155069732
0#
#155088250
b1010 7
1#
#155106768
0#
#155125286
b1011 7
1#
#155143804
0#
#155162322
b1100 7
1#
#155180840
0#
#155199358
b1101 7
1#
#155217876
0#
#155236394
b1110 7
1#
#155254912
0#
#155273430
b1111 7
1#
#155291948
0#
#155310466
b10000 7
1#
#155328984
0#
#155347502
b10001 7
1#
#155366020
0#
#155384538
b10010 7
1#
#155403056
0#
#155421574
b10011 7
1#
#155440092
0#
#155458610
b10100 7
1#
#155477128
0#
#155495646
b10101 7
1#
#155514164
0#
#155532682
b10110 7
1#
#155551200
0#
#155569718
b10111 7
1#
#155588236
0#
#155606754
b11000 7
1#
#155625272
0#
#155643790
b11001 7
1#
#155662308
0#
#155680826
b11010 7
1#
#155699344
0#
#155717862
b11011 7
1#
#155736380
0#
#155754898
b11100 7
1#
#155773416
0#
#155791934
b11101 7
1#
#155810452
0#
#155828970
b11110 7
1#
#155847488
0#
#155866006
b11111 7
1#
#155884524
0#
#155903042
b100000 7
1#
#155921560
0#
#155940078
b100001 7
1#
#155958596
0#
#155977114
b100010 7
1#
#155995632
0#
#156014150
b100011 7
1#
#156032668
0#
#156051186
b100100 7
1#
#156069704
0#
#156088222
b100101 7
1#
#156106740
0#
#156125258
b100110 7
1#
#156143776
0#
#156162294
b100111 7
1#
#156180812
0#
#156199330
b101000 7
1#
#156217848
0#
#156236366
b101001 7
1#
#156254884
0#
#156273402
b101010 7
1#
#156291920
0#
#156310438
b101011 7
1#
#156328956
0#
#156347474
b101100 7
1#
#156365992
0#
#156384510
b101101 7
1#
#156403028
0#
#156421546
b101110 7
1#
#156440064
0#
#156458582
b101111 7
1#
#156477100
0#
#156495618
b110000 7
1#
#156514136
0#
#156532654
b110001 7
1#
#156551172
0#
#156569690
b110010 7
1#
#156588208
0#
#156606726
b110011 7
1#
#156625244
0#
#156643762
b110100 7
1#
#156662280
0#
#156680798
b110101 7
1#
#156699316
0#
#156717834
b110110 7
1#
#156736352
0#
#156754870
b110111 7
1#
#156773388
0#
#156791906
b111000 7
1#
#156810424
0#
#156828942
b111001 7
1#
#156847460
0#
#156865978
b111010 7
1#
#156884496
0#
#156903014
b111011 7
1#
#156921532
0#
#156940050
b111100 7
1#
#156958568
0#
#156977086
b111101 7
1#
#156995604
0#
#157014122
b111110 7
1#
#157032640
0#
#157051158
b111111 7
1#
#157069676
0#
#157088194
b1000000 7
1#
#157106712
0#
#157125230
b1000001 7
1#
#157143748
0#
#157162266
b1000010 7
1#
#157180784
0#
#157199302
b1000011 7
1#
#157217820
0#
#157236338
b1000100 7
1#
#157254856
0#
#157273374
b1000101 7
1#
#157291892
0#
#157310410
b1000110 7
1#
#157328928
0#
#157347446
b1000111 7
1#
#157365964
0#
#157384482
b1001000 7
1#
#157403000
0#
#157421518
b1001001 7
1#
#157440036
0#
#157458554
b1001010 7
1#
#157477072
0#
#157495590
b1001011 7
1#
#157514108
0#
#157532626
b1001100 7
1#
#157551144
0#
#157569662
b1001101 7
1#
#157588180
0#
#157606698
b1001110 7
1#
#157625216
0#
#157643734
b1001111 7
1#
#157662252
0#
#157680770
b1010000 7
1#
#157699288
0#
#157717806
b1010001 7
1#
#157736324
0#
#157754842
b1010010 7
1#
#157773360
0#
#157791878
b1010011 7
1#
#157810396
0#
#157828914
b1010100 7
1#
#157847432
0#
#157865950
b1010101 7
1#
#157884468
0#
#157902986
b1010110 7
1#
#157921504
0#
#157940022
b1010111 7
1#
#157958540
0#
#157977058
b1011000 7
1#
#157995576
0#
#158014094
b1011001 7
1#
#158032612
0#
#158051130
b1011010 7
1#
#158069648
0#
#158088166
b1011011 7
1#
#158106684
0#
#158125202
b1011100 7
1#
#158143720
0#
#158162238
b1011101 7
1#
#158180756
0#
#158199274
b1011110 7
1#
#158217792
0#
#158236310
b1011111 7
1#
#158254828
0#
#158273346
b1100000 7
1#
#158291864
0#
#158310382
b1100001 7
1#
#158328900
0#
#158347418
b1100010 7
1#
#158365936
0#
#158384454
b1100011 7
1#
#158402972
0#
#158421490
b1100100 7
1#
#158440008
0#
#158458526
b1100101 7
1#
#158477044
0#
#158495562
b1100110 7
1#
#158514080
0#
#158532598
b1100111 7
1#
#158551116
0#
#158569634
b1101000 7
1#
#158588152
0#
#158606670
b1101001 7
1#
#158625188
0#
#158643706
b1101010 7
1#
#158662224
0#
#158680742
b1101011 7
1#
#158699260
0#
#158717778
b1101100 7
1#
#158736296
0#
#158754814
b1101101 7
1#
#158773332
0#
#158791850
b1101110 7
1#
#158810368
0#
#158828886
b1101111 7
1#
#158847404
0#
#158865922
b1110000 7
1#
#158884440
0#
#158902958
b1110001 7
1#
#158921476
0#
#158939994
b1110010 7
1#
#158958512
0#
#158977030
b1110011 7
1#
#158995548
0#
#159014066
b1110100 7
1#
#159032584
0#
#159051102
b1110101 7
1#
#159069620
0#
#159088138
b1110110 7
1#
#159106656
0#
#159125174
b1110111 7
1#
#159143692
0#
#159162210
b1111000 7
1#
#159180728
0#
#159199246
b1111001 7
1#
#159217764
0#
#159236282
b1111010 7
1#
#159254800
0#
#159273318
b1111011 7
1#
#159291836
0#
#159310354
b1111100 7
1#
#159328872
0#
#159347390
b1111101 7
1#
#159365908
0#
#159384426
b1111110 7
1#
#159402944
0#
#159421462
b1111111 7
1#
#159439980
0#
#159458498
b10000000 7
1#
#159477016
0#
#159495534
b10000001 7
1#
#159514052
0#
#159532570
b10000010 7
1#
#159551088
0#
#159569606
b10000011 7
1#
#159588124
0#
#159606642
b10000100 7
1#
#159625160
0#
#159643678
b10000101 7
1#
#159662196
0#
#159680714
b10000110 7
1#
#159699232
0#
#159717750
b10000111 7
1#
#159736268
0#
#159754786
b10001000 7
1#
#159773304
0#
#159791822
b10001001 7
1#
#159810340
0#
#159828858
b10001010 7
1#
#159847376
0#
#159865894
b10001011 7
1#
#159884412
0#
#159902930
b10001100 7
1#
#159921448
0#
#159939966
b10001101 7
1#
#159958484
0#
#159977002
b10001110 7
1#
#159995520
0#
#160014038
b10001111 7
1#
#160032556
0#
#160051074
b10010000 7
1#
#160069592
0#
#160088110
b10010001 7
1#
#160106628
0#
#160125146
b10010010 7
1#
#160143664
0#
#160162182
b10010011 7
1#
#160180700
0#
#160199218
b10010100 7
1#
#160217736
0#
#160236254
b10010101 7
1#
#160254772
0#
#160273290
b10010110 7
1#
#160291808
0#
#160310326
b10010111 7
1#
#160328844
0#
#160347362
b10011000 7
1#
#160365880
0#
#160384398
b10011001 7
1#
#160402916
0#
#160421434
b10011010 7
1#
#160439952
0#
#160458470
b10011011 7
1#
#160476988
0#
#160495506
b10011100 7
1#
#160514024
0#
#160532542
b10011101 7
1#
#160551060
0#
#160569578
b10011110 7
1#
#160588096
0#
#160606614
b10011111 7
1#
#160625132
0#
#160643650
b10100000 7
1#
#160662168
0#
#160680686
b10100001 7
1#
#160699204
0#
#160717722
b10100010 7
1#
#160736240
0#
#160754758
b10100011 7
1#
#160773276
0#
#160791794
b10100100 7
1#
#160810312
0#
#160828830
b10100101 7
1#
#160847348
0#
#160865866
b10100110 7
1#
#160884384
0#
#160902902
b10100111 7
1#
#160921420
0#
#160939938
b10101000 7
1#
#160958456
0#
#160976974
b10101001 7
1#
#160995492
0#
#161014010
b10101010 7
1#
#161032528
0#
#161051046
b10101011 7
1#
#161069564
0#
#161088082
b10101100 7
1#
#161106600
0#
#161125118
b10101101 7
1#
#161143636
0#
#161162154
b10101110 7
1#
#161180672
0#
#161199190
b10101111 7
1#
#161217708
0#
#161236226
b10110000 7
1#
#161254744
0#
#161273262
b10110001 7
1#
#161291780
0#
#161310298
b10110010 7
1#
#161328816
0#
#161347334
b10110011 7
1#
#161365852
0#
#161384370
b10110100 7
1#
#161402888
0#
#161421406
b10110101 7
1#
#161439924
0#
#161458442
b10110110 7
1#
#161476960
0#
#161495478
b10110111 7
1#
#161513996
0#
#161532514
b10111000 7
1#
#161551032
0#
#161569550
b10111001 7
1#
#161588068
0#
#161606586
b10111010 7
1#
#161625104
0#
#161643622
b10111011 7
1#
#161662140
0#
#161680658
b10111100 7
1#
#161699176
0#
#161717694
b10111101 7
1#
#161736212
0#
#161754730
b10111110 7
1#
#161773248
0#
#161791766
b10111111 7
1#
#161810284
0#
#161828802
b11000000 7
1#
#161847320
0#
#161865838
b11000001 7
1#
#161884356
0#
#161902874
b11000010 7
1#
#161921392
0#
#161939910
b11000011 7
1#
#161958428
0#
#161976946
b11000100 7
1#
#161995464
0#
#162013982
b11000101 7
1#
#162032500
0#
#162051018
b11000110 7
1#
#162069536
0#
#162088054
b11000111 7
1#
#162106572
0#
#162125090
b11001000 7
1#
#162143608
0#
#162162126
b11001001 7
1#
#162180644
0#
#162199162
b11001010 7
1#
#162217680
0#
#162236198
b11001011 7
1#
#162254716
0#
#162273234
b11001100 7
1#
#162291752
0#
#162310270
b11001101 7
1#
#162328788
0#
#162347306
b11001110 7
1#
#162365824
0#
#162384342
b11001111 7
1#
#162402860
0#
#162421378
b11010000 7
1#
#162439896
0#
#162458414
b11010001 7
1#
#162476932
0#
#162495450
b11010010 7
1#
#162513968
0#
#162532486
b11010011 7
1#
#162551004
0#
#162569522
b11010100 7
1#
#162588040
0#
#162606558
b11010101 7
1#
#162625076
0#
#162643594
b11010110 7
1#
#162662112
0#
#162680630
b11010111 7
1#
#162699148
0#
#162717666
b11011000 7
1#
#162736184
0#
#162754702
b11011001 7
1#
#162773220
0#
#162791738
b11011010 7
1#
#162810256
0#
#162828774
b11011011 7
1#
#162847292
0#
#162865810
b11011100 7
1#
#162884328
0#
#162902846
b11011101 7
1#
#162921364
0#
#162939882
b11011110 7
1#
#162958400
0#
#162976918
b11011111 7
1#
#162995436
0#
#163013954
b11100000 7
1#
#163032472
0#
#163050990
b11100001 7
1#
#163069508
0#
#163088026
b11100010 7
1#
#163106544
0#
#163125062
b11100011 7
1#
#163143580
0#
#163162098
b11100100 7
1#
#163180616
0#
#163199134
b11100101 7
1#
#163217652
0#
#163236170
b11100110 7
1#
#163254688
0#
#163273206
b11100111 7
1#
#163291724
0#
#163310242
b11101000 7
1#
#163328760
0#
#163347278
b11101001 7
1#
#163365796
0#
#163384314
18
b0 7
1#
#163402832
0#
#163421350
b110 9
b1 :
b1 7
08
1#
#163439868
0#
#163458386
1!
b10 7
1#
#163476904
0#
#163495422
b11 7
1#
#163513940
0#
#163532458
b100 7
1#
#163550976
0#
#163569494
b101 7
1#
#163588012
0#
#163606530
b110 7
1#
#163625048
0#
#163643566
b111 7
1#
#163662084
0#
#163680602
b1000 7
1#
#163699120
0#
#163717638
b1001 7
1#
#163736156
0#
#163754674
b1010 7
1#
#163773192
0#
#163791710
b1011 7
1#
#163810228
0#
#163828746
b1100 7
1#
#163847264
0#
#163865782
b1101 7
1#
#163884300
0#
#163902818
b1110 7
1#
#163921336
0#
#163939854
b1111 7
1#
#163958372
0#
#163976890
b10000 7
1#
#163995408
0#
#164013926
b10001 7
1#
#164032444
0#
#164050962
b10010 7
1#
#164069480
0#
#164087998
b10011 7
1#
#164106516
0#
#164125034
b10100 7
1#
#164143552
0#
#164162070
b10101 7
1#
#164180588
0#
#164199106
b10110 7
1#
#164217624
0#
#164236142
b10111 7
1#
#164254660
0#
#164273178
b11000 7
1#
#164291696
0#
#164310214
b11001 7
1#
#164328732
0#
#164347250
b11010 7
1#
#164365768
0#
#164384286
b11011 7
1#
#164402804
0#
#164421322
b11100 7
1#
#164439840
0#
#164458358
b11101 7
1#
#164476876
0#
#164495394
b11110 7
1#
#164513912
0#
#164532430
b11111 7
1#
#164550948
0#
#164569466
b100000 7
1#
#164587984
0#
#164606502
b100001 7
1#
#164625020
0#
#164643538
b100010 7
1#
#164662056
0#
#164680574
b100011 7
1#
#164699092
0#
#164717610
b100100 7
1#
#164736128
0#
#164754646
b100101 7
1#
#164773164
0#
#164791682
b100110 7
1#
#164810200
0#
#164828718
b100111 7
1#
#164847236
0#
#164865754
b101000 7
1#
#164884272
0#
#164902790
b101001 7
1#
#164921308
0#
#164939826
b101010 7
1#
#164958344
0#
#164976862
b101011 7
1#
#164995380
0#
#165013898
b101100 7
1#
#165032416
0#
#165050934
b101101 7
1#
#165069452
0#
#165087970
b101110 7
1#
#165106488
0#
#165125006
b101111 7
1#
#165143524
0#
#165162042
b110000 7
1#
#165180560
0#
#165199078
b110001 7
1#
#165217596
0#
#165236114
b110010 7
1#
#165254632
0#
#165273150
b110011 7
1#
#165291668
0#
#165310186
b110100 7
1#
#165328704
0#
#165347222
b110101 7
1#
#165365740
0#
#165384258
b110110 7
1#
#165402776
0#
#165421294
b110111 7
1#
#165439812
0#
#165458330
b111000 7
1#
#165476848
0#
#165495366
b111001 7
1#
#165513884
0#
#165532402
b111010 7
1#
#165550920
0#
#165569438
b111011 7
1#
#165587956
0#
#165606474
b111100 7
1#
#165624992
0#
#165643510
b111101 7
1#
#165662028
0#
#165680546
b111110 7
1#
#165699064
0#
#165717582
b111111 7
1#
#165736100
0#
#165754618
b1000000 7
1#
#165773136
0#
#165791654
b1000001 7
1#
#165810172
0#
#165828690
b1000010 7
1#
#165847208
0#
#165865726
b1000011 7
1#
#165884244
0#
#165902762
b1000100 7
1#
#165921280
0#
#165939798
b1000101 7
1#
#165958316
0#
#165976834
b1000110 7
1#
#165995352
0#
#166013870
b1000111 7
1#
#166032388
0#
#166050906
b1001000 7
1#
#166069424
0#
#166087942
b1001001 7
1#
#166106460
0#
#166124978
b1001010 7
1#
#166143496
0#
#166162014
b1001011 7
1#
#166180532
0#
#166199050
b1001100 7
1#
#166217568
0#
#166236086
b1001101 7
1#
#166254604
0#
#166273122
b1001110 7
1#
#166291640
0#
#166310158
b1001111 7
1#
#166328676
0#
#166347194
b1010000 7
1#
#166365712
0#
#166384230
b1010001 7
1#
#166402748
0#
#166421266
b1010010 7
1#
#166439784
0#
#166458302
b1010011 7
1#
#166476820
0#
#166495338
b1010100 7
1#
#166513856
0#
#166532374
b1010101 7
1#
#166550892
0#
#166569410
b1010110 7
1#
#166587928
0#
#166606446
b1010111 7
1#
#166624964
0#
#166643482
b1011000 7
1#
#166662000
0#
#166680518
b1011001 7
1#
#166699036
0#
#166717554
b1011010 7
1#
#166736072
0#
#166754590
b1011011 7
1#
#166773108
0#
#166791626
b1011100 7
1#
#166810144
0#
#166828662
b1011101 7
1#
#166847180
0#
#166865698
b1011110 7
1#
#166884216
0#
#166902734
b1011111 7
1#
#166921252
0#
#166939770
b1100000 7
1#
#166958288
0#
#166976806
b1100001 7
1#
#166995324
0#
#167013842
b1100010 7
1#
#167032360
0#
#167050878
b1100011 7
1#
#167069396
0#
#167087914
b1100100 7
1#
#167106432
0#
#167124950
b1100101 7
1#
#167143468
0#
#167161986
b1100110 7
1#
#167180504
0#
#167199022
b1100111 7
1#
#167217540
0#
#167236058
b1101000 7
1#
#167254576
0#
#167273094
b1101001 7
1#
#167291612
0#
#167310130
b1101010 7
1#
#167328648
0#
#167347166
b1101011 7
1#
#167365684
0#
#167384202
b1101100 7
1#
#167402720
0#
#167421238
b1101101 7
1#
#167439756
0#
#167458274
b1101110 7
1#
#167476792
0#
#167495310
b1101111 7
1#
#167513828
0#
#167532346
b1110000 7
1#
#167550864
0#
#167569382
b1110001 7
1#
#167587900
0#
#167606418
b1110010 7
1#
#167624936
0#
#167643454
b1110011 7
1#
#167661972
0#
#167680490
b1110100 7
1#
#167699008
0#
#167717526
b1110101 7
1#
#167736044
0#
#167754562
b1110110 7
1#
#167773080
0#
#167791598
b1110111 7
1#
#167810116
0#
#167828634
b1111000 7
1#
#167847152
0#
#167865670
b1111001 7
1#
#167884188
0#
#167902706
b1111010 7
1#
#167921224
0#
#167939742
b1111011 7
1#
#167958260
0#
#167976778
b1111100 7
1#
#167995296
0#
#168013814
b1111101 7
1#
#168032332
0#
#168050850
b1111110 7
1#
#168069368
0#
#168087886
b1111111 7
1#
#168106404
0#
#168124922
b10000000 7
1#
#168143440
0#
#168161958
b10000001 7
1#
#168180476
0#
#168198994
b10000010 7
1#
#168217512
0#
#168236030
b10000011 7
1#
#168254548
0#
#168273066
b10000100 7
1#
#168291584
0#
#168310102
b10000101 7
1#
#168328620
0#
#168347138
b10000110 7
1#
#168365656
0#
#168384174
b10000111 7
1#
#168402692
0#
#168421210
b10001000 7
1#
#168439728
0#
#168458246
b10001001 7
1#
#168476764
0#
#168495282
b10001010 7
1#
#168513800
0#
#168532318
b10001011 7
1#
#168550836
0#
#168569354
b10001100 7
1#
#168587872
0#
#168606390
b10001101 7
1#
#168624908
0#
#168643426
b10001110 7
1#
#168661944
0#
#168680462
b10001111 7
1#
#168698980
0#
#168717498
b10010000 7
1#
#168736016
0#
#168754534
b10010001 7
1#
#168773052
0#
#168791570
b10010010 7
1#
#168810088
0#
#168828606
b10010011 7
1#
#168847124
0#
#168865642
b10010100 7
1#
#168884160
0#
#168902678
b10010101 7
1#
#168921196
0#
#168939714
b10010110 7
1#
#168958232
0#
#168976750
b10010111 7
1#
#168995268
0#
#169013786
b10011000 7
1#
#169032304
0#
#169050822
b10011001 7
1#
#169069340
0#
#169087858
b10011010 7
1#
#169106376
0#
#169124894
b10011011 7
1#
#169143412
0#
#169161930
b10011100 7
1#
#169180448
0#
#169198966
b10011101 7
1#
#169217484
0#
#169236002
b10011110 7
1#
#169254520
0#
#169273038
b10011111 7
1#
#169291556
0#
#169310074
b10100000 7
1#
#169328592
0#
#169347110
b10100001 7
1#
#169365628
0#
#169384146
b10100010 7
1#
#169402664
0#
#169421182
b10100011 7
1#
#169439700
0#
#169458218
b10100100 7
1#
#169476736
0#
#169495254
b10100101 7
1#
#169513772
0#
#169532290
b10100110 7
1#
#169550808
0#
#169569326
b10100111 7
1#
#169587844
0#
#169606362
b10101000 7
1#
#169624880
0#
#169643398
b10101001 7
1#
#169661916
0#
#169680434
b10101010 7
1#
#169698952
0#
#169717470
b10101011 7
1#
#169735988
0#
#169754506
b10101100 7
1#
#169773024
0#
#169791542
b10101101 7
1#
#169810060
0#
#169828578
b10101110 7
1#
#169847096
0#
#169865614
b10101111 7
1#
#169884132
0#
#169902650
b10110000 7
1#
#169921168
0#
#169939686
b10110001 7
1#
#169958204
0#
#169976722
b10110010 7
1#
#169995240
0#
#170013758
b10110011 7
1#
#170032276
0#
#170050794
b10110100 7
1#
#170069312
0#
#170087830
b10110101 7
1#
#170106348
0#
#170124866
b10110110 7
1#
#170143384
0#
#170161902
b10110111 7
1#
#170180420
0#
#170198938
b10111000 7
1#
#170217456
0#
#170235974
b10111001 7
1#
#170254492
0#
#170273010
b10111010 7
1#
#170291528
0#
#170310046
b10111011 7
1#
#170328564
0#
#170347082
b10111100 7
1#
#170365600
0#
#170384118
b10111101 7
1#
#170402636
0#
#170421154
b10111110 7
1#
#170439672
0#
#170458190
b10111111 7
1#
#170476708
0#
#170495226
b11000000 7
1#
#170513744
0#
#170532262
b11000001 7
1#
#170550780
0#
#170569298
b11000010 7
1#
#170587816
0#
#170606334
b11000011 7
1#
#170624852
0#
#170643370
b11000100 7
1#
#170661888
0#
#170680406
b11000101 7
1#
#170698924
0#
#170717442
b11000110 7
1#
#170735960
0#
#170754478
b11000111 7
1#
#170772996
0#
#170791514
b11001000 7
1#
#170810032
0#
#170828550
b11001001 7
1#
#170847068
0#
#170865586
b11001010 7
1#
#170884104
0#
#170902622
b11001011 7
1#
#170921140
0#
#170939658
b11001100 7
1#
#170958176
0#
#170976694
b11001101 7
1#
#170995212
0#
#171013730
b11001110 7
1#
#171032248
0#
#171050766
b11001111 7
1#
#171069284
0#
#171087802
b11010000 7
1#
#171106320
0#
#171124838
b11010001 7
1#
#171143356
0#
#171161874
b11010010 7
1#
#171180392
0#
#171198910
b11010011 7
1#
#171217428
0#
#171235946
b11010100 7
1#
#171254464
0#
#171272982
b11010101 7
1#
#171291500
0#
#171310018
b11010110 7
1#
#171328536
0#
#171347054
b11010111 7
1#
#171365572
0#
#171384090
b11011000 7
1#
#171402608
0#
#171421126
b11011001 7
1#
#171439644
0#
#171458162
b11011010 7
1#
#171476680
0#
#171495198
b11011011 7
1#
#171513716
0#
#171532234
b11011100 7
1#
#171550752
0#
#171569270
b11011101 7
1#
#171587788
0#
#171606306
b11011110 7
1#
#171624824
0#
#171643342
b11011111 7
1#
#171661860
0#
#171680378
b11100000 7
1#
#171698896
0#
#171717414
b11100001 7
1#
#171735932
0#
#171754450
b11100010 7
1#
#171772968
0#
#171791486
b11100011 7
1#
#171810004
0#
#171828522
b11100100 7
1#
#171847040
0#
#171865558
b11100101 7
1#
#171884076
0#
#171902594
b11100110 7
1#
#171921112
0#
#171939630
b11100111 7
1#
#171958148
0#
#171976666
b11101000 7
1#
#171995184
0#
#172013702
b11101001 7
1#
#172032220
0#
#172050738
18
b0 7
1#
#172069256
0#
#172087774
b111 9
b0 :
b1 7
08
1#
#172106292
0#
#172124810
0!
b10 7
1#
#172143328
0#
#172161846
b11 7
1#
#172180364
0#
#172198882
b100 7
1#
#172217400
0#
#172235918
b101 7
1#
#172254436
0#
#172272954
b110 7
1#
#172291472
0#
#172309990
b111 7
1#
#172328508
0#
#172347026
b1000 7
1#
#172365544
0#
#172384062
b1001 7
1#
#172402580
0#
#172421098
b1010 7
1#
#172439616
0#
#172458134
b1011 7
1#
#172476652
0#
#172495170
b1100 7
1#
#172513688
0#
#172532206
b1101 7
1#
#172550724
0#
#172569242
b1110 7
1#
#172587760
0#
#172606278
b1111 7
1#
#172624796
0#
#172643314
b10000 7
1#
#172661832
0#
#172680350
b10001 7
1#
#172698868
0#
#172717386
b10010 7
1#
#172735904
0#
#172754422
b10011 7
1#
#172772940
0#
#172791458
b10100 7
1#
#172809976
0#
#172828494
b10101 7
1#
#172847012
0#
#172865530
b10110 7
1#
#172884048
0#
#172902566
b10111 7
1#
#172921084
0#
#172939602
b11000 7
1#
#172958120
0#
#172976638
b11001 7
1#
#172995156
0#
#173013674
b11010 7
1#
#173032192
0#
#173050710
b11011 7
1#
#173069228
0#
#173087746
b11100 7
1#
#173106264
0#
#173124782
b11101 7
1#
#173143300
0#
#173161818
b11110 7
1#
#173180336
0#
#173198854
b11111 7
1#
#173217372
0#
#173235890
b100000 7
1#
#173254408
0#
#173272926
b100001 7
1#
#173291444
0#
#173309962
b100010 7
1#
#173328480
0#
#173346998
b100011 7
1#
#173365516
0#
#173384034
b100100 7
1#
#173402552
0#
#173421070
b100101 7
1#
#173439588
0#
#173458106
b100110 7
1#
#173476624
0#
#173495142
b100111 7
1#
#173513660
0#
#173532178
b101000 7
1#
#173550696
0#
#173569214
b101001 7
1#
#173587732
0#
#173606250
b101010 7
1#
#173624768
0#
#173643286
b101011 7
1#
#173661804
0#
#173680322
b101100 7
1#
#173698840
0#
#173717358
b101101 7
1#
#173735876
0#
#173754394
b101110 7
1#
#173772912
0#
#173791430
b101111 7
1#
#173809948
0#
#173828466
b110000 7
1#
#173846984
0#
#173865502
b110001 7
1#
#173884020
0#
#173902538
b110010 7
1#
#173921056
0#
#173939574
b110011 7
1#
#173958092
0#
#173976610
b110100 7
1#
#173995128
0#
#174013646
b110101 7
1#
#174032164
0#
#174050682
b110110 7
1#
#174069200
0#
#174087718
b110111 7
1#
#174106236
0#
#174124754
b111000 7
1#
#174143272
0#
#174161790
b111001 7
1#
#174180308
0#
#174198826
b111010 7
1#
#174217344
0#
#174235862
b111011 7
1#
#174254380
0#
#174272898
b111100 7
1#
#174291416
0#
#174309934
b111101 7
1#
#174328452
0#
#174346970
b111110 7
1#
#174365488
0#
#174384006
b111111 7
1#
#174402524
0#
#174421042
b1000000 7
1#
#174439560
0#
#174458078
b1000001 7
1#
#174476596
0#
#174495114
b1000010 7
1#
#174513632
0#
#174532150
b1000011 7
1#
#174550668
0#
#174569186
b1000100 7
1#
#174587704
0#
#174606222
b1000101 7
1#
#174624740
0#
#174643258
b1000110 7
1#
#174661776
0#
#174680294
b1000111 7
1#
#174698812
0#
#174717330
b1001000 7
1#
#174735848
0#
#174754366
b1001001 7
1#
#174772884
0#
#174791402
b1001010 7
1#
#174809920
0#
#174828438
b1001011 7
1#
#174846956
0#
#174865474
b1001100 7
1#
#174883992
0#
#174902510
b1001101 7
1#
#174921028
0#
#174939546
b1001110 7
1#
#174958064
0#
#174976582
b1001111 7
1#
#174995100
0#
#175013618
b1010000 7
1#
#175032136
0#
#175050654
b1010001 7
1#
#175069172
0#
#175087690
b1010010 7
1#
#175106208
0#
#175124726
b1010011 7
1#
#175143244
0#
#175161762
b1010100 7
1#
#175180280
0#
#175198798
b1010101 7
1#
#175217316
0#
#175235834
b1010110 7
1#
#175254352
0#
#175272870
b1010111 7
1#
#175291388
0#
#175309906
b1011000 7
1#
#175328424
0#
#175346942
b1011001 7
1#
#175365460
0#
#175383978
b1011010 7
1#
#175402496
0#
#175421014
b1011011 7
1#
#175439532
0#
#175458050
b1011100 7
1#
#175476568
0#
#175495086
b1011101 7
1#
#175513604
0#
#175532122
b1011110 7
1#
#175550640
0#
#175569158
b1011111 7
1#
#175587676
0#
#175606194
b1100000 7
1#
#175624712
0#
#175643230
b1100001 7
1#
#175661748
0#
#175680266
b1100010 7
1#
#175698784
0#
#175717302
b1100011 7
1#
#175735820
0#
#175754338
b1100100 7
1#
#175772856
0#
#175791374
b1100101 7
1#
#175809892
0#
#175828410
b1100110 7
1#
#175846928
0#
#175865446
b1100111 7
1#
#175883964
0#
#175902482
b1101000 7
1#
#175921000
0#
#175939518
b1101001 7
1#
#175958036
0#
#175976554
b1101010 7
1#
#175995072
0#
#176013590
b1101011 7
1#
#176032108
0#
#176050626
b1101100 7
1#
#176069144
0#
#176087662
b1101101 7
1#
#176106180
0#
#176124698
b1101110 7
1#
#176143216
0#
#176161734
b1101111 7
1#
#176180252
0#
#176198770
b1110000 7
1#
#176217288
0#
#176235806
b1110001 7
1#
#176254324
0#
#176272842
b1110010 7
1#
#176291360
0#
#176309878
b1110011 7
1#
#176328396
0#
#176346914
b1110100 7
1#
#176365432
0#
#176383950
b1110101 7
1#
#176402468
0#
#176420986
b1110110 7
1#
#176439504
0#
#176458022
b1110111 7
1#
#176476540
0#
#176495058
b1111000 7
1#
#176513576
0#
#176532094
b1111001 7
1#
#176550612
0#
#176569130
b1111010 7
1#
#176587648
0#
#176606166
b1111011 7
1#
#176624684
0#
#176643202
b1111100 7
1#
#176661720
0#
#176680238
b1111101 7
1#
#176698756
0#
#176717274
b1111110 7
1#
#176735792
0#
#176754310
b1111111 7
1#
#176772828
0#
#176791346
b10000000 7
1#
#176809864
0#
#176828382
b10000001 7
1#
#176846900
0#
#176865418
b10000010 7
1#
#176883936
0#
#176902454
b10000011 7
1#
#176920972
0#
#176939490
b10000100 7
1#
#176958008
0#
#176976526
b10000101 7
1#
#176995044
0#
#177013562
b10000110 7
1#
#177032080
0#
#177050598
b10000111 7
1#
#177069116
0#
#177087634
b10001000 7
1#
#177106152
0#
#177124670
b10001001 7
1#
#177143188
0#
#177161706
b10001010 7
1#
#177180224
0#
#177198742
b10001011 7
1#
#177217260
0#
#177235778
b10001100 7
1#
#177254296
0#
#177272814
b10001101 7
1#
#177291332
0#
#177309850
b10001110 7
1#
#177328368
0#
#177346886
b10001111 7
1#
#177365404
0#
#177383922
b10010000 7
1#
#177402440
0#
#177420958
b10010001 7
1#
#177439476
0#
#177457994
b10010010 7
1#
#177476512
0#
#177495030
b10010011 7
1#
#177513548
0#
#177532066
b10010100 7
1#
#177550584
0#
#177569102
b10010101 7
1#
#177587620
0#
#177606138
b10010110 7
1#
#177624656
0#
#177643174
b10010111 7
1#
#177661692
0#
#177680210
b10011000 7
1#
#177698728
0#
#177717246
b10011001 7
1#
#177735764
0#
#177754282
b10011010 7
1#
#177772800
0#
#177791318
b10011011 7
1#
#177809836
0#
#177828354
b10011100 7
1#
#177846872
0#
#177865390
b10011101 7
1#
#177883908
0#
#177902426
b10011110 7
1#
#177920944
0#
#177939462
b10011111 7
1#
#177957980
0#
#177976498
b10100000 7
1#
#177995016
0#
#178013534
b10100001 7
1#
#178032052
0#
#178050570
b10100010 7
1#
#178069088
0#
#178087606
b10100011 7
1#
#178106124
0#
#178124642
b10100100 7
1#
#178143160
0#
#178161678
b10100101 7
1#
#178180196
0#
#178198714
b10100110 7
1#
#178217232
0#
#178235750
b10100111 7
1#
#178254268
0#
#178272786
b10101000 7
1#
#178291304
0#
#178309822
b10101001 7
1#
#178328340
0#
#178346858
b10101010 7
1#
#178365376
0#
#178383894
b10101011 7
1#
#178402412
0#
#178420930
b10101100 7
1#
#178439448
0#
#178457966
b10101101 7
1#
#178476484
0#
#178495002
b10101110 7
1#
#178513520
0#
#178532038
b10101111 7
1#
#178550556
0#
#178569074
b10110000 7
1#
#178587592
0#
#178606110
b10110001 7
1#
#178624628
0#
#178643146
b10110010 7
1#
#178661664
0#
#178680182
b10110011 7
1#
#178698700
0#
#178717218
b10110100 7
1#
#178735736
0#
#178754254
b10110101 7
1#
#178772772
0#
#178791290
b10110110 7
1#
#178809808
0#
#178828326
b10110111 7
1#
#178846844
0#
#178865362
b10111000 7
1#
#178883880
0#
#178902398
b10111001 7
1#
#178920916
0#
#178939434
b10111010 7
1#
#178957952
0#
#178976470
b10111011 7
1#
#178994988
0#
#179013506
b10111100 7
1#
#179032024
0#
#179050542
b10111101 7
1#
#179069060
0#
#179087578
b10111110 7
1#
#179106096
0#
#179124614
b10111111 7
1#
#179143132
0#
#179161650
b11000000 7
1#
#179180168
0#
#179198686
b11000001 7
1#
#179217204
0#
#179235722
b11000010 7
1#
#179254240
0#
#179272758
b11000011 7
1#
#179291276
0#
#179309794
b11000100 7
1#
#179328312
0#
#179346830
b11000101 7
1#
#179365348
0#
#179383866
b11000110 7
1#
#179402384
0#
#179420902
b11000111 7
1#
#179439420
0#
#179457938
b11001000 7
1#
#179476456
0#
#179494974
b11001001 7
1#
#179513492
0#
#179532010
b11001010 7
1#
#179550528
0#
#179569046
b11001011 7
1#
#179587564
0#
#179606082
b11001100 7
1#
#179624600
0#
#179643118
b11001101 7
1#
#179661636
0#
#179680154
b11001110 7
1#
#179698672
0#
#179717190
b11001111 7
1#
#179735708
0#
#179754226
b11010000 7
1#
#179772744
0#
#179791262
b11010001 7
1#
#179809780
0#
#179828298
b11010010 7
1#
#179846816
0#
#179865334
b11010011 7
1#
#179883852
0#
#179902370
b11010100 7
1#
#179920888
0#
#179939406
b11010101 7
1#
#179957924
0#
#179976442
b11010110 7
1#
#179994960
0#
#180013478
b11010111 7
1#
#180031996
0#
#180050514
b11011000 7
1#
#180069032
0#
#180087550
b11011001 7
1#
#180106068
0#
#180124586
b11011010 7
1#
#180143104
0#
#180161622
b11011011 7
1#
#180180140
0#
#180198658
b11011100 7
1#
#180217176
0#
#180235694
b11011101 7
1#
#180254212
0#
#180272730
b11011110 7
1#
#180291248
0#
#180309766
b11011111 7
1#
#180328284
0#
#180346802
b11100000 7
1#
#180365320
0#
#180383838
b11100001 7
1#
#180402356
0#
#180420874
b11100010 7
1#
#180439392
0#
#180457910
b11100011 7
1#
#180476428
0#
#180494946
b11100100 7
1#
#180513464
0#
#180531982
b11100101 7
1#
#180550500
0#
#180569018
b11100110 7
1#
#180587536
0#
#180606054
b11100111 7
1#
#180624572
0#
#180643090
b11101000 7
1#
#180661608
0#
#180680126
b11101001 7
1#
#180698644
0#
#180717162
18
b0 7
1#
#180735680
0#
#180754198
b11 ;
b1 7
08
1#
#180772716
0#
#180791234
1!
b10 7
1#
#180809752
0#
#180828270
b11 7
1#
#180846788
0#
#180865306
b100 7
1#
#180883824
0#
#180902342
b101 7
1#
#180920860
0#
#180939378
b110 7
1#
#180957896
0#
#180976414
b111 7
1#
#180994932
0#
#181013450
b1000 7
1#
#181031968
0#
#181050486
b1001 7
1#
#181069004
0#
#181087522
b1010 7
1#
#181106040
0#
#181124558
b1011 7
1#
#181143076
0#
#181161594
b1100 7
1#
#181180112
0#
#181198630
b1101 7
1#
#181217148
0#
#181235666
b1110 7
1#
#181254184
0#
#181272702
b1111 7
1#
#181291220
0#
#181309738
b10000 7
1#
#181328256
0#
#181346774
b10001 7
1#
#181365292
0#
#181383810
b10010 7
1#
#181402328
0#
#181420846
b10011 7
1#
#181439364
0#
#181457882
b10100 7
1#
#181476400
0#
#181494918
b10101 7
1#
#181513436
0#
#181531954
b10110 7
1#
#181550472
0#
#181568990
b10111 7
1#
#181587508
0#
#181606026
b11000 7
1#
#181624544
0#
#181643062
b11001 7
1#
#181661580
0#
#181680098
b11010 7
1#
#181698616
0#
#181717134
b11011 7
1#
#181735652
0#
#181754170
b11100 7
1#
#181772688
0#
#181791206
b11101 7
1#
#181809724
0#
#181828242
b11110 7
1#
#181846760
0#
#181865278
b11111 7
1#
#181883796
0#
#181902314
b100000 7
1#
#181920832
0#
#181939350
b100001 7
1#
#181957868
0#
#181976386
b100010 7
1#
#181994904
0#
#182013422
b100011 7
1#
#182031940
0#
#182050458
b100100 7
1#
#182068976
0#
#182087494
b100101 7
1#
#182106012
0#
#182124530
b100110 7
1#
#182143048
0#
#182161566
b100111 7
1#
#182180084
0#
#182198602
b101000 7
1#
#182217120
0#
#182235638
b101001 7
1#
#182254156
0#
#182272674
b101010 7
1#
#182291192
0#
#182309710
b101011 7
1#
#182328228
0#
#182346746
b101100 7
1#
#182365264
0#
#182383782
b101101 7
1#
#182402300
0#
#182420818
b101110 7
1#
#182439336
0#
#182457854
b101111 7
1#
#182476372
0#
#182494890
b110000 7
1#
#182513408
0#
#182531926
b110001 7
1#
#182550444
0#
#182568962
b110010 7
1#
#182587480
0#
#182605998
b110011 7
1#
#182624516
0#
#182643034
b110100 7
1#
#182661552
0#
#182680070
b110101 7
1#
#182698588
0#
#182717106
b110110 7
1#
#182735624
0#
#182754142
b110111 7
1#
#182772660
0#
#182791178
b111000 7
1#
#182809696
0#
#182828214
b111001 7
1#
#182846732
0#
#182865250
b111010 7
1#
#182883768
0#
#182902286
b111011 7
1#
#182920804
0#
#182939322
b111100 7
1#
#182957840
0#
#182976358
b111101 7
1#
#182994876
0#
#183013394
b111110 7
1#
#183031912
0#
#183050430
b111111 7
1#
#183068948
0#
#183087466
b1000000 7
1#
#183105984
0#
#183124502
b1000001 7
1#
#183143020
0#
#183161538
b1000010 7
1#
#183180056
0#
#183198574
b1000011 7
1#
#183217092
0#
#183235610
b1000100 7
1#
#183254128
0#
#183272646
b1000101 7
1#
#183291164
0#
#183309682
b1000110 7
1#
#183328200
0#
#183346718
b1000111 7
1#
#183365236
0#
#183383754
b1001000 7
1#
#183402272
0#
#183420790
b1001001 7
1#
#183439308
0#
#183457826
b1001010 7
1#
#183476344
0#
#183494862
b1001011 7
1#
#183513380
0#
#183531898
b1001100 7
1#
#183550416
0#
#183568934
b1001101 7
1#
#183587452
0#
#183605970
b1001110 7
1#
#183624488
0#
#183643006
b1001111 7
1#
#183661524
0#
#183680042
b1010000 7
1#
#183698560
0#
#183717078
b1010001 7
1#
#183735596
0#
#183754114
b1010010 7
1#
#183772632
0#
#183791150
b1010011 7
1#
#183809668
0#
#183828186
b1010100 7
1#
#183846704
0#
#183865222
b1010101 7
1#
#183883740
0#
#183902258
b1010110 7
1#
#183920776
0#
#183939294
b1010111 7
1#
#183957812
0#
#183976330
b1011000 7
1#
#183994848
0#
#184013366
b1011001 7
1#
#184031884
0#
#184050402
b1011010 7
1#
#184068920
0#
#184087438
b1011011 7
1#
#184105956
0#
#184124474
b1011100 7
1#
#184142992
0#
#184161510
b1011101 7
1#
#184180028
0#
#184198546
b1011110 7
1#
#184217064
0#
#184235582
b1011111 7
1#
#184254100
0#
#184272618
b1100000 7
1#
#184291136
0#
#184309654
b1100001 7
1#
#184328172
0#
#184346690
b1100010 7
1#
#184365208
0#
#184383726
b1100011 7
1#
#184402244
0#
#184420762
b1100100 7
1#
#184439280
0#
#184457798
b1100101 7
1#
#184476316
0#
#184494834
b1100110 7
1#
#184513352
0#
#184531870
b1100111 7
1#
#184550388
0#
#184568906
b1101000 7
1#
#184587424
0#
#184605942
b1101001 7
1#
#184624460
0#
#184642978
b1101010 7
1#
#184661496
0#
#184680014
b1101011 7
1#
#184698532
0#
#184717050
b1101100 7
1#
#184735568
0#
#184754086
b1101101 7
1#
#184772604
0#
#184791122
b1101110 7
1#
#184809640
0#
#184828158
b1101111 7
1#
#184846676
0#
#184865194
b1110000 7
1#
#184883712
0#
#184902230
b1110001 7
1#
#184920748
0#
#184939266
b1110010 7
1#
#184957784
0#
#184976302
b1110011 7
1#
#184994820
0#
#185013338
b1110100 7
1#
#185031856
0#
#185050374
b1110101 7
1#
#185068892
0#
#185087410
b1110110 7
1#
#185105928
0#
#185124446
b1110111 7
1#
#185142964
0#
#185161482
b1111000 7
1#
#185180000
0#
#185198518
b1111001 7
1#
#185217036
0#
#185235554
b1111010 7
1#
#185254072
0#
#185272590
b1111011 7
1#
#185291108
0#
#185309626
b1111100 7
1#
#185328144
0#
#185346662
b1111101 7
1#
#185365180
0#
#185383698
b1111110 7
1#
#185402216
0#
#185420734
b1111111 7
1#
#185439252
0#
#185457770
b10000000 7
1#
#185476288
0#
#185494806
b10000001 7
1#
#185513324
0#
#185531842
b10000010 7
1#
#185550360
0#
#185568878
b10000011 7
1#
#185587396
0#
#185605914
b10000100 7
1#
#185624432
0#
#185642950
b10000101 7
1#
#185661468
0#
#185679986
b10000110 7
1#
#185698504
0#
#185717022
b10000111 7
1#
#185735540
0#
#185754058
b10001000 7
1#
#185772576
0#
#185791094
b10001001 7
1#
#185809612
0#
#185828130
b10001010 7
1#
#185846648
0#
#185865166
b10001011 7
1#
#185883684
0#
#185902202
b10001100 7
1#
#185920720
0#
#185939238
b10001101 7
1#
#185957756
0#
#185976274
b10001110 7
1#
#185994792
0#
#186013310
b10001111 7
1#
#186031828
0#
#186050346
b10010000 7
1#
#186068864
0#
#186087382
b10010001 7
1#
#186105900
0#
#186124418
b10010010 7
1#
#186142936
0#
#186161454
b10010011 7
1#
#186179972
0#
#186198490
b10010100 7
1#
#186217008
0#
#186235526
b10010101 7
1#
#186254044
0#
#186272562
b10010110 7
1#
#186291080
0#
#186309598
b10010111 7
1#
#186328116
0#
#186346634
b10011000 7
1#
#186365152
0#
#186383670
b10011001 7
1#
#186402188
0#
#186420706
b10011010 7
1#
#186439224
0#
#186457742
b10011011 7
1#
#186476260
0#
#186494778
b10011100 7
1#
#186513296
0#
#186531814
b10011101 7
1#
#186550332
0#
#186568850
b10011110 7
1#
#186587368
0#
#186605886
b10011111 7
1#
#186624404
0#
#186642922
b10100000 7
1#
#186661440
0#
#186679958
b10100001 7
1#
#186698476
0#
#186716994
b10100010 7
1#
#186735512
0#
#186754030
b10100011 7
1#
#186772548
0#
#186791066
b10100100 7
1#
#186809584
0#
#186828102
b10100101 7
1#
#186846620
0#
#186865138
b10100110 7
1#
#186883656
0#
#186902174
b10100111 7
1#
#186920692
0#
#186939210
b10101000 7
1#
#186957728
0#
#186976246
b10101001 7
1#
#186994764
0#
#187013282
b10101010 7
1#
#187031800
0#
#187050318
b10101011 7
1#
#187068836
0#
#187087354
b10101100 7
1#
#187105872
0#
#187124390
b10101101 7
1#
#187142908
0#
#187161426
b10101110 7
1#
#187179944
0#
#187198462
b10101111 7
1#
#187216980
0#
#187235498
b10110000 7
1#
#187254016
0#
#187272534
b10110001 7
1#
#187291052
0#
#187309570
b10110010 7
1#
#187328088
0#
#187346606
b10110011 7
1#
#187365124
0#
#187383642
b10110100 7
1#
#187402160
0#
#187420678
b10110101 7
1#
#187439196
0#
#187457714
b10110110 7
1#
#187476232
0#
#187494750
b10110111 7
1#
#187513268
0#
#187531786
b10111000 7
1#
#187550304
0#
#187568822
b10111001 7
1#
#187587340
0#
#187605858
b10111010 7
1#
#187624376
0#
#187642894
b10111011 7
1#
#187661412
0#
#187679930
b10111100 7
1#
#187698448
0#
#187716966
b10111101 7
1#
#187735484
0#
#187754002
b10111110 7
1#
#187772520
0#
#187791038
b10111111 7
1#
#187809556
0#
#187828074
b11000000 7
1#
#187846592
0#
#187865110
b11000001 7
1#
#187883628
0#
#187902146
b11000010 7
1#
#187920664
0#
#187939182
b11000011 7
1#
#187957700
0#
#187976218
b11000100 7
1#
#187994736
0#
#188013254
b11000101 7
1#
#188031772
0#
#188050290
b11000110 7
1#
#188068808
0#
#188087326
b11000111 7
1#
#188105844
0#
#188124362
b11001000 7
1#
#188142880
0#
#188161398
b11001001 7
1#
#188179916
0#
#188198434
b11001010 7
1#
#188216952
0#
#188235470
b11001011 7
1#
#188253988
0#
#188272506
b11001100 7
1#
#188291024
0#
#188309542
b11001101 7
1#
#188328060
0#
#188346578
b11001110 7
1#
#188365096
0#
#188383614
b11001111 7
1#
#188402132
0#
#188420650
b11010000 7
1#
#188439168
0#
#188457686
b11010001 7
1#
#188476204
0#
#188494722
b11010010 7
1#
#188513240
0#
#188531758
b11010011 7
1#
#188550276
0#
#188568794
b11010100 7
1#
#188587312
0#
#188605830
b11010101 7
1#
#188624348
0#
#188642866
b11010110 7
1#
#188661384
0#
#188679902
b11010111 7
1#
#188698420
0#
#188716938
b11011000 7
1#
#188735456
0#
#188753974
b11011001 7
1#
#188772492
0#
#188791010
b11011010 7
1#
#188809528
0#
#188828046
b11011011 7
1#
#188846564
0#
#188865082
b11011100 7
1#
#188883600
0#
#188902118
b11011101 7
1#
#188920636
0#
#188939154
b11011110 7
1#
#188957672
0#
#188976190
b11011111 7
1#
#188994708
0#
#189013226
b11100000 7
1#
#189031744
0#
#189050262
b11100001 7
1#
#189068780
0#
#189087298
b11100010 7
1#
#189105816
0#
#189124334
b11100011 7
1#
#189142852
0#
#189161370
b11100100 7
1#
#189179888
0#
#189198406
b11100101 7
1#
#189216924
0#
#189235442
b11100110 7
1#
#189253960
0#
#189272478
b11100111 7
1#
#189290996
0#
#189309514
b11101000 7
1#
#189328032
0#
#189346550
b11101001 7
1#
#189365068
0#
#189383586
18
b0 7
1#
#189402104
0#
#189420622
b0 ;
0'
b1 7
08
1#
#189439140
0#
#189457658
b0 7
1#
#189476176
0#
#189494694
1#
#189513212
0#
#189531730
1#
#189550248
0#
#189568766
1#
#189587284
0#
#189605802
1#
#189624320
0#
#189642838
1#
#189661356
0#
#189679874
1#
#189698392
0#
#189716910
1#
#189735428
0#
#189753946
1#
#189772464
0#
#189790982
1#
#189809500
0#
#189828018
1#
#189846536
0#
#189865054
1#
#189883572
0#
#189902090
1#
#189920608
0#
#189939126
1#
#189957644
0#
#189976162
1#
#189994680
0#
#190013198
1#
#190031716
0#
#190050234
1#
#190068752
0#
#190087270
1#
#190105788
0#
#190124306
1#
#190142824
0#
#190161342
1#
#190179860
0#
#190198378
1#
#190216896
0#
#190235414
1#
#190253932
0#
#190272450
1#
#190290968
0#
#190309486
1#
#190328004
0#
#190346522
1#
#190365040
0#
#190383558
1#
#190402076
0#
#190420594
1#
#190439112
0#
#190457630
1#
#190476148
0#
#190494666
1#
#190513184
0#
#190531702
1#
#190550220
0#
#190568738
1#
#190587256
0#
#190605774
1#
#190624292
0#
#190642810
1#
#190661328
0#
#190679846
1#
#190698364
0#
#190716882
1#
#190735400
0#
#190753918
1#
#190772436
0#
#190790954
1#
#190809472
0#
#190827990
1#
#190846508
0#
#190865026
1#
#190883544
0#
#190902062
1#
#190920580
0#
#190939098
1#
#190957616
0#
#190976134
1#
#190994652
0#
#191013170
1#
#191031688
0#
#191050206
1#
#191068724
0#
#191087242
1#
#191105760
0#
#191124278
1#
#191142796
0#
#191161314
1#
#191179832
0#
#191198350
1#
#191216868
0#
#191235386
1#
#191253904
0#
#191272422
1#
#191290940
0#
#191309458
1#
#191327976
0#
#191346494
1#
#191365012
0#
#191383530
1#
#191402048
0#
#191420566
1#
#191439084
0#
#191457602
1#
#191476120
0#
#191494638
1#
#191513156
0#
#191531674
1#
#191550192
0#
#191568710
1#
#191587228
0#
#191605746
1#
#191624264
0#
#191642782
1#
#191661300
0#
#191679818
1#
#191698336
0#
#191716854
1#
#191735372
0#
#191753890
1#
#191772408
0#
#191790926
1#
#191809444
0#
#191827962
1#
#191846480
0#
#191864998
1#
#191883516
0#
#191902034
1#
#191920552
0#
#191939070
1#
#191957588
0#
#191976106
1#
#191994624
0#
#192013142
1#
#192031660
0#
#192050178
1#
#192068696
0#
#192087214
1#
#192105732
0#
#192124250
1#
#192142768
0#
#192161286
1#
#192179804
0#
#192198322
1#
#192216840
0#
#192235358
1#
#192253876
0#
#192272394
1#
#192290912
0#
#192309430
1#
#192327948
0#
#192346466
1#
#192364984
0#
#192383502
1#
#192402020
0#
#192420538
1#
#192439056
0#
#192457574
1#
#192476092
0#
#192494610
1#
#192513128
0#
#192531646
1#
#192550164
0#
#192568682
1#
#192587200
0#
#192605718
1#
#192624236
0#
#192642754
1#
#192661272
0#
#192679790
1#
#192698308
0#
#192716826
1#
#192735344
0#
#192753862
1#
#192772380
0#
#192790898
1#
#192809416
0#
#192827934
1#
#192846452
0#
#192864970
1#
#192883488
0#
#192902006
1#
#192920524
0#
#192939042
1#
#192957560
0#
#192976078
1#
#192994596
0#
#193013114
1#
#193031632
0#
#193050150
1#
#193068668
0#
#193087186
1#
#193105704
0#
#193124222
1#
#193142740
0#
#193161258
1#
#193179776
0#
#193198294
1#
#193216812
0#
#193235330
1#
#193253848
0#
#193272366
1#
#193290884
0#
#193309402
1#
#193327920
0#
#193346438
1#
#193364956
0#
#193383474
1#
#193401992
0#
#193420510
1#
#193439028
0#
#193457546
1#
#193476064
0#
#193494582
1#
#193513100
0#
#193531618
1#
#193550136
0#
#193568654
1#
#193587172
0#
#193605690
1#
#193624208
0#
#193642726
1#
#193661244
0#
#193679762
1#
#193698280
0#
#193716798
1#
#193735316
0#
#193753834
1#
#193772352
0#
#193790870
1#
#193809388
0#
#193827906
1#
#193846424
0#
#193864942
1#
#193883460
0#
#193901978
1#
#193920496
0#
#193939014
1#
#193957532
0#
#193976050
1#
#193994568
0#
#194013086
1#
#194031604
0#
#194050122
1#
#194068640
0#
#194087158
1#
#194105676
0#
#194124194
1#
#194142712
0#
#194161230
1#
#194179748
0#
#194198266
1#
#194216784
0#
#194235302
1#
#194253820
0#
#194272338
1#
#194290856
0#
#194309374
1#
#194327892
0#
#194346410
1#
#194364928
0#
#194383446
1#
#194401964
0#
#194420482
1#
#194439000
0#
#194457518
1#
#194476036
0#
#194494554
1#
#194513072
0#
#194531590
1#
#194550108
0#
#194568626
1#
#194587144
0#
#194605662
1#
#194624180
0#
#194642698
1#
#194661216
0#
#194679734
1#
#194698252
0#
#194716770
1#
#194735288
0#
#194753806
1#
#194772324
0#
#194790842
1#
#194809360
0#
#194827878
1#
#194846396
0#
#194864914
1#
#194883432
0#
#194901950
1#
#194920468
0#
#194938986
1#
#194957504
0#
#194976022
1#
#194994540
0#
#195013058
1#
#195031576
0#
#195050094
1#
#195068612
0#
#195087130
1#
#195105648
0#
#195124166
1#
#195142684
0#
#195161202
1#
#195179720
0#
#195198238
1#
#195216756
0#
#195235274
1#
#195253792
0#
#195272310
1#
#195290828
0#
#195309346
1#
#195327864
0#
#195346382
1#
#195364900
0#
#195383418
1#
#195401936
0#
#195420454
1#
#195438972
0#
#195457490
1#
#195476008
0#
#195494526
1#
#195513044
0#
#195531562
1#
#195550080
0#
#195568598
1#
#195587116
0#
#195605634
1#
#195624152
0#
#195642670
1#
#195661188
0#
#195679706
1#
#195698224
0#
#195716742
1#
#195735260
0#
#195753778
1#
#195772296
0#
#195790814
1#
#195809332
0#
#195827850
1#
#195846368
0#
#195864886
1#
#195883404
0#
#195901922
1#
#195920440
0#
#195938958
1#
#195957476
0#
#195975994
1#
#195994512
0#
#196013030
1#
#196031548
0#
#196050066
1#
#196068584
0#
#196087102
1#
#196105620
0#
#196124138
1#
#196142656
0#
#196161174
1#
#196179692
0#
#196198210
1#
#196216728
0#
#196235246
1#
#196253764
0#
#196272282
1#
#196290800
0#
#196309318
1#
#196327836
0#
#196346354
1#
#196364872
0#
#196383390
1#
#196401908
0#
#196420426
1#
#196438944
0#
#196457462
1#
#196475980
0#
#196494498
1#
#196513016
0#
#196531534
1#
#196550052
0#
#196568570
1#
#196587088
0#
#196605606
1#
#196624124
0#
#196642642
1#
#196661160
0#
#196679678
1#
#196698196
0#
#196716714
1#
#196735232
0#
#196753750
1#
#196772268
0#
#196790786
1#
#196809304
0#
#196827822
1#
#196846340
0#
#196864858
1#
#196883376
0#
#196901894
1#
#196920412
0#
#196938930
1#
#196957448
0#
#196975966
1#
#196994484
0#
#197013002
1#
#197031520
0#
#197050038
1#
#197068556
0#
#197087074
1#
#197105592
0#
#197124110
1#
#197142628
0#
#197161146
1#
#197179664
0#
#197198182
1#
#197216700
0#
#197235218
1#
#197253736
0#
#197272254
1#
#197290772
0#
#197309290
1#
#197327808
0#
#197346326
1#
#197364844
0#
#197383362
1#
#197401880
0#
#197420398
1#
#197438916
0#
#197457434
1#
#197475952
0#
#197494470
1#
#197512988
0#
#197531506
1#
#197550024
0#
#197568542
1#
#197587060
0#
#197605578
1#
#197624096
0#
#197642614
1#
#197661132
0#
#197679650
1#
#197698168
0#
#197716686
1#
#197735204
0#
#197753722
1#
#197772240
0#
#197790758
1#
#197809276
0#
#197827794
1#
#197846312
0#
#197864830
1#
#197883348
0#
#197901866
1#
#197920384
0#
#197938902
1#
#197957420
0#
#197975938
1#
#197994456
0#
#198012974
1#
#198031492
0#
#198050010
1#
#198068528
0#
#198087046
1#
#198105564
0#
#198124082
1#
#198142600
0#
#198161118
1#
#198179636
0#
#198198154
1#
#198216672
0#
#198235190
1#
#198253708
0#
#198272226
1#
#198290744
0#
#198309262
1#
#198327780
0#
#198346298
1#
#198364816
0#
#198383334
1#
#198401852
0#
#198420370
1#
#198438888
0#
#198457406
1#
#198475924
0#
#198494442
1#
#198512960
0#
#198531478
1#
#198549996
0#
#198568514
1#
#198587032
0#
#198605550
1#
#198624068
0#
#198642586
1#
#198661104
0#
#198679622
1#
#198698140
0#
#198716658
1#
#198735176
0#
#198753694
1#
#198772212
0#
#198790730
1#
#198809248
0#
#198827766
1#
#198846284
0#
#198864802
1#
#198883320
0#
#198901838
1#
#198920356
0#
#198938874
1#
#198957392
0#
#198975910
1#
#198994428
0#
#199012946
1#
#199031464
0#
#199049982
1#
#199068500
0#
#199087018
1#
#199105536
0#
#199124054
1#
#199142572
0#
#199161090
1#
#199179608
0#
#199198126
1#
#199216644
0#
#199235162
1#
#199253680
0#
#199272198
1#
#199290716
0#
#199309234
1#
#199327752
0#
#199346270
1#
#199364788
0#
#199383306
1#
#199401824
0#
#199420342
1#
#199438860
0#
#199457378
1#
#199475896
0#
#199494414
1#
#199512932
0#
#199531450
1#
#199549968
0#
#199568486
1#
#199587004
0#
#199605522
1#
#199624040
0#
#199642558
1#
#199661076
0#
#199679594
1#
#199698112
0#
#199716630
1#
#199735148
0#
#199753666
1#
#199772184
0#
#199790702
1#
#199809220
0#
#199827738
1#
#199846256
0#
#199864774
1#
#199883292
0#
#199901810
1#
#199920328
0#
#199938846
1#
#199957364
0#
#199975882
1#
#199994400
0#
#200012918
1#
#200031436
0#
#200049954
1#
#200068472
0#
#200086990
1#
#200105508
0#
#200124026
1#
#200142544
0#
#200161062
1#
#200179580
0#
#200198098
1#
#200216616
0#
#200235134
1#
#200253652
0#
#200272170
1#
#200290688
0#
#200309206
1#
#200327724
0#
#200346242
1#
#200364760
0#
#200383278
1#
#200401796
0#
#200420314
1#
#200438832
0#
#200457350
1#
#200475868
0#
#200494386
1#
#200512904
0#
#200531422
1#
#200549940
0#
#200568458
1#
#200586976
0#
#200605494
1#
#200624012
0#
#200642530
1#
#200661048
0#
#200679566
1#
#200698084
0#
#200716602
1#
#200735120
0#
#200753638
1#
#200772156
0#
#200790674
1#
#200809192
0#
#200827710
1#
#200846228
0#
#200864746
1#
#200883264
0#
#200901782
1#
#200920300
0#
#200938818
1#
#200957336
0#
#200975854
1#
#200994372
0#
#201012890
1#
#201031408
0#
#201049926
1#
#201068444
0#
#201086962
1#
#201105480
0#
#201123998
1#
#201142516
0#
#201161034
1#
#201179552
0#
#201198070
1#
#201216588
0#
#201235106
1#
#201253624
0#
#201272142
1#
#201290660
0#
#201309178
1#
#201327696
0#
#201346214
1#
#201364732
0#
#201383250
1#
#201401768
0#
#201420286
1#
#201438804
0#
#201457322
1#
#201475840
0#
#201494358
1#
#201512876
0#
#201531394
1#
#201549912
0#
#201568430
1#
#201586948
0#
#201605466
1#
#201623984
0#
#201642502
1#
#201661020
0#
#201679538
1#
#201698056
0#
#201716574
1#
#201735092
0#
#201753610
1#
#201772128
0#
#201790646
1#
#201809164
0#
#201827682
1#
#201846200
0#
#201864718
1#
#201883236
0#
#201901754
1#
#201920272
0#
#201938790
1#
#201957308
0#
#201975826
1#
#201994344
0#
#202012862
1#
#202031380
0#
#202049898
1#
#202068416
0#
#202086934
1#
#202105452
0#
#202123970
1#
#202142488
0#
#202161006
1#
#202179524
0#
#202198042
1#
#202216560
0#
#202235078
1#
#202253596
0#
#202272114
1#
#202290632
0#
#202309150
1#
#202327668
0#
#202346186
1#
#202364704
0#
#202383222
1#
#202401740
0#
#202420258
1#
#202438776
0#
#202457294
1#
#202475812
0#
#202494330
1#
#202512848
0#
#202531366
1#
#202549884
0#
#202568402
1#
#202586920
0#
#202605438
1#
#202623956
0#
#202642474
1#
#202660992
0#
#202679510
1#
#202698028
0#
#202716546
1#
#202735064
0#
#202753582
1#
#202772100
0#
#202790618
1#
#202809136
0#
#202827654
1#
#202846172
0#
#202864690
1#
#202883208
0#
#202901726
1#
#202920244
0#
#202938762
1#
#202957280
0#
#202975798
1#
#202994316
0#
#203012834
1#
#203031352
0#
#203049870
1#
#203068388
0#
#203086906
1#
#203105424
0#
#203123942
1#
#203142460
0#
#203160978
1#
#203179496
0#
#203198014
1#
#203216532
0#
#203235050
1#
#203253568
0#
#203272086
1#
#203290604
0#
#203309122
1#
#203327640
0#
#203346158
1#
#203364676
0#
#203383194
1#
#203401712
0#
#203420230
1#
#203438748
0#
#203457266
1#
#203475784
0#
#203494302
1#
#203512820
0#
#203531338
1#
#203549856
0#
#203568374
1#
#203586892
0#
#203605410
1#
#203623928
0#
#203642446
1#
#203660964
0#
#203679482
1#
#203698000
0#
#203716518
1#
#203735036
0#
#203753554
1#
#203772072
0#
#203790590
1#
#203809108
0#
#203827626
1#
#203846144
0#
#203864662
1#
#203883180
0#
#203901698
1#
#203920216
0#
#203938734
1#
#203957252
0#
#203975770
1#
#203994288
0#
#204012806
1#
#204031324
0#
#204049842
1#
#204068360
0#
#204086878
1#
#204105396
0#
#204123914
1#
#204142432
0#
#204160950
1#
#204179468
0#
#204197986
1#
#204216504
0#
#204235022
1#
#204253540
0#
#204272058
1#
#204290576
0#
#204309094
1#
#204327612
0#
#204346130
1#
#204364648
0#
#204383166
1#
#204401684
0#
#204420202
1#
#204438720
0#
#204457238
1#
#204475756
0#
#204494274
1#
#204512792
0#
#204531310
1#
#204549828
0#
#204568346
1#
#204586864
0#
#204605382
1#
#204623900
0#
#204642418
1#
#204660936
0#
#204679454
1#
#204697972
0#
#204716490
1#
#204735008
0#
#204753526
1#
#204772044
0#
#204790562
1#
#204809080
0#
#204827598
1#
#204846116
0#
#204864634
1#
#204883152
0#
#204901670
1#
#204920188
0#
#204938706
1#
#204957224
0#
#204975742
1#
#204994260
0#
#205012778
1#
#205031296
0#
#205049814
1#
#205068332
0#
#205086850
1#
#205105368
0#
#205123886
1#
#205142404
0#
#205160922
1#
#205179440
0#
#205197958
1#
#205216476
0#
#205234994
1#
#205253512
0#
#205272030
1#
#205290548
0#
#205309066
1#
#205327584
0#
#205346102
1#
#205364620
0#
#205383138
1#
#205401656
0#
#205420174
1#
#205438692
0#
#205457210
1#
#205475728
0#
#205494246
1#
#205512764
0#
#205531282
1#
#205549800
0#
#205568318
1#
#205586836
0#
#205605354
1#
#205623872
0#
#205642390
1#
#205660908
0#
#205679426
1#
#205697944
0#
#205716462
1#
#205734980
0#
#205753498
1#
#205772016
0#
#205790534
1#
#205809052
0#
#205827570
1#
#205846088
0#
#205864606
1#
#205883124
0#
#205901642
1#
#205920160
0#
#205938678
1#
#205957196
0#
#205975714
1#
#205994232
0#
#206012750
1#
#206031268
0#
#206049786
1#
#206068304
0#
#206086822
1#
#206105340
0#
#206123858
1#
#206142376
0#
#206160894
1#
#206179412
0#
#206197930
1#
#206216448
0#
#206234966
1#
#206253484
0#
#206272002
1#
#206290520
0#
#206309038
1#
#206327556
0#
#206346074
1#
#206364592
0#
#206383110
1#
#206401628
0#
#206420146
1#
#206438664
0#
#206457182
1#
#206475700
0#
#206494218
1#
#206512736
0#
#206531254
1#
#206549772
0#
#206568290
1#
#206586808
0#
#206605326
1#
#206623844
0#
#206642362
1#
#206660880
0#
#206679398
1#
#206697916
0#
#206716434
1#
#206734952
0#
#206753470
1#
#206771988
0#
#206790506
1#
#206809024
0#
#206827542
1#
#206846060
0#
#206864578
1#
#206883096
0#
#206901614
1#
#206920132
0#
#206938650
1#
#206957168
0#
#206975686
1#
#206994204
0#
#207012722
1#
#207031240
0#
#207049758
1#
#207068276
0#
#207086794
1#
#207105312
0#
#207123830
1#
#207142348
0#
#207160866
1#
#207179384
0#
#207197902
1#
#207216420
0#
#207234938
1#
#207253456
0#
#207271974
1#
#207290492
0#
#207309010
1#
#207327528
0#
#207346046
1#
#207364564
0#
#207383082
1#
#207401600
0#
#207420118
1#
#207438636
0#
#207457154
1#
#207475672
0#
#207494190
1#
#207512708
0#
#207531226
1#
#207549744
0#
#207568262
1#
#207586780
0#
#207605298
1#
#207623816
0#
#207642334
1#
#207660852
0#
#207679370
1#
#207697888
0#
#207716406
1#
#207734924
0#
#207753442
1#
#207771960
0#
#207790478
1#
#207808996
0#
#207827514
1#
#207846032
0#
#207864550
1#
#207883068
0#
#207901586
1#
#207920104
0#
#207938622
1#
#207957140
0#
#207975658
1#
#207994176
0#
#208012694
1#
#208031212
0#
#208049730
1#
#208068248
0#
#208086766
1#
#208105284
0#
#208123802
1#
#208142320
0#
#208160838
1#
#208179356
0#
#208197874
1#
#208216392
0#
#208234910
1#
#208253428
0#
#208271946
1#
#208290464
0#
#208308982
1#
#208327500
0#
#208346018
1#
#208364536
0#
#208383054
1#
#208401572
0#
#208420090
1#
#208438608
0#
#208457126
1#
#208475644
0#
#208494162
1#
#208512680
0#
#208531198
1#
#208549716
0#
#208568234
1#
#208586752
0#
#208605270
1#
#208623788
0#
#208642306
1#
#208660824
0#
#208679342
1#
#208697860
0#
#208716378
1#
#208734896
0#
#208753414
1#
#208771932
0#
#208790450
1#
#208808968
0#
#208827486
1#
#208846004
0#
#208864522
1#
#208883040
0#
#208901558
1#
#208920076
0#
#208938594
1#
#208957112
0#
#208975630
1#
#208994148
0#
#209012666
1#
#209031184
0#
#209049702
1#
#209068220
0#
#209086738
1#
#209105256
0#
#209123774
1#
#209142292
0#
#209160810
1#
#209179328
0#
#209197846
1#
#209216364
0#
#209234882
1#
#209253400
0#
#209271918
1#
#209290436
0#
#209308954
1#
#209327472
0#
#209345990
1#
#209364508
0#
#209383026
1#
#209401544
0#
#209420062
1#
#209438580
0#
#209457098
1#
#209475616
0#
#209494134
1#
#209512652
0#
#209531170
1#
#209549688
0#
#209568206
1#
#209586724
0#
#209605242
1#
#209623760
0#
#209642278
1#
#209660796
0#
#209679314
1#
#209697832
0#
#209716350
1#
#209734868
0#
#209753386
1#
#209771904
0#
#209790422
1#
#209808940
0#
#209827458
1#
#209845976
0#
#209864494
1#
#209883012
0#
#209901530
1#
#209920048
0#
#209938566
1#
#209957084
0#
#209975602
1#
#209994120
0#
#210012638
1#
#210031156
0#
#210049674
1#
#210068192
0#
#210086710
1#
#210105228
0#
#210123746
1#
#210142264
0#
#210160782
1#
#210179300
0#
#210197818
1#
#210216336
0#
#210234854
1#
#210253372
0#
#210271890
1#
#210290408
0#
#210308926
1#
#210327444
0#
#210345962
1#
#210364480
0#
#210382998
1#
#210401516
0#
#210420034
1#
#210438552
0#
#210457070
1#
#210475588
0#
#210494106
1#
#210512624
0#
#210531142
1#
#210549660
0#
#210568178
1#
#210586696
0#
#210605214
1#
#210623732
0#
#210642250
1#
#210660768
0#
#210679286
1#
#210697804
0#
#210716322
1#
#210734840
0#
#210753358
1#
#210771876
0#
#210790394
1#
#210808912
0#
#210827430
1#
#210845948
0#
#210864466
1#
#210882984
0#
#210901502
1#
#210920020
0#
#210938538
1#
#210957056
0#
#210975574
1#
#210994092
0#
#211012610
1#
#211031128
0#
#211049646
1#
#211068164
0#
#211086682
1#
#211105200
0#
#211123718
1#
#211142236
0#
#211160754
1#
#211179272
0#
#211197790
1#
#211216308
0#
#211234826
1#
#211253344
0#
#211271862
1#
#211290380
0#
#211308898
1#
#211327416
0#
#211345934
1#
#211364452
0#
#211382970
1#
#211401488
0#
#211420006
1#
#211438524
0#
#211457042
1#
#211475560
0#
#211494078
1#
#211512596
0#
#211531114
1#
#211549632
0#
#211568150
1#
#211586668
0#
#211605186
1#
#211623704
0#
#211642222
1#
#211660740
0#
#211679258
1#
#211697776
0#
#211716294
1#
#211734812
0#
#211753330
1#
#211771848
0#
#211790366
1#
#211808884
0#
#211827402
1#
#211845920
0#
#211864438
1#
#211882956
0#
#211901474
1#
#211919992
0#
#211938510
1#
#211957028
0#
#211975546
1#
#211994064
0#
#212012582
1#
#212031100
0#
#212049618
1#
#212068136
0#
#212086654
1#
#212105172
0#
#212123690
1#
#212142208
0#
#212160726
1#
#212179244
0#
#212197762
1#
#212216280
0#
#212234798
1#
#212253316
0#
#212271834
1#
#212290352
0#
#212308870
1#
#212327388
0#
#212345906
1#
#212364424
0#
#212382942
1#
#212401460
0#
#212419978
1#
#212438496
0#
#212457014
1#
#212475532
0#
#212494050
1#
#212512568
0#
#212531086
1#
#212549604
0#
#212568122
1#
#212586640
0#
#212605158
1#
#212623676
0#
#212642194
1#
#212660712
0#
#212679230
1#
#212697748
0#
#212716266
1#
#212734784
0#
#212753302
1#
#212771820
0#
#212790338
1#
#212808856
0#
#212827374
1#
#212845892
0#
#212864410
1#
#212882928
0#
#212901446
1#
#212919964
0#
#212938482
1#
#212957000
0#
#212975518
1#
#212994036
0#
#213012554
1#
#213031072
0#
#213049590
1#
#213068108
0#
#213086626
1#
#213105144
0#
#213123662
1#
#213142180
0#
#213160698
1#
#213179216
0#
#213197734
1#
#213216252
0#
#213234770
1#
#213253288
0#
#213271806
1#
#213290324
0#
#213308842
1#
#213327360
0#
#213345878
1#
#213364396
0#
#213382914
1#
#213401432
0#
#213419950
1#
#213438468
0#
#213456986
1#
#213475504
0#
#213494022
1#
#213512540
0#
#213531058
1#
#213549576
0#
#213568094
1#
#213586612
0#
#213605130
1#
#213623648
0#
#213642166
1#
#213660684
0#
#213679202
1#
#213697720
0#
#213716238
1#
#213734756
0#
#213753274
1#
#213771792
0#
#213790310
1#
#213808828
0#
#213827346
1#
#213845864
0#
#213864382
1#
#213882900
0#
#213901418
1#
#213919936
0#
#213938454
1#
#213956972
0#
#213975490
1#
#213994008
0#
#214012526
1#
#214031044
0#
#214049562
1#
#214068080
0#
#214086598
1#
#214105116
0#
#214123634
1#
#214142152
0#
#214160670
1#
#214179188
0#
#214197706
1#
#214216224
0#
#214234742
1#
#214253260
0#
#214271778
1#
#214290296
0#
#214308814
1#
#214327332
0#
#214345850
1#
#214364368
0#
#214382886
1#
#214401404
0#
#214419922
1#
#214438440
0#
#214456958
1#
#214475476
0#
#214493994
1#
#214512512
0#
#214531030
1#
#214549548
0#
#214568066
1#
#214586584
0#
#214605102
1#
#214623620
0#
#214642138
1#
#214660656
0#
#214679174
1#
#214697692
0#
#214716210
1#
#214734728
0#
#214753246
1#
#214771764
0#
#214790282
1#
#214808800
0#
#214827318
1#
#214845836
0#
#214864354
1#
#214882872
0#
#214901390
1#
#214919908
0#
#214938426
1#
#214956944
0#
#214975462
1#
#214993980
0#
#215012498
1#
#215031016
0#
#215049534
1#
#215068052
0#
#215086570
1#
#215105088
0#
#215123606
1#
#215142124
0#
#215160642
1#
#215179160
0#
#215197678
1#
#215216196
0#
#215234714
1#
#215253232
0#
#215271750
1#
#215290268
0#
#215308786
1#
#215327304
0#
#215345822
1#
#215364340
0#
#215382858
1#
#215401376
0#
#215419894
1#
#215438412
0#
#215456930
1#
#215475448
0#
#215493966
1#
#215512484
0#
#215531002
1#
#215549520
0#
#215568038
1#
#215586556
0#
#215605074
1#
#215623592
0#
#215642110
1#
#215660628
0#
#215679146
1#
#215697664
0#
#215716182
1#
#215734700
0#
#215753218
1#
#215771736
0#
#215790254
1#
#215808772
0#
#215827290
1#
#215845808
0#
#215864326
1#
#215882844
0#
#215901362
1#
#215919880
0#
#215938398
1#
#215956916
0#
#215975434
1#
#215993952
0#
#216012470
1#
#216030988
0#
#216049506
1#
#216068024
0#
#216086542
1#
#216105060
0#
#216123578
1#
#216142096
0#
#216160614
1#
#216179132
0#
#216197650
1#
#216216168
0#
#216234686
1#
#216253204
0#
#216271722
1#
#216290240
0#
#216308758
1#
#216327276
0#
#216345794
1#
#216364312
0#
#216382830
1#
#216401348
0#
#216419866
1#
#216438384
0#
#216456902
1#
#216475420
0#
#216493938
1#
#216512456
0#
#216530974
1#
#216549492
0#
#216568010
1#
#216586528
0#
#216605046
1#
#216623564
0#
#216642082
1#
#216660600
0#
#216679118
1#
#216697636
0#
#216716154
1#
#216734672
0#
#216753190
1#
#216771708
0#
#216790226
1#
#216808744
0#
#216827262
1#
#216845780
0#
#216864298
1#
#216882816
0#
#216901334
1#
#216919852
0#
#216938370
1#
#216956888
0#
#216975406
1#
#216993924
0#
#217012442
1#
#217030960
0#
#217049478
1#
#217067996
0#
#217086514
1#
#217105032
0#
#217123550
1#
#217142068
0#
#217160586
1#
#217179104
0#
#217197622
1#
#217216140
0#
#217234658
1#
#217253176
0#
#217271694
1#
#217290212
0#
#217308730
1#
#217327248
0#
#217345766
1#
#217364284
0#
#217382802
1#
#217401320
0#
#217419838
1#
#217438356
0#
#217456874
1#
#217475392
0#
#217493910
1#
#217512428
0#
#217530946
1#
#217549464
0#
#217567982
1#
#217586500
0#
#217605018
1#
#217623536
0#
#217642054
1#
#217660572
0#
#217679090
1#
#217697608
0#
#217716126
1#
#217734644
0#
#217753162
1#
#217771680
0#
#217790198
1#
#217808716
0#
#217827234
1#
#217845752
0#
#217864270
1#
#217882788
0#
#217901306
1#
#217919824
0#
#217938342
1#
#217956860
0#
#217975378
1#
#217993896
0#
#218012414
1#
#218030932
0#
#218049450
1#
#218067968
0#
#218086486
1#
#218105004
0#
#218123522
1#
#218142040
0#
#218160558
1#
#218179076
0#
#218197594
1#
#218216112
0#
#218234630
1#
#218253148
0#
#218271666
1#
#218290184
0#
#218308702
1#
#218327220
0#
#218345738
1#
#218364256
0#
#218382774
1#
#218401292
0#
#218419810
1#
#218438328
0#
#218456846
1#
#218475364
0#
#218493882
1#
#218512400
0#
#218530918
1#
#218549436
0#
#218567954
1#
#218586472
0#
#218604990
1#
#218623508
0#
#218642026
1#
#218660544
0#
#218679062
1#
#218697580
0#
#218716098
1#
#218734616
0#
#218753134
1#
#218771652
0#
#218790170
1#
#218808688
0#
#218827206
1#
#218845724
0#
#218864242
1#
#218882760
0#
#218901278
1#
#218919796
0#
#218938314
1#
#218956832
0#
#218975350
1#
#218993868
0#
#219012386
1#
#219030904
0#
#219049422
1#
#219067940
0#
#219086458
1#
#219104976
0#
#219123494
1#
#219142012
0#
#219160530
1#
#219179048
0#
#219197566
1#
#219216084
0#
#219234602
1#
#219253120
0#
#219271638
1#
#219290156
0#
#219308674
1#
#219327192
0#
#219345710
1#
#219364228
0#
#219382746
1#
#219401264
0#
#219419782
1#
#219438300
0#
#219456818
1#
#219475336
0#
#219493854
1#
#219512372
0#
#219530890
1#
#219549408
0#
#219567926
1#
#219586444
0#
#219604962
1#
#219623480
0#
#219641998
1#
#219660516
0#
#219679034
1#
#219697552
0#
#219716070
1#
#219734588
0#
#219753106
1#
#219771624
0#
#219790142
1#
#219808660
0#
#219827178
1#
#219845696
0#
#219864214
1#
#219882732
0#
#219901250
1#
#219919768
0#
#219938286
1#
#219956804
0#
#219975322
1#
#219993840
0#
#220012358
1#
#220030876
0#
#220049394
1#
#220067912
0#
#220086430
1#
#220104948
0#
#220123466
1#
#220141984
0#
#220160502
1#
#220179020
0#
#220197538
1#
#220216056
0#
#220234574
1#
#220253092
0#
#220271610
1#
#220290128
0#
#220308646
1#
#220327164
0#
#220345682
1#
#220364200
0#
#220382718
1#
#220401236
0#
#220419754
1#
#220438272
0#
#220456790
1#
#220475308
0#
#220493826
1#
#220512344
0#
#220530862
1#
#220549380
0#
#220567898
1#
#220586416
0#
#220604934
1#
#220623452
0#
#220641970
1#
#220660488
0#
#220679006
1#
#220697524
0#
#220716042
1#
#220734560
0#
#220753078
1#
#220771596
0#
#220790114
1#
#220808632
0#
#220827150
1#
#220845668
0#
#220864186
1#
#220882704
0#
#220901222
1#
#220919740
0#
#220938258
1#
#220956776
0#
#220975294
1#
#220993812
0#
#221012330
1#
#221030848
0#
#221049366
1#
#221067884
0#
#221086402
1#
#221104920
0#
#221123438
1#
#221141956
0#
#221160474
1#
#221178992
0#
#221197510
1#
#221216028
0#
#221234546
1#
#221253064
0#
#221271582
1#
#221290100
0#
#221308618
1#
#221327136
0#
#221345654
1#
#221364172
0#
#221382690
1#
#221401208
0#
#221419726
1#
#221438244
0#
#221456762
1#
#221475280
0#
#221493798
1#
#221512316
0#
#221530834
1#
#221549352
0#
#221567870
1#
#221586388
0#
#221604906
1#
#221623424
0#
#221641942
1#
#221660460
0#
#221678978
1#
#221697496
0#
#221716014
1#
#221734532
0#
#221753050
1#
#221771568
0#
#221790086
1#
#221808604
0#
#221827122
1#
#221845640
0#
#221864158
1#
#221882676
0#
#221901194
1#
#221919712
0#
#221938230
1#
#221956748
0#
#221975266
1#
#221993784
0#
#222012302
1#
#222030820
0#
#222049338
1#
#222067856
0#
#222086374
1#
#222104892
0#
#222123410
1#
#222141928
0#
#222160446
1#
#222178964
0#
#222197482
1#
#222216000
0#
#222234518
1#
#222253036
0#
#222271554
1#
#222290072
0#
#222308590
1#
#222327108
0#
#222345626
1#
#222364144
0#
#222382662
1#
#222401180
0#
#222419698
1#
#222438216
0#
#222456734
1#
#222475252
0#
#222493770
1#
#222512288
0#
#222530806
1#
#222549324
0#
#222567842
1#
#222586360
0#
#222604878
1#
#222623396
0#
#222641914
1#
#222660432
0#
#222678950
1#
#222697468
0#
#222715986
1#
#222734504
0#
#222753022
1#
#222771540
0#
#222790058
1#
#222808576
0#
#222827094
1#
#222845612
0#
#222864130
1#
#222882648
0#
#222901166
1#
#222919684
0#
#222938202
1#
#222956720
0#
#222975238
1#
#222993756
0#
#223012274
1#
#223030792
0#
#223049310
1#
#223067828
0#
#223086346
1#
#223104864
0#
#223123382
1#
#223141900
0#
#223160418
1#
#223178936
0#
#223197454
1#
#223215972
0#
#223234490
1#
#223253008
0#
#223271526
1#
#223290044
0#
#223308562
1#
#223327080
0#
#223345598
1#
#223364116
0#
#223382634
1#
#223401152
0#
#223419670
1#
#223438188
0#
#223456706
1#
#223475224
0#
#223493742
1#
#223512260
0#
#223530778
1#
#223549296
0#
#223567814
1#
#223586332
0#
#223604850
1#
#223623368
0#
#223641886
1#
#223660404
0#
#223678922
1#
#223697440
0#
#223715958
1#
#223734476
0#
#223752994
1#
#223771512
0#
#223790030
1#
#223808548
0#
#223827066
1#
#223845584
0#
#223864102
1#
#223882620
0#
#223901138
1#
#223919656
0#
#223938174
1#
#223956692
0#
#223975210
1#
#223993728
0#
#224012246
1#
#224030764
0#
#224049282
1#
#224067800
0#
#224086318
1#
#224104836
0#
#224123354
1#
#224141872
0#
#224160390
1#
#224178908
0#
#224197426
1#
#224215944
0#
#224234462
1#
#224252980
0#
#224271498
1#
#224290016
0#
#224308534
1#
#224327052
0#
#224345570
1#
#224364088
0#
#224382606
1#
#224401124
0#
#224419642
1#
#224438160
0#
#224456678
1#
#224475196
0#
#224493714
1#
#224512232
0#
#224530750
1#
#224549268
0#
#224567786
1#
#224586304
0#
#224604822
1#
#224623340
0#
#224641858
1#
#224660376
0#
#224678894
1#
#224697412
0#
#224715930
1#
#224734448
0#
#224752966
1#
#224771484
0#
#224790002
1#
#224808520
0#
#224827038
1#
#224845556
0#
#224864074
1#
#224882592
0#
#224901110
1#
#224919628
0#
#224938146
1#
#224956664
0#
#224975182
1#
#224993700
0#
#225012218
1#
#225030736
0#
#225049254
1#
#225067772
0#
#225086290
1#
#225104808
0#
#225123326
1#
#225141844
0#
#225160362
1#
#225178880
0#
#225197398
1#
#225215916
0#
#225234434
1#
#225252952
0#
#225271470
1#
#225289988
0#
#225308506
1#
#225327024
0#
#225345542
1#
#225364060
0#
#225382578
1#
#225401096
0#
#225419614
1#
#225438132
0#
#225456650
1#
#225475168
0#
#225493686
1#
#225512204
0#
#225530722
1#
#225549240
0#
#225567758
1#
#225586276
0#
#225604794
1#
#225623312
0#
#225641830
1#
#225660348
0#
#225678866
1#
#225697384
0#
#225715902
1#
#225734420
0#
#225752938
1#
#225771456
0#
#225789974
1#
#225808492
0#
#225827010
1#
#225845528
0#
#225864046
1#
#225882564
0#
#225901082
1#
#225919600
0#
#225938118
1#
#225956636
0#
#225975154
1#
#225993672
0#
#226012190
1#
#226030708
0#
#226049226
1#
#226067744
0#
#226086262
1#
#226104780
0#
#226123298
1#
#226141816
0#
#226160334
1#
#226178852
0#
#226197370
1#
#226215888
0#
#226234406
1#
#226252924
0#
#226271442
1#
#226289960
0#
#226308478
1#
#226326996
0#
#226345514
1#
#226364032
0#
#226382550
1#
#226401068
0#
#226419586
1#
#226438104
0#
#226456622
1#
#226475140
0#
#226493658
1#
#226512176
0#
#226530694
1#
#226549212
0#
#226567730
1#
#226586248
0#
#226604766
1#
#226623284
0#
#226641802
1#
#226660320
0#
#226678838
1#
#226697356
0#
#226715874
1#
#226734392
0#
#226752910
1#
#226771428
0#
#226789946
1#
#226808464
0#
#226826982
1#
#226845500
0#
#226864018
1#
#226882536
0#
#226901054
1#
#226919572
0#
#226938090
1#
#226956608
0#
#226975126
1#
#226993644
0#
#227012162
1#
#227030680
0#
#227049198
1#
#227067716
0#
#227086234
1#
#227104752
0#
#227123270
1#
#227141788
0#
#227160306
1#
#227178824
0#
#227197342
1#
#227215860
0#
#227234378
1#
#227252896
0#
#227271414
1#
#227289932
0#
#227308450
1#
#227326968
0#
#227345486
1#
#227364004
0#
#227382522
1#
#227401040
0#
#227419558
1#
#227438076
0#
#227456594
1#
#227475112
0#
#227493630
1#
#227512148
0#
#227530666
1#
#227549184
0#
#227567702
1#
#227586220
0#
#227604738
1#
#227623256
0#
#227641774
1#
#227660292
0#
#227678810
1#
#227697328
0#
#227715846
1#
#227734364
0#
#227752882
1#
#227771400
0#
#227789918
1#
#227808436
0#
#227826954
1#
#227845472
0#
#227863990
1#
#227882508
0#
#227901026
1#
#227919544
0#
#227938062
1#
#227956580
0#
#227975098
1#
#227993616
0#
#228012134
1#
#228030652
0#
#228049170
1#
#228067688
0#
#228086206
1#
#228104724
0#
#228123242
1#
#228141760
0#
#228160278
1#
#228178796
0#
#228197314
1#
#228215832
0#
#228234350
1#
#228252868
0#
#228271386
1#
#228289904
0#
#228308422
1#
#228326940
0#
#228345458
1#
#228363976
0#
#228382494
1#
#228401012
0#
#228419530
1#
#228438048
0#
#228456566
1#
#228475084
0#
#228493602
1#
#228512120
0#
#228530638
1#
#228549156
0#
#228567674
1#
#228586192
0#
#228604710
1#
#228623228
0#
#228641746
1#
#228660264
0#
#228678782
1#
#228697300
0#
#228715818
1#
#228734336
0#
#228752854
1#
#228771372
0#
#228789890
1#
#228808408
0#
#228826926
1#
#228845444
0#
#228863962
1#
#228882480
0#
#228900998
1#
#228919516
0#
#228938034
1#
#228956552
0#
#228975070
1#
#228993588
0#
#229012106
1#
#229030624
0#
#229049142
1#
#229067660
0#
#229086178
1#
#229104696
0#
#229123214
1#
#229141732
0#
#229160250
1#
#229178768
0#
#229197286
1#
#229215804
0#
#229234322
1#
#229252840
0#
#229271358
1#
#229289876
0#
#229308394
1#
#229326912
0#
#229345430
1#
#229363948
0#
#229382466
1#
#229400984
0#
#229419502
1#
#229438020
0#
#229456538
1#
#229475056
0#
#229493574
1#
#229512092
0#
#229530610
1#
#229549128
0#
#229567646
1#
#229586164
0#
#229604682
1#
#229623200
0#
#229641718
1#
#229660236
0#
#229678754
1#
#229697272
0#
#229715790
1#
#229734308
0#
#229752826
1#
#229771344
0#
#229789862
1#
#229808380
0#
#229826898
1#
#229845416
0#
#229863934
1#
#229882452
0#
#229900970
1#
#229919488
0#
#229938006
1#
#229956524
0#
#229975042
1#
#229993560
0#
#230012078
1#
#230030596
0#
#230049114
1#
#230067632
0#
#230086150
1#
#230104668
0#
#230123186
1#
#230141704
0#
#230160222
1#
#230178740
0#
#230197258
1#
#230215776
0#
#230234294
1#
#230252812
0#
#230271330
1#
#230289848
0#
#230308366
1#
#230326884
0#
#230345402
1#
#230363920
0#
#230382438
1#
#230400956
0#
#230419474
1#
#230437992
0#
#230456510
1#
#230475028
0#
#230493546
1#
#230512064
0#
#230530582
1#
#230549100
0#
#230567618
1#
#230586136
0#
#230604654
1#
#230623172
0#
#230641690
1#
#230660208
0#
#230678726
1#
#230697244
0#
#230715762
1#
#230734280
0#
#230752798
1#
#230771316
0#
#230789834
1#
#230808352
0#
#230826870
1#
#230845388
0#
#230863906
1#
#230882424
0#
#230900942
1#
#230919460
0#
#230937978
1#
#230956496
0#
#230975014
1#
#230993532
0#
#231012050
1#
#231030568
0#
#231049086
1#
#231067604
0#
#231086122
1#
#231104640
0#
#231123158
1#
#231141676
0#
#231160194
1#
#231178712
0#
#231197230
1#
#231215748
0#
#231234266
1#
#231252784
0#
#231271302
1#
#231289820
0#
#231308338
1#
#231326856
0#
#231345374
1#
#231363892
0#
#231382410
1#
#231400928
0#
#231419446
1#
#231437964
0#
#231456482
1#
#231475000
0#
#231493518
1#
#231512036
0#
#231530554
1#
#231549072
0#
#231567590
1#
#231586108
0#
#231604626
1#
#231623144
0#
#231641662
1#
#231660180
0#
#231678698
1#
#231697216
0#
#231715734
1#
#231734252
0#
#231752770
1#
#231771288
0#
#231789806
1#
#231808324
0#
#231826842
1#
#231845360
0#
#231863878
1#
#231882396
0#
#231900914
1#
#231919432
0#
#231937950
1#
#231956468
0#
#231974986
1#
#231993504
0#
#232012022
1#
#232030540
0#
#232049058
1#
#232067576
0#
#232086094
1#
#232104612
0#
#232123130
1#
#232141648
0#
#232160166
1#
#232178684
0#
#232197202
1#
#232215720
0#
#232234238
1#
#232252756
0#
#232271274
1#
#232289792
0#
#232308310
1#
#232326828
0#
#232345346
1#
#232363864
0#
#232382382
1#
#232400900
0#
#232419418
1#
#232437936
0#
#232456454
1#
#232474972
0#
#232493490
1#
#232512008
0#
#232530526
1#
#232549044
0#
#232567562
1#
#232586080
0#
#232604598
1#
#232623116
0#
#232641634
1#
#232660152
0#
#232678670
1#
#232697188
0#
#232715706
1#
#232734224
0#
#232752742
1#
#232771260
0#
#232789778
1#
#232808296
0#
#232826814
1#
#232845332
0#
#232863850
1#
#232882368
0#
#232900886
1#
#232919404
0#
#232937922
1#
#232956440
0#
#232974958
1#
#232993476
0#
#233011994
1#
#233030512
0#
#233049030
1#
#233067548
0#
#233086066
1#
#233104584
0#
#233123102
1#
#233141620
0#
#233160138
1#
#233178656
0#
#233197174
1#
#233215692
0#
#233234210
1#
#233252728
0#
#233271246
1#
#233289764
0#
#233308282
1#
#233326800
0#
#233345318
1#
#233363836
0#
#233382354
1#
#233400872
0#
#233419390
1#
#233437908
0#
#233456426
1#
#233474944
0#
#233493462
1#
#233511980
0#
#233530498
1#
#233549016
0#
#233567534
1#
#233586052
0#
#233604570
1#
#233623088
0#
#233641606
1#
#233660124
0#
#233678642
1#
#233697160
0#
#233715678
1#
#233734196
0#
#233752714
1#
#233771232
0#
#233789750
1#
#233808268
0#
#233826786
1#
#233845304
0#
#233863822
1#
#233882340
0#
#233900858
1#
#233919376
0#
#233937894
1#
#233956412
0#
#233974930
1#
#233993448
0#
#234011966
1#
#234030484
0#
#234049002
1#
#234067520
0#
#234086038
1#
#234104556
0#
#234123074
1#
#234141592
0#
#234160110
1#
#234178628
0#
#234197146
1#
#234215664
0#
#234234182
1#
#234252700
0#
#234271218
1#
#234289736
0#
#234308254
1#
#234326772
0#
#234345290
1#
#234363808
0#
#234382326
1#
#234400844
0#
#234419362
1#
#234437880
0#
#234456398
1#
#234474916
0#
#234493434
1#
#234511952
0#
#234530470
1#
#234548988
0#
#234567506
1#
#234586024
0#
#234604542
1#
#234623060
0#
#234641578
1#
#234660096
0#
#234678614
1#
#234697132
0#
#234715650
1#
#234734168
0#
#234752686
1#
#234771204
0#
#234789722
1#
#234808240
0#
#234826758
1#
#234845276
0#
#234863794
1#
#234882312
0#
#234900830
1#
#234919348
0#
#234937866
1#
#234956384
0#
#234974902
1#
#234993420
0#
#235011938
1#
#235030456
0#
#235048974
1#
#235067492
0#
#235086010
1#
#235104528
0#
#235123046
1#
#235141564
0#
#235160082
1#
#235178600
0#
#235197118
1#
#235215636
0#
#235234154
1#
#235252672
0#
#235271190
1#
#235289708
0#
#235308226
1#
#235326744
0#
#235345262
1#
#235363780
0#
#235382298
1#
#235400816
0#
#235419334
1#
#235437852
0#
#235456370
1#
#235474888
0#
#235493406
1#
#235511924
0#
#235530442
1#
#235548960
0#
#235567478
1#
#235585996
0#
#235604514
1#
#235623032
0#
#235641550
1#
#235660068
0#
#235678586
1#
#235697104
0#
#235715622
1#
#235734140
0#
#235752658
1#
#235771176
0#
#235789694
1#
#235808212
0#
#235826730
1#
#235845248
0#
#235863766
1#
#235882284
0#
#235900802
1#
#235919320
0#
#235937838
1#
#235956356
0#
#235974874
1#
#235993392
0#
#236011910
1#
#236030428
0#
#236048946
1#
#236067464
0#
#236085982
1#
#236104500
0#
#236123018
1#
#236141536
0#
#236160054
1#
#236178572
0#
#236197090
1#
#236215608
0#
#236234126
1#
#236252644
0#
#236271162
1#
#236289680
0#
#236308198
1#
#236326716
0#
#236345234
1#
#236363752
0#
#236382270
1#
#236400788
0#
#236419306
1#
#236437824
0#
#236456342
1#
#236474860
0#
#236493378
1#
#236511896
0#
#236530414
1#
#236548932
0#
#236567450
1#
#236585968
0#
#236604486
1#
#236623004
0#
#236641522
1#
#236660040
0#
#236678558
1#
#236697076
0#
#236715594
1#
#236734112
0#
#236752630
1#
#236771148
0#
#236789666
1#
#236808184
0#
#236826702
1#
#236845220
0#
#236863738
1#
#236882256
0#
#236900774
1#
#236919292
0#
#236937810
1#
#236956328
0#
#236974846
1#
#236993364
0#
#237011882
1#
#237030400
0#
#237048918
1#
#237067436
0#
#237085954
1#
#237104472
0#
#237122990
1#
#237141508
0#
#237160026
1#
#237178544
0#
#237197062
1#
#237215580
0#
#237234098
1#
#237252616
0#
#237271134
1#
#237289652
0#
#237308170
1#
#237326688
0#
#237345206
1#
#237363724
0#
#237382242
1#
#237400760
0#
#237419278
1#
#237437796
0#
#237456314
1#
#237474832
0#
#237493350
1#
#237511868
0#
#237530386
1#
#237548904
0#
#237567422
1#
#237585940
0#
#237604458
1#
#237622976
0#
#237641494
1#
#237660012
0#
#237678530
1#
#237697048
0#
#237715566
1#
#237734084
0#
#237752602
1#
#237771120
0#
#237789638
1#
#237808156
0#
#237826674
1#
#237845192
0#
#237863710
1#
#237882228
0#
#237900746
1#
#237919264
0#
#237937782
1#
#237956300
0#
#237974818
1#
#237993336
0#
#238011854
1#
#238030372
0#
#238048890
1#
#238067408
0#
#238085926
1#
#238104444
0#
#238122962
1#
#238141480
0#
#238159998
1#
#238178516
0#
#238197034
1#
#238215552
0#
#238234070
1#
#238252588
0#
#238271106
1#
#238289624
0#
#238308142
1#
#238326660
0#
#238345178
1#
#238363696
0#
#238382214
1#
#238400732
0#
#238419250
1#
#238437768
0#
#238456286
1#
#238474804
0#
#238493322
1#
#238511840
0#
#238530358
1#
#238548876
0#
#238567394
1#
#238585912
0#
#238604430
1#
#238622948
0#
#238641466
1#
#238659984
0#
#238678502
1#
#238697020
0#
#238715538
1#
#238734056
0#
#238752574
1#
#238771092
0#
#238789610
1#
#238808128
0#
#238826646
1#
#238845164
0#
#238863682
1#
#238882200
0#
#238900718
1#
#238919236
0#
#238937754
1#
#238956272
0#
#238974790
1#
#238993308
0#
#239011826
1#
#239030344
0#
#239048862
1#
#239067380
0#
#239085898
1#
#239104416
0#
#239122934
1#
#239141452
0#
#239159970
1#
#239178488
0#
#239197006
1#
#239215524
0#
#239234042
1#
#239252560
0#
#239271078
1#
#239289596
0#
#239308114
1#
#239326632
0#
#239345150
1#
#239363668
0#
#239382186
1#
#239400704
0#
#239419222
1#
#239437740
0#
#239456258
1#
#239474776
0#
#239493294
1#
#239511812
0#
#239530330
1#
#239548848
0#
#239567366
1#
#239585884
0#
#239604402
1#
#239622920
0#
#239641438
1#
#239659956
0#
#239678474
1#
#239696992
0#
#239715510
1#
#239734028
0#
#239752546
1#
#239771064
0#
#239789582
1#
#239808100
0#
#239826618
1#
#239845136
0#
#239863654
1#
#239882172
0#
#239900690
1#
#239919208
0#
#239937726
1#
#239956244
0#
#239974762
1#
#239993280
0#
#240011798
1#
#240030316
0#
#240048834
1#
#240067352
0#
#240085870
1#
#240104388
0#
#240122906
1#
#240141424
0#
#240159942
1#
#240178460
0#
#240196978
1#
#240215496
0#
#240234014
1#
#240252532
0#
#240271050
1#
#240289568
0#
#240308086
1#
#240326604
0#
#240345122
1#
#240363640
0#
#240382158
1#
#240400676
0#
#240419194
1#
#240437712
0#
#240456230
1#
#240474748
0#
#240493266
1#
#240511784
0#
#240530302
1#
#240548820
0#
#240567338
1#
#240585856
0#
#240604374
1#
#240622892
0#
#240641410
1#
#240659928
0#
#240678446
1#
#240696964
0#
#240715482
1#
#240734000
0#
#240752518
1#
#240771036
0#
#240789554
1#
#240808072
0#
#240826590
1#
#240845108
0#
#240863626
1#
#240882144
0#
#240900662
1#
#240919180
0#
#240937698
1#
#240956216
0#
#240974734
1#
#240993252
0#
#241011770
1#
#241030288
0#
#241048806
1#
#241067324
0#
#241085842
1#
#241104360
0#
#241122878
1#
#241141396
0#
#241159914
1#
#241178432
0#
#241196950
1#
#241215468
0#
#241233986
1#
#241252504
0#
#241271022
1#
#241289540
0#
#241308058
1#
#241326576
0#
#241345094
1#
#241363612
0#
#241382130
1#
#241400648
0#
#241419166
1#
#241437684
0#
#241456202
1#
#241474720
0#
#241493238
1#
#241511756
0#
#241530274
1#
#241548792
0#
#241567310
1#
#241585828
0#
#241604346
1#
#241622864
0#
#241641382
1#
#241659900
0#
#241678418
1#
#241696936
0#
#241715454
1#
#241733972
0#
#241752490
1#
#241771008
0#
#241789526
1#
#241808044
0#
#241826562
1#
#241845080
0#
#241863598
1#
#241882116
0#
#241900634
1#
#241919152
0#
#241937670
1#
#241956188
0#
#241974706
1#
#241993224
0#
#242011742
1#
#242030260
0#
#242048778
1#
#242067296
0#
#242085814
1#
#242104332
0#
#242122850
1#
#242141368
0#
#242159886
1#
#242178404
0#
#242196922
1#
#242215440
0#
#242233958
1#
#242252476
0#
#242270994
1#
#242289512
0#
#242308030
1#
#242326548
0#
#242345066
1#
#242363584
0#
#242382102
1#
#242400620
0#
#242419138
1#
#242437656
0#
#242456174
1#
#242474692
0#
#242493210
1#
#242511728
0#
#242530246
1#
#242548764
0#
#242567282
1#
#242585800
0#
#242604318
1#
#242622836
0#
#242641354
1#
#242659872
0#
#242678390
1#
#242696908
0#
#242715426
1#
#242733944
0#
#242752462
1#
#242770980
0#
#242789498
1#
#242808016
0#
#242826534
1#
#242845052
0#
#242863570
1#
#242882088
0#
#242900606
1#
#242919124
0#
#242937642
1#
#242956160
0#
#242974678
1#
#242993196
0#
#243011714
1#
#243030232
0#
#243048750
1#
#243067268
0#
#243085786
1#
#243104304
0#
#243122822
1#
#243141340
0#
#243159858
1#
#243178376
0#
#243196894
1#
#243215412
0#
#243233930
1#
#243252448
0#
#243270966
1#
#243289484
0#
#243308002
1#
#243326520
0#
#243345038
1#
#243363556
0#
#243382074
1#
#243400592
0#
#243419110
1#
#243437628
0#
#243456146
1#
#243474664
0#
#243493182
1#
#243511700
0#
#243530218
1#
#243548736
0#
#243567254
1#
#243585772
0#
#243604290
1#
#243622808
0#
#243641326
1#
#243659844
0#
#243678362
1#
#243696880
0#
#243715398
1#
#243733916
0#
#243752434
1#
#243770952
0#
#243789470
1#
#243807988
0#
#243826506
1#
#243845024
0#
#243863542
1#
#243882060
0#
#243900578
1#
#243919096
0#
#243937614
1#
#243956132
0#
#243974650
1#
#243993168
0#
#244011686
1#
#244030204
0#
#244048722
1#
#244067240
0#
#244085758
1#
#244104276
0#
#244122794
1#
#244141312
0#
#244159830
1#
#244178348
0#
#244196866
1#
#244215384
0#
#244233902
1#
#244252420
0#
#244270938
1#
#244289456
0#
#244307974
1#
#244326492
0#
#244345010
1#
#244363528
0#
#244382046
1#
#244400564
0#
#244419082
1#
#244437600
0#
#244456118
1#
#244474636
0#
#244493154
1#
#244511672
0#
#244530190
1#
#244548708
0#
#244567226
1#
#244585744
0#
#244604262
1#
#244622780
0#
#244641298
1#
#244659816
0#
#244678334
1#
#244696852
0#
#244715370
1#
#244733888
0#
#244752406
1#
#244770924
0#
#244789442
1#
#244807960
0#
#244826478
1#
#244844996
0#
#244863514
1#
#244882032
0#
#244900550
1#
#244919068
0#
#244937586
1#
#244956104
0#
#244974622
1#
#244993140
0#
#245011658
1#
#245030176
0#
#245048694
1#
#245067212
0#
#245085730
1#
#245104248
0#
#245122766
1#
#245141284
0#
#245159802
1#
#245178320
0#
#245196838
1#
#245215356
0#
#245233874
1#
#245252392
0#
#245270910
1#
#245289428
0#
#245307946
1#
#245326464
0#
#245344982
1#
#245363500
0#
#245382018
1#
#245400536
0#
#245419054
1#
#245437572
0#
#245456090
1#
#245474608
0#
#245493126
1#
#245511644
0#
#245530162
1#
#245548680
0#
#245567198
1#
#245585716
0#
#245604234
1#
#245622752
0#
#245641270
1#
#245659788
0#
#245678306
1#
#245696824
0#
#245715342
1#
#245733860
0#
#245752378
1#
#245770896
0#
#245789414
1#
#245807932
0#
#245826450
1#
#245844968
0#
#245863486
1#
#245882004
0#
#245900522
1#
#245919040
0#
#245937558
1#
#245956076
0#
#245974594
1#
#245993112
0#
#246011630
1#
#246030148
0#
#246048666
1#
#246067184
0#
#246085702
1#
#246104220
0#
#246122738
1#
#246141256
0#
#246159774
1#
#246178292
0#
#246196810
1#
#246215328
0#
#246233846
1#
#246252364
0#
#246270882
1#
#246289400
0#
#246307918
1#
#246326436
0#
#246344954
1#
#246363472
0#
#246381990
1#
#246400508
0#
#246419026
1#
#246437544
0#
#246456062
1#
#246474580
0#
#246493098
1#
#246511616
0#
#246530134
1#
#246548652
0#
#246567170
1#
#246585688
0#
#246604206
1#
#246622724
0#
#246641242
1#
#246659760
0#
#246678278
1#
#246696796
0#
#246715314
1#
#246733832
0#
#246752350
1#
#246770868
0#
#246789386
1#
#246807904
0#
#246826422
1#
#246844940
0#
#246863458
1#
#246881976
0#
#246900494
1#
#246919012
0#
#246937530
1#
#246956048
0#
#246974566
1#
#246993084
0#
#247011602
1#
#247030120
0#
#247048638
1#
#247067156
0#
#247085674
1#
#247104192
0#
#247122710
1#
#247141228
0#
#247159746
1#
#247178264
0#
#247196782
1#
#247215300
0#
#247233818
1#
#247252336
0#
#247270854
1#
#247289372
0#
#247307890
1#
#247326408
0#
#247344926
1#
#247363444
0#
#247381962
1#
#247400480
0#
#247418998
1#
#247437516
0#
#247456034
1#
#247474552
0#
#247493070
1#
#247511588
0#
#247530106
1#
#247548624
0#
#247567142
1#
#247585660
0#
#247604178
1#
#247622696
0#
#247641214
1#
#247659732
0#
#247678250
1#
#247696768
0#
#247715286
1#
#247733804
0#
#247752322
1#
#247770840
0#
#247789358
1#
#247807876
0#
#247826394
1#
#247844912
0#
#247863430
1#
#247881948
0#
#247900466
1#
#247918984
0#
#247937502
1#
#247956020
0#
#247974538
1#
#247993056
0#
#248011574
1#
#248030092
0#
#248048610
1#
#248067128
0#
#248085646
1#
#248104164
0#
#248122682
1#
#248141200
0#
#248159718
1#
#248178236
0#
#248196754
1#
#248215272
0#
#248233790
1#
#248252308
0#
#248270826
1#
#248289344
0#
#248307862
1#
#248326380
0#
#248344898
1#
#248363416
0#
#248381934
1#
#248400452
0#
#248418970
1#
#248437488
0#
#248456006
1#
#248474524
0#
#248493042
1#
#248511560
0#
#248530078
1#
#248548596
0#
#248567114
1#
#248585632
0#
#248604150
1#
#248622668
0#
#248641186
1#
#248659704
0#
#248678222
1#
#248696740
0#
#248715258
1#
#248733776
0#
#248752294
1#
#248770812
0#
#248789330
1#
#248807848
0#
#248826366
1#
#248844884
0#
#248863402
1#
#248881920
0#
#248900438
1#
#248918956
0#
#248937474
1#
#248955992
0#
#248974510
1#
#248993028
0#
#249011546
1#
#249030064
0#
#249048582
1#
#249067100
0#
#249085618
1#
#249104136
0#
#249122654
1#
#249141172
0#
#249159690
1#
#249178208
0#
#249196726
1#
#249215244
0#
#249233762
1#
#249252280
0#
#249270798
1#
#249289316
0#
#249307834
1#
#249326352
0#
#249344870
1#
#249363388
0#
#249381906
1#
#249400424
0#
#249418942
1#
#249437460
0#
#249455978
1#
#249474496
0#
#249493014
1#
#249511532
0#
#249530050
1#
#249548568
0#
#249567086
1#
#249585604
0#
#249604122
1#
#249622640
0#
#249641158
1#
#249659676
0#
#249678194
1#
#249696712
0#
#249715230
1#
#249733748
0#
#249752266
1#
#249770784
0#
#249789302
1#
#249807820
0#
#249826338
1#
#249844856
0#
#249863374
1#
#249881892
0#
#249900410
1#
#249918928
0#
#249937446
1#
#249955964
0#
#249974482
1#
#249993000
0#
#250011518
1#
#250030036
0#
#250048554
1#
#250067072
0#
#250085590
1#
#250104108
0#
#250122626
1#
#250141144
0#
#250159662
1#
#250178180
0#
#250196698
1#
#250215216
0#
#250233734
1#
#250252252
0#
#250270770
1#
#250289288
0#
#250307806
1#
#250326324
0#
#250344842
1#
#250363360
0#
#250381878
1#
#250400396
0#
#250418914
1#
#250437432
0#
#250455950
1#
#250474468
0#
#250492986
1#
#250511504
0#
#250530022
1#
#250548540
0#
#250567058
1#
#250585576
0#
#250604094
1#
#250622612
0#
#250641130
1#
#250659648
0#
#250678166
1#
#250696684
0#
#250715202
1#
#250733720
0#
#250752238
1#
#250770756
0#
#250789274
1#
#250807792
0#
#250826310
1#
#250844828
0#
#250863346
1#
#250881864
0#
#250900382
1#
#250918900
0#
#250937418
1#
#250955936
0#
#250974454
1#
#250992972
0#
#251011490
1#
#251030008
0#
#251048526
1#
#251067044
0#
#251085562
1#
#251104080
0#
#251122598
1#
#251141116
0#
#251159634
1#
#251178152
0#
#251196670
1#
#251215188
0#
#251233706
1#
#251252224
0#
#251270742
1#
#251289260
0#
#251307778
1#
#251326296
0#
#251344814
1#
#251363332
0#
#251381850
1#
#251400368
0#
#251418886
1#
#251437404
0#
#251455922
1#
#251474440
0#
#251492958
1#
#251511476
0#
#251529994
1#
#251548512
0#
#251567030
1#
#251585548
0#
#251604066
1#
#251622584
0#
#251641102
1#
#251659620
0#
#251678138
1#
#251696656
0#
#251715174
1#
#251733692
0#
#251752210
1#
#251770728
0#
#251789246
1#
#251807764
0#
#251826282
1#
#251844800
0#
#251863318
1#
#251881836
0#
#251900354
1#
#251918872
0#
#251937390
1#
#251955908
0#
#251974426
1#
#251992944
0#
#252011462
1#
#252029980
0#
#252048498
1#
#252067016
0#
#252085534
1#
#252104052
0#
#252122570
1#
#252141088
0#
#252159606
1#
#252178124
0#
#252196642
1#
#252215160
0#
#252233678
1#
#252252196
0#
#252270714
1#
#252289232
0#
#252307750
1#
#252326268
0#
#252344786
1#
#252363304
0#
#252381822
1#
#252400340
0#
#252418858
1#
#252437376
0#
#252455894
1#
#252474412
0#
#252492930
1#
#252511448
0#
#252529966
1#
#252548484
0#
#252567002
1#
#252585520
0#
#252604038
1#
#252622556
0#
#252641074
1#
#252659592
0#
#252678110
1#
#252696628
0#
#252715146
1#
#252733664
0#
#252752182
1#
#252770700
0#
#252789218
1#
#252807736
0#
#252826254
1#
#252844772
0#
#252863290
1#
#252881808
0#
#252900326
1#
#252918844
0#
#252937362
1#
#252955880
0#
#252974398
1#
#252992916
0#
#253011434
1#
#253029952
0#
#253048470
1#
#253066988
0#
#253085506
1#
#253104024
0#
#253122542
1#
#253141060
0#
#253159578
1#
#253178096
0#
#253196614
1#
#253215132
0#
#253233650
1#
#253252168
0#
#253270686
1#
#253289204
0#
#253307722
1#
#253326240
0#
#253344758
1#
#253363276
0#
#253381794
1#
#253400312
0#
#253418830
1#
#253437348
0#
#253455866
1#
#253474384
0#
#253492902
1#
#253511420
0#
#253529938
1#
#253548456
0#
#253566974
1#
#253585492
0#
#253604010
1#
#253622528
0#
#253641046
1#
#253659564
0#
#253678082
1#
#253696600
0#
#253715118
1#
#253733636
0#
#253752154
1#
#253770672
0#
#253789190
1#
#253807708
0#
#253826226
1#
#253844744
0#
#253863262
1#
#253881780
0#
#253900298
1#
#253918816
0#
#253937334
1#
#253955852
0#
#253974370
1#
#253992888
0#
#254011406
1#
#254029924
0#
#254048442
1#
#254066960
0#
#254085478
1#
#254103996
0#
#254122514
1#
#254141032
0#
#254159550
1#
#254178068
0#
#254196586
1#
#254215104
0#
#254233622
1#
#254252140
0#
#254270658
1#
#254289176
0#
#254307694
1#
#254326212
0#
#254344730
1#
#254363248
0#
#254381766
1#
#254400284
0#
#254418802
1#
#254437320
0#
#254455838
1#
#254474356
0#
#254492874
1#
#254511392
0#
#254529910
1#
#254548428
0#
#254566946
1#
#254585464
0#
#254603982
1#
#254622500
0#
#254641018
1#
#254659536
0#
#254678054
1#
#254696572
0#
#254715090
1#
#254733608
0#
#254752126
1#
#254770644
0#
#254789162
1#
#254807680
0#
#254826198
1#
#254844716
0#
#254863234
1#
#254881752
0#
#254900270
1#
#254918788
0#
#254937306
1#
#254955824
0#
#254974342
1#
#254992860
0#
#255011378
1#
#255029896
0#
#255048414
1#
#255066932
0#
#255085450
1#
#255103968
0#
#255122486
1#
#255141004
0#
#255159522
1#
#255178040
0#
#255196558
1#
#255215076
0#
#255233594
1#
#255252112
0#
#255270630
1#
#255289148
0#
#255307666
1#
#255326184
0#
#255344702
1#
#255363220
0#
#255381738
1#
#255400256
0#
#255418774
1#
#255437292
0#
#255455810
1#
#255474328
0#
#255492846
1#
#255511364
0#
#255529882
1#
#255548400
0#
#255566918
1#
#255585436
0#
#255603954
1#
#255622472
0#
#255640990
1#
#255659508
0#
#255678026
1#
#255696544
0#
#255715062
1#
#255733580
0#
#255752098
1#
#255770616
0#
#255789134
1#
#255807652
0#
#255826170
1#
#255844688
0#
#255863206
1#
#255881724
0#
#255900242
1#
#255918760
0#
#255937278
1#
#255955796
0#
#255974314
1#
#255992832
0#
#256011350
1#
#256029868
0#
#256048386
1#
#256066904
0#
#256085422
1#
#256103940
0#
#256122458
1#
#256140976
0#
#256159494
1#
#256178012
0#
#256196530
1#
#256215048
0#
#256233566
1#
#256252084
0#
#256270602
1#
#256289120
0#
#256307638
1#
#256326156
0#
#256344674
1#
#256363192
0#
#256381710
1#
#256400228
0#
#256418746
1#
#256437264
0#
#256455782
1#
#256474300
0#
#256492818
1#
#256511336
0#
#256529854
1#
#256548372
0#
#256566890
1#
#256585408
0#
#256603926
1#
#256622444
0#
#256640962
1#
#256659480
0#
#256677998
1#
#256696516
0#
#256715034
1#
#256733552
0#
#256752070
1#
#256770588
0#
#256789106
1#
#256807624
0#
#256826142
1#
#256844660
0#
#256863178
1#
#256881696
0#
#256900214
1#
#256918732
0#
#256937250
1#
#256955768
0#
#256974286
1#
#256992804
0#
#257011322
1#
#257029840
0#
#257048358
1#
#257066876
0#
#257085394
1#
#257103912
0#
#257122430
1#
#257140948
0#
#257159466
1#
#257177984
0#
#257196502
1#
#257215020
0#
#257233538
1#
#257252056
0#
#257270574
1#
#257289092
0#
#257307610
1#
#257326128
0#
#257344646
1#
#257363164
0#
#257381682
1#
#257400200
0#
#257418718
1#
#257437236
0#
#257455754
1#
#257474272
0#
#257492790
1#
#257511308
0#
#257529826
1#
#257548344
0#
#257566862
1#
#257585380
0#
#257603898
1#
#257622416
0#
#257640934
1#
#257659452
0#
#257677970
1#
#257696488
0#
#257715006
1#
#257733524
0#
#257752042
1#
#257770560
0#
#257789078
1#
#257807596
0#
#257826114
1#
#257844632
0#
#257863150
1#
#257881668
0#
#257900186
1#
#257918704
0#
#257937222
1#
#257955740
0#
#257974258
1#
#257992776
0#
#258011294
1#
#258029812
0#
#258048330
1#
#258066848
0#
#258085366
1#
#258103884
0#
#258122402
1#
#258140920
0#
#258159438
1#
#258177956
0#
#258196474
1#
#258214992
0#
#258233510
1#
#258252028
0#
#258270546
1#
#258289064
0#
#258307582
1#
#258326100
0#
#258344618
1#
#258363136
0#
#258381654
1#
#258400172
0#
#258418690
1#
#258437208
0#
#258455726
1#
#258474244
0#
#258492762
1#
#258511280
0#
#258529798
1#
#258548316
0#
#258566834
1#
#258585352
0#
#258603870
1#
#258622388
0#
#258640906
1#
#258659424
0#
#258677942
1#
#258696460
0#
#258714978
1#
#258733496
0#
#258752014
1#
#258770532
0#
#258789050
1#
#258807568
0#
#258826086
1#
#258844604
0#
#258863122
1#
#258881640
0#
#258900158
1#
#258918676
0#
#258937194
1#
#258955712
0#
#258974230
1#
#258992748
0#
#259011266
1#
#259029784
0#
#259048302
1#
#259066820
0#
#259085338
1#
#259103856
0#
#259122374
1#
#259140892
0#
#259159410
1#
#259177928
0#
#259196446
1#
#259214964
0#
#259233482
1#
#259252000
0#
#259270518
1#
#259289036
0#
#259307554
1#
#259326072
0#
#259344590
1#
#259363108
0#
#259381626
1#
#259400144
0#
#259418662
1#
#259437180
0#
#259455698
1#
#259474216
0#
#259492734
1#
#259511252
0#
#259529770
1#
#259548288
0#
#259566806
1#
#259585324
0#
#259603842
1#
#259622360
0#
#259640878
1#
#259659396
0#
#259677914
1#
#259696432
0#
#259714950
1#
#259733468
0#
#259751986
1#
#259770504
0#
#259789022
1#
#259807540
0#
#259826058
1#
#259844576
0#
#259863094
1#
#259881612
0#
#259900130
1#
#259918648
0#
#259937166
1#
#259955684
0#
#259974202
1#
#259992720
0#
#260011238
1#
#260029756
0#
#260048274
1#
#260066792
0#
#260085310
1#
#260103828
0#
#260122346
1#
#260140864
0#
#260159382
1#
#260177900
0#
#260196418
1#
#260214936
0#
#260233454
1#
#260251972
0#
#260270490
1#
#260289008
0#
#260307526
1#
#260326044
0#
#260344562
1#
#260363080
0#
#260381598
1#
#260400116
0#
#260418634
1#
#260437152
0#
#260455670
1#
#260474188
0#
#260492706
1#
#260511224
0#
#260529742
1#
#260548260
0#
#260566778
1#
#260585296
0#
#260603814
1#
#260622332
0#
#260640850
1#
#260659368
0#
#260677886
1#
#260696404
0#
#260714922
1#
#260733440
0#
#260751958
1#
#260770476
0#
#260788994
1#
#260807512
0#
#260826030
1#
#260844548
0#
#260863066
1#
#260881584
0#
#260900102
1#
#260918620
0#
#260937138
1#
#260955656
0#
#260974174
1#
#260992692
0#
#261011210
1#
#261029728
0#
#261048246
1#
#261066764
0#
#261085282
1#
#261103800
0#
#261122318
1#
#261140836
0#
#261159354
1#
#261177872
0#
#261196390
1#
#261214908
0#
#261233426
1#
#261251944
0#
#261270462
1#
#261288980
0#
#261307498
1#
#261326016
0#
#261344534
1#
#261363052
0#
#261381570
1#
#261400088
0#
#261418606
1#
#261437124
0#
#261455642
1#
#261474160
0#
#261492678
1#
#261511196
0#
#261529714
1#
#261548232
0#
#261566750
1#
#261585268
0#
#261603786
1#
#261622304
0#
#261640822
1#
#261659340
0#
#261677858
1#
#261696376
0#
#261714894
1#
#261733412
0#
#261751930
1#
#261770448
0#
#261788966
1#
#261807484
0#
#261826002
1#
#261844520
0#
#261863038
1#
#261881556
0#
#261900074
1#
#261918592
0#
#261937110
1#
#261955628
0#
#261974146
1#
#261992664
0#
#262011182
1#
#262029700
0#
#262048218
1#
#262066736
0#
#262085254
1#
#262103772
0#
#262122290
1#
#262140808
0#
#262159326
1#
#262177844
0#
#262196362
1#
#262214880
0#
#262233398
1#
#262251916
0#
#262270434
1#
#262288952
0#
#262307470
1#
#262325988
0#
#262344506
1#
#262363024
0#
#262381542
1#
#262400060
0#
#262418578
1#
#262437096
0#
#262455614
1#
#262474132
0#
#262492650
1#
#262511168
0#
#262529686
1#
#262548204
0#
#262566722
1#
#262585240
0#
#262603758
1#
#262622276
0#
#262640794
1#
#262659312
0#
#262677830
1#
#262696348
0#
#262714866
1#
#262733384
0#
#262751902
1#
#262770420
0#
#262788938
1#
#262807456
0#
#262825974
1#
#262844492
0#
#262863010
1#
#262881528
0#
#262900046
1#
#262918564
0#
#262937082
1#
#262955600
0#
#262974118
1#
#262992636
0#
#263011154
1#
#263029672
0#
#263048190
1#
#263066708
0#
#263085226
1#
#263103744
0#
#263122262
1#
#263140780
0#
#263159298
1#
#263177816
0#
#263196334
1#
#263214852
0#
#263233370
1#
#263251888
0#
#263270406
1#
#263288924
0#
#263307442
1#
#263325960
0#
#263344478
1#
#263362996
0#
#263381514
1#
#263400032
0#
#263418550
1#
#263437068
0#
#263455586
1#
#263474104
0#
#263492622
1#
#263511140
0#
#263529658
1#
#263548176
0#
#263566694
1#
#263585212
0#
#263603730
1#
#263622248
0#
#263640766
1#
#263659284
0#
#263677802
1#
#263696320
0#
#263714838
1#
#263733356
0#
#263751874
1#
#263770392
0#
#263788910
1#
#263807428
0#
#263825946
1#
#263844464
0#
#263862982
1#
#263881500
0#
#263900018
1#
#263918536
0#
#263937054
1#
#263955572
0#
#263974090
1#
#263992608
0#
#264011126
1#
#264029644
0#
#264048162
1#
#264066680
0#
#264085198
1#
#264103716
0#
#264122234
1#
#264140752
0#
#264159270
1#
#264177788
0#
#264196306
1#
#264214824
0#
#264233342
1#
#264251860
0#
#264270378
1#
#264288896
0#
#264307414
1#
#264325932
0#
#264344450
1#
#264362968
0#
#264381486
1#
#264400004
0#
#264418522
1#
#264437040
0#
#264455558
1#
#264474076
0#
#264492594
1#
#264511112
0#
#264529630
1#
#264548148
0#
#264566666
1#
#264585184
0#
#264603702
1#
#264622220
0#
#264640738
1#
#264659256
0#
#264677774
1#
#264696292
0#
#264714810
1#
#264733328
0#
#264751846
1#
#264770364
0#
#264788882
1#
#264807400
0#
#264825918
1#
#264844436
0#
#264862954
1#
#264881472
0#
#264899990
1#
#264918508
0#
#264937026
1#
#264955544
0#
#264974062
1#
#264992580
0#
#265011098
1#
#265029616
0#
#265048134
1#
#265066652
0#
#265085170
1#
#265103688
0#
#265122206
1#
#265140724
0#
#265159242
1#
#265177760
0#
#265196278
1#
#265214796
0#
#265233314
1#
#265251832
0#
#265270350
1#
#265288868
0#
#265307386
1#
#265325904
0#
#265344422
1#
#265362940
0#
#265381458
1#
#265399976
0#
#265418494
1#
#265437012
0#
#265455530
1#
#265474048
0#
#265492566
1#
#265511084
0#
#265529602
1#
#265548120
0#
#265566638
1#
#265585156
0#
#265603674
1#
#265622192
0#
#265640710
1#
#265659228
0#
#265677746
1#
#265696264
0#
#265714782
1#
#265733300
0#
#265751818
1#
#265770336
0#
#265788854
1#
#265807372
0#
#265825890
1#
#265844408
0#
#265862926
1#
#265881444
0#
#265899962
1#
#265918480
0#
#265936998
1#
#265955516
0#
#265974034
1#
#265992552
0#
#266011070
1#
#266029588
0#
#266048106
1#
#266066624
0#
#266085142
1#
#266103660
0#
#266122178
1#
#266140696
0#
#266159214
1#
#266177732
0#
#266196250
1#
#266214768
0#
#266233286
1#
#266251804
0#
#266270322
1#
#266288840
0#
#266307358
1#
#266325876
0#
#266344394
1#
#266362912
0#
#266381430
1#
#266399948
0#
#266418466
1#
#266436984
0#
#266455502
1#
#266474020
0#
#266492538
1#
#266511056
0#
#266529574
1#
#266548092
0#
#266566610
1#
#266585128
0#
#266603646
1#
#266622164
0#
#266640682
1#
#266659200
0#
#266677718
1#
#266696236
0#
#266714754
1#
#266733272
0#
#266751790
1#
#266770308
0#
#266788826
1#
#266807344
0#
#266825862
1#
#266844380
0#
#266862898
1#
#266881416
0#
#266899934
1#
#266918452
0#
#266936970
1#
#266955488
0#
#266974006
1#
#266992524
0#
#267011042
1#
#267029560
0#
#267048078
1#
#267066596
0#
#267085114
1#
#267103632
0#
#267122150
1#
#267140668
0#
#267159186
1#
#267177704
0#
#267196222
1#
#267214740
0#
#267233258
1#
#267251776
0#
#267270294
1#
#267288812
0#
#267307330
1#
#267325848
0#
#267344366
1#
#267362884
0#
#267381402
1#
#267399920
0#
#267418438
1#
#267436956
0#
#267455474
1#
#267473992
0#
#267492510
1#
#267511028
0#
#267529546
1#
#267548064
0#
#267566582
1#
#267585100
0#
#267603618
1#
#267622136
0#
#267640654
1#
#267659172
0#
#267677690
1#
#267696208
0#
#267714726
1#
#267733244
0#
#267751762
1#
#267770280
0#
#267788798
1#
#267807316
0#
#267825834
1#
#267844352
0#
#267862870
1#
#267881388
0#
#267899906
1#
#267918424
0#
#267936942
1#
#267955460
0#
#267973978
1#
#267992496
0#
#268011014
1#
#268029532
0#
#268048050
1#
#268066568
0#
#268085086
1#
#268103604
0#
#268122122
1#
#268140640
0#
#268159158
1#
#268177676
0#
#268196194
1#
#268214712
0#
#268233230
1#
#268251748
0#
#268270266
1#
#268288784
0#
#268307302
1#
#268325820
0#
#268344338
1#
#268362856
0#
#268381374
1#
#268399892
0#
#268418410
1#
#268436928
0#
#268455446
1#
#268473964
0#
#268492482
1#
#268511000
0#
#268529518
1#
#268548036
0#
#268566554
1#
#268585072
0#
#268603590
1#
#268622108
0#
#268640626
1#
#268659144
0#
#268677662
1#
#268696180
0#
#268714698
1#
#268733216
0#
#268751734
1#
#268770252
0#
#268788770
1#
#268807288
0#
#268825806
1#
#268844324
0#
#268862842
1#
#268881360
0#
#268899878
1#
#268918396
0#
#268936914
1#
#268955432
0#
#268973950
1#
#268992468
0#
#269010986
1#
#269029504
0#
#269048022
1#
#269066540
0#
#269085058
1#
#269103576
0#
#269122094
1#
#269140612
0#
#269159130
1#
#269177648
0#
#269196166
1#
#269214684
0#
#269233202
1#
#269251720
0#
#269270238
1#
#269288756
0#
#269307274
1#
#269325792
0#
#269344310
1#
#269362828
0#
#269381346
1#
#269399864
0#
#269418382
1#
#269436900
0#
#269455418
1#
#269473936
0#
#269492454
1#
#269510972
0#
#269529490
1#
#269548008
0#
#269566526
1#
#269585044
0#
#269603562
1#
#269622080
0#
#269640598
1#
#269659116
0#
#269677634
1#
#269696152
0#
#269714670
1#
#269733188
0#
#269751706
1#
#269770224
0#
#269788742
1#
#269807260
0#
#269825778
1#
#269844296
0#
#269862814
1#
#269881332
0#
#269899850
1#
#269918368
0#
#269936886
1#
#269955404
0#
#269973922
1#
#269992440
0#
#270010958
1#
#270029476
0#
#270047994
1#
#270066512
0#
#270085030
1#
#270103548
0#
#270122066
1#
#270140584
0#
#270159102
1#
#270177620
0#
#270196138
1#
#270214656
0#
#270233174
1#
#270251692
0#
#270270210
1#
#270288728
0#
#270307246
1#
#270325764
0#
#270344282
1#
#270362800
0#
#270381318
1#
#270399836
0#
#270418354
1#
#270436872
0#
#270455390
1#
#270473908
0#
#270492426
1#
#270510944
0#
#270529462
1#
#270547980
0#
#270566498
1#
#270585016
0#
#270603534
1#
#270622052
0#
#270640570
1#
#270659088
0#
#270677606
1#
#270696124
0#
#270714642
1#
#270733160
0#
#270751678
1#
#270770196
0#
#270788714
1#
#270807232
0#
#270825750
1#
#270844268
0#
#270862786
1#
#270881304
0#
#270899822
1#
#270918340
0#
#270936858
1#
#270955376
0#
#270973894
1#
#270992412
0#
#271010930
1#
#271029448
0#
#271047966
1#
#271066484
0#
#271085002
1#
#271103520
0#
#271122038
1#
#271140556
0#
#271159074
1#
#271177592
0#
#271196110
1#
#271214628
0#
#271233146
1#
#271251664
0#
#271270182
1#
#271288700
0#
#271307218
1#
#271325736
0#
#271344254
1#
#271362772
0#
#271381290
1#
#271399808
0#
#271418326
1#
#271436844
0#
#271455362
1#
#271473880
0#
#271492398
1#
#271510916
0#
#271529434
1#
#271547952
0#
#271566470
1#
#271584988
0#
#271603506
1#
#271622024
0#
#271640542
1#
#271659060
0#
#271677578
1#
#271696096
0#
#271714614
1#
#271733132
0#
#271751650
1#
#271770168
0#
#271788686
1#
#271807204
0#
#271825722
1#
#271844240
0#
#271862758
1#
#271881276
0#
#271899794
1#
#271918312
0#
#271936830
1#
#271955348
0#
#271973866
1#
#271992384
0#
#272010902
1#
#272029420
0#
#272047938
1#
#272066456
0#
#272084974
1#
#272103492
0#
#272122010
1#
#272140528
0#
#272159046
1#
#272177564
0#
#272196082
1#
#272214600
0#
#272233118
1#
#272251636
0#
#272270154
1#
#272288672
0#
#272307190
1#
#272325708
0#
#272344226
1#
#272362744
0#
#272381262
1#
#272399780
0#
#272418298
1#
#272436816
0#
#272455334
1#
#272473852
0#
#272492370
1#
#272510888
0#
#272529406
1#
#272547924
0#
#272566442
1#
#272584960
0#
#272603478
1#
#272621996
0#
#272640514
1#
#272659032
0#
#272677550
1#
#272696068
0#
#272714586
1#
#272733104
0#
#272751622
1#
#272770140
0#
#272788658
1#
#272807176
0#
#272825694
1#
#272844212
0#
#272862730
1#
#272881248
0#
#272899766
1#
#272918284
0#
#272936802
1#
#272955320
0#
#272973838
1#
#272992356
0#
#273010874
1#
#273029392
0#
#273047910
1#
#273066428
0#
#273084946
1#
#273103464
0#
#273121982
1#
#273140500
0#
#273159018
1#
#273177536
0#
#273196054
1#
#273214572
0#
#273233090
1#
#273251608
0#
#273270126
1#
#273288644
0#
#273307162
1#
#273325680
0#
#273344198
1#
#273362716
0#
#273381234
1#
#273399752
0#
#273418270
1#
#273436788
0#
#273455306
1#
#273473824
0#
#273492342
1#
#273510860
0#
#273529378
1#
#273547896
0#
#273566414
1#
#273584932
0#
#273603450
1#
#273621968
0#
#273640486
1#
#273659004
0#
#273677522
1#
#273696040
0#
#273714558
1#
#273733076
0#
#273751594
1#
#273770112
0#
#273788630
1#
#273807148
0#
#273825666
1#
#273844184
0#
#273862702
1#
#273881220
0#
#273899738
1#
#273918256
0#
#273936774
1#
#273955292
0#
#273973810
1#
#273992328
0#
#274010846
1#
#274029364
0#
#274047882
1#
#274066400
0#
#274084918
1#
#274103436
0#
#274121954
1#
#274140472
0#
#274158990
1#
#274177508
0#
#274196026
1#
#274214544
0#
#274233062
1#
#274251580
0#
#274270098
1#
#274288616
0#
#274307134
1#
#274325652
0#
#274344170
1#
#274362688
0#
#274381206
1#
#274399724
0#
#274418242
1#
#274436760
0#
#274455278
1#
#274473796
0#
#274492314
1#
#274510832
0#
#274529350
1#
#274547868
0#
#274566386
1#
#274584904
0#
#274603422
1#
#274621940
0#
#274640458
1#
#274658976
0#
#274677494
1#
#274696012
0#
#274714530
1#
#274733048
0#
#274751566
1#
#274770084
0#
#274788602
1#
#274807120
0#
#274825638
1#
#274844156
0#
#274862674
1#
#274881192
0#
#274899710
1#
#274918228
0#
#274936746
1#
#274955264
0#
#274973782
1#
#274992300
0#
#275010818
1#
#275029336
0#
#275047854
1#
#275066372
0#
#275084890
1#
#275103408
0#
#275121926
1#
#275140444
0#
#275158962
1#
#275177480
0#
#275195998
1#
#275214516
0#
#275233034
1#
#275251552
0#
#275270070
1#
#275288588
0#
#275307106
1#
#275325624
0#
#275344142
1#
#275362660
0#
#275381178
1#
#275399696
0#
#275418214
1#
#275436732
0#
#275455250
1#
#275473768
0#
#275492286
1#
#275510804
0#
#275529322
1#
#275547840
0#
#275566358
1#
#275584876
0#
#275603394
1#
#275621912
0#
#275640430
1#
#275658948
0#
#275677466
1#
#275695984
0#
#275714502
1#
#275733020
0#
#275751538
1#
#275770056
0#
#275788574
1#
#275807092
0#
#275825610
1#
#275844128
0#
#275862646
1#
#275881164
0#
#275899682
1#
#275918200
0#
#275936718
1#
#275955236
0#
#275973754
1#
#275992272
0#
#276010790
1#
#276029308
0#
#276047826
1#
#276066344
0#
#276084862
1#
#276103380
0#
#276121898
1#
#276140416
0#
#276158934
1#
#276177452
0#
#276195970
1#
#276214488
0#
#276233006
1#
#276251524
0#
#276270042
1#
#276288560
0#
#276307078
1#
#276325596
0#
#276344114
1#
#276362632
0#
#276381150
1#
#276399668
0#
#276418186
1#
#276436704
0#
#276455222
1#
#276473740
0#
#276492258
1#
#276510776
0#
#276529294
1#
#276547812
0#
#276566330
1#
#276584848
0#
#276603366
1#
#276621884
0#
#276640402
1#
#276658920
0#
#276677438
1#
#276695956
0#
#276714474
1#
#276732992
0#
#276751510
1#
#276770028
0#
#276788546
1#
#276807064
0#
#276825582
1#
#276844100
0#
#276862618
1#
#276881136
0#
#276899654
1#
#276918172
0#
#276936690
1#
#276955208
0#
#276973726
1#
#276992244
0#
#277010762
1#
#277029280
0#
#277047798
1#
#277066316
0#
#277084834
1#
#277103352
0#
#277121870
1#
#277140388
0#
#277158906
1#
#277177424
0#
#277195942
1#
#277214460
0#
#277232978
1#
#277251496
0#
#277270014
1#
#277288532
0#
#277307050
1#
#277325568
0#
#277344086
1#
#277362604
0#
#277381122
1#
#277399640
0#
#277418158
1#
#277436676
0#
#277455194
1#
#277473712
0#
#277492230
1#
#277510748
0#
#277529266
1#
#277547784
0#
#277566302
1#
#277584820
0#
#277603338
1#
#277621856
0#
#277640374
1#
#277658892
0#
#277677410
1#
#277695928
0#
#277714446
1#
#277732964
0#
#277751482
1#
#277770000
0#
#277788518
1#
#277807036
0#
#277825554
1#
#277844072
0#
#277862590
1#
#277881108
0#
#277899626
1#
#277918144
0#
#277936662
1#
#277955180
0#
#277973698
1#
#277992216
0#
#278010734
1#
#278029252
0#
#278047770
1#
#278066288
0#
#278084806
1#
#278103324
0#
#278121842
1#
#278140360
0#
#278158878
1#
#278177396
0#
#278195914
1#
#278214432
0#
#278232950
1#
#278251468
0#
#278269986
1#
#278288504
0#
#278307022
1#
#278325540
0#
#278344058
1#
#278362576
0#
#278381094
1#
#278399612
0#
#278418130
1#
#278436648
0#
#278455166
1#
#278473684
0#
#278492202
1#
#278510720
0#
#278529238
1#
#278547756
0#
#278566274
1#
#278584792
0#
#278603310
1#
#278621828
0#
#278640346
1#
#278658864
0#
#278677382
1#
#278695900
0#
#278714418
1#
#278732936
0#
#278751454
1#
#278769972
0#
#278788490
1#
#278807008
0#
#278825526
1#
#278844044
0#
#278862562
1#
#278881080
0#
#278899598
1#
#278918116
0#
#278936634
1#
#278955152
0#
#278973670
1#
#278992188
0#
#279010706
1#
#279029224
0#
#279047742
1#
#279066260
0#
#279084778
1#
#279103296
0#
#279121814
1#
#279140332
0#
#279158850
1#
#279177368
0#
#279195886
1#
#279214404
0#
#279232922
1#
#279251440
0#
#279269958
1#
#279288476
0#
#279306994
1#
#279325512
0#
#279344030
1#
#279362548
0#
#279381066
1#
#279399584
0#
#279418102
1#
#279436620
0#
#279455138
1#
#279473656
0#
#279492174
1#
#279510692
0#
#279529210
1#
#279547728
0#
#279566246
1#
#279584764
0#
#279603282
1#
#279621800
0#
#279640318
1#
#279658836
0#
#279677354
1#
#279695872
0#
#279714390
1#
#279732908
0#
#279751426
1#
#279769944
0#
#279788462
1#
#279806980
0#
#279825498
1#
#279844016
0#
#279862534
1#
#279881052
0#
#279899570
1#
#279918088
0#
#279936606
1#
#279955124
0#
#279973642
1#
#279992160
0#
#280010678
1#
#280029196
0#
#280047714
1#
#280066232
0#
#280084750
1#
#280103268
0#
#280121786
1#
#280140304
0#
#280158822
1#
#280177340
0#
#280195858
1#
#280214376
0#
#280232894
1#
#280251412
0#
#280269930
1#
#280288448
0#
#280306966
1#
#280325484
0#
#280344002
1#
#280362520
0#
#280381038
1#
#280399556
0#
#280418074
1#
#280436592
0#
#280455110
1#
#280473628
0#
#280492146
1#
#280510664
0#
#280529182
1#
#280547700
0#
#280566218
1#
#280584736
0#
#280603254
1#
#280621772
0#
#280640290
1#
#280658808
0#
#280677326
1#
#280695844
0#
#280714362
1#
#280732880
0#
#280751398
1#
#280769916
0#
#280788434
1#
#280806952
0#
#280825470
1#
#280843988
0#
#280862506
1#
#280881024
0#
#280899542
1#
#280918060
0#
#280936578
1#
#280955096
0#
#280973614
1#
#280992132
0#
#281010650
1#
#281029168
0#
#281047686
1#
#281066204
0#
#281084722
1#
#281103240
0#
#281121758
1#
#281140276
0#
#281158794
1#
#281177312
0#
#281195830
1#
#281214348
0#
#281232866
1#
#281251384
0#
#281269902
1#
#281288420
0#
#281306938
1#
#281325456
0#
#281343974
1#
#281362492
0#
#281381010
1#
#281399528
0#
#281418046
1#
#281436564
0#
#281455082
1#
#281473600
0#
#281492118
1#
#281510636
0#
#281529154
1#
#281547672
0#
#281566190
1#
#281584708
0#
#281603226
1#
#281621744
0#
#281640262
1#
#281658780
0#
#281677298
1#
#281695816
0#
#281714334
1#
#281732852
0#
#281751370
1#
#281769888
0#
#281788406
1#
#281806924
0#
#281825442
1#
#281843960
0#
#281862478
1#
#281880996
0#
#281899514
1#
#281918032
0#
#281936550
1#
#281955068
0#
#281973586
1#
#281992104
0#
#282010622
1#
#282029140
0#
#282047658
1#
#282066176
0#
#282084694
1#
#282103212
0#
#282121730
1#
#282140248
0#
#282158766
1#
#282177284
0#
#282195802
1#
#282214320
0#
#282232838
1#
#282251356
0#
#282269874
1#
#282288392
0#
#282306910
1#
#282325428
0#
#282343946
1#
#282362464
0#
#282380982
1#
#282399500
0#
#282418018
1#
#282436536
0#
#282455054
1#
#282473572
0#
#282492090
1#
#282510608
0#
#282529126
1#
#282547644
0#
#282566162
1#
#282584680
0#
#282603198
1#
#282621716
0#
#282640234
1#
#282658752
0#
#282677270
1#
#282695788
0#
#282714306
1#
#282732824
0#
#282751342
1#
#282769860
0#
#282788378
1#
#282806896
0#
#282825414
1#
#282843932
0#
#282862450
1#
#282880968
0#
#282899486
1#
#282918004
0#
#282936522
1#
#282955040
0#
#282973558
1#
#282992076
0#
#283010594
1#
#283029112
0#
#283047630
1#
#283066148
0#
#283084666
1#
#283103184
0#
#283121702
1#
#283140220
0#
#283158738
1#
#283177256
0#
#283195774
1#
#283214292
0#
#283232810
1#
#283251328
0#
#283269846
1#
#283288364
0#
#283306882
1#
#283325400
0#
#283343918
1#
#283362436
0#
#283380954
1#
#283399472
0#
#283417990
1#
#283436508
0#
#283455026
1#
#283473544
0#
#283492062
1#
#283510580
0#
#283529098
1#
#283547616
0#
#283566134
1#
#283584652
0#
#283603170
1#
#283621688
0#
#283640206
1#
#283658724
0#
#283677242
1#
#283695760
0#
#283714278
1#
#283732796
0#
#283751314
1#
#283769832
0#
#283788350
1#
#283806868
0#
#283825386
1#
#283843904
0#
#283862422
1#
#283880940
0#
#283899458
1#
#283917976
0#
#283936494
1#
#283955012
0#
#283973530
1#
#283992048
0#
#284010566
1#
#284029084
0#
#284047602
1#
#284066120
0#
#284084638
1#
#284103156
0#
#284121674
1#
#284140192
0#
#284158710
1#
#284177228
0#
#284195746
1#
#284214264
0#
#284232782
1#
#284251300
0#
#284269818
1#
#284288336
0#
#284306854
1#
#284325372
0#
#284343890
1#
#284362408
0#
#284380926
1#
#284399444
0#
#284417962
1#
#284436480
0#
#284454998
1#
#284473516
0#
#284492034
1#
#284510552
0#
#284529070
1#
#284547588
0#
#284566106
1#
#284584624
0#
#284603142
1#
#284621660
0#
#284640178
1#
#284658696
0#
#284677214
1#
#284695732
0#
#284714250
1#
#284732768
0#
#284751286
1#
#284769804
0#
#284788322
1#
#284806840
0#
#284825358
1#
#284843876
0#
#284862394
1#
#284880912
0#
#284899430
1#
#284917948
0#
#284936466
1#
#284954984
0#
#284973502
1#
#284992020
0#
#285010538
1#
#285029056
0#
#285047574
1#
#285066092
0#
#285084610
1#
#285103128
0#
#285121646
1#
#285140164
0#
#285158682
1#
#285177200
0#
#285195718
1#
#285214236
0#
#285232754
1#
#285251272
0#
#285269790
1#
#285288308
0#
#285306826
1#
#285325344
0#
#285343862
1#
#285362380
0#
#285380898
1#
#285399416
0#
#285417934
1#
#285436452
0#
#285454970
1#
#285473488
0#
#285492006
1#
#285510524
0#
#285529042
1#
#285547560
0#
#285566078
1#
#285584596
0#
#285603114
1#
#285621632
0#
#285640150
1#
#285658668
0#
#285677186
1#
#285695704
0#
#285714222
1#
#285732740
0#
#285751258
1#
#285769776
0#
#285788294
1#
#285806812
0#
#285825330
1#
#285843848
0#
#285862366
1#
#285880884
0#
#285899402
1#
#285917920
0#
#285936438
1#
#285954956
0#
#285973474
1#
#285991992
0#
#286010510
1#
#286029028
0#
#286047546
1#
#286066064
0#
#286084582
1#
#286103100
0#
#286121618
1#
#286140136
0#
#286158654
1#
#286177172
0#
#286195690
1#
#286214208
0#
#286232726
1#
#286251244
0#
#286269762
1#
#286288280
0#
#286306798
1#
#286325316
0#
#286343834
1#
#286362352
0#
#286380870
1#
#286399388
0#
#286417906
1#
#286436424
0#
#286454942
1#
#286473460
0#
#286491978
1#
#286510496
0#
#286529014
1#
#286547532
0#
#286566050
1#
#286584568
0#
#286603086
1#
#286621604
0#
#286640122
1#
#286658640
0#
#286677158
1#
#286695676
0#
#286714194
1#
#286732712
0#
#286751230
1#
#286769748
0#
#286788266
1#
#286806784
0#
#286825302
1#
#286843820
0#
#286862338
1#
#286880856
0#
#286899374
1#
#286917892
0#
#286936410
1#
#286954928
0#
#286973446
1#
#286991964
0#
#287010482
1#
#287029000
0#
#287047518
1#
#287066036
0#
#287084554
1#
#287103072
0#
#287121590
1#
#287140108
0#
#287158626
1#
#287177144
0#
#287195662
1#
#287214180
0#
#287232698
1#
#287251216
0#
#287269734
1#
#287288252
0#
#287306770
1#
#287325288
0#
#287343806
1#
#287362324
0#
#287380842
1#
#287399360
0#
#287417878
1#
#287436396
0#
#287454914
1#
#287473432
0#
#287491950
1#
#287510468
0#
#287528986
1#
#287547504
0#
#287566022
1#
#287584540
0#
#287603058
1#
#287621576
0#
#287640094
1#
#287658612
0#
#287677130
1#
#287695648
0#
#287714166
1#
#287732684
0#
#287751202
1#
#287769720
0#
#287788238
1#
#287806756
0#
#287825274
1#
#287843792
0#
#287862310
1#
#287880828
0#
#287899346
1#
#287917864
0#
#287936382
1#
#287954900
0#
#287973418
1#
#287991936
0#
#288010454
1#
#288028972
0#
#288047490
1#
#288066008
0#
#288084526
1#
#288103044
0#
#288121562
1#
#288140080
0#
#288158598
1#
#288177116
0#
#288195634
1#
#288214152
0#
#288232670
1#
#288251188
0#
#288269706
1#
#288288224
0#
#288306742
1#
#288325260
0#
#288343778
1#
#288362296
0#
#288380814
1#
#288399332
0#
#288417850
1#
#288436368
0#
#288454886
1#
#288473404
0#
#288491922
1#
#288510440
0#
#288528958
1#
#288547476
0#
#288565994
1#
#288584512
0#
#288603030
1#
#288621548
0#
#288640066
1#
#288658584
0#
#288677102
1#
#288695620
0#
#288714138
1#
#288732656
0#
#288751174
1#
#288769692
0#
#288788210
1#
#288806728
0#
#288825246
1#
#288843764
0#
#288862282
1#
#288880800
0#
#288899318
1#
#288917836
0#
#288936354
1#
#288954872
0#
#288973390
1#
#288991908
0#
#289010426
1#
#289028944
0#
#289047462
1#
#289065980
0#
#289084498
1#
#289103016
0#
#289121534
1#
#289140052
0#
#289158570
1#
#289177088
0#
#289195606
1#
#289214124
0#
#289232642
1#
#289251160
0#
#289269678
1#
#289288196
0#
#289306714
1#
#289325232
0#
#289343750
1#
#289362268
0#
#289380786
1#
#289399304
0#
#289417822
1#
#289436340
0#
#289454858
1#
#289473376
0#
#289491894
1#
#289510412
0#
#289528930
1#
#289547448
0#
#289565966
1#
#289584484
0#
#289603002
1#
#289621520
0#
#289640038
1#
#289658556
0#
#289677074
1#
#289695592
0#
#289714110
1#
#289732628
0#
#289751146
1#
#289769664
0#
#289788182
1#
#289806700
0#
#289825218
1#
#289843736
0#
#289862254
1#
#289880772
0#
#289899290
1#
#289917808
0#
#289936326
1#
#289954844
0#
#289973362
1#
#289991880
0#
#290010398
1#
#290028916
0#
#290047434
1#
#290065952
0#
#290084470
1#
#290102988
0#
#290121506
1#
#290140024
0#
#290158542
1#
#290177060
0#
#290195578
1#
#290214096
0#
#290232614
1#
#290251132
0#
#290269650
1#
#290288168
0#
#290306686
1#
#290325204
0#
#290343722
1#
#290362240
0#
#290380758
1#
#290399276
0#
#290417794
1#
#290436312
0#
#290454830
1#
#290473348
0#
#290491866
1#
#290510384
0#
#290528902
1#
#290547420
0#
#290565938
1#
#290584456
0#
#290602974
1#
#290621492
0#
#290640010
1#
#290658528
0#
#290677046
1#
#290695564
0#
#290714082
1#
#290732600
0#
#290751118
1#
#290769636
0#
#290788154
1#
#290806672
0#
#290825190
1#
#290843708
0#
#290862226
1#
#290880744
0#
#290899262
1#
#290917780
0#
#290936298
1#
#290954816
0#
#290973334
1#
#290991852
0#
#291010370
1#
#291028888
0#
#291047406
1#
#291065924
0#
#291084442
1#
#291102960
0#
#291121478
1#
#291139996
0#
#291158514
1#
#291177032
0#
#291195550
1#
#291214068
0#
#291232586
1#
#291251104
0#
#291269622
1#
#291288140
0#
#291306658
1#
#291325176
0#
#291343694
1#
#291362212
0#
#291380730
1#
#291399248
0#
#291417766
1#
#291436284
0#
#291454802
1#
#291473320
0#
#291491838
1#
#291510356
0#
#291528874
1#
#291547392
0#
#291565910
1#
#291584428
0#
#291602946
1#
#291621464
0#
#291639982
1#
#291658500
0#
#291677018
1#
#291695536
0#
#291714054
1#
#291732572
0#
#291751090
1#
#291769608
0#
#291788126
1#
#291806644
0#
#291825162
1#
#291843680
0#
#291862198
1#
#291880716
0#
#291899234
1#
#291917752
0#
#291936270
1#
#291954788
0#
#291973306
1#
#291991824
0#
#292010342
1#
#292028860
0#
#292047378
1#
#292065896
0#
#292084414
1#
#292102932
0#
#292121450
1#
#292139968
0#
#292158486
1#
#292177004
0#
#292195522
1#
#292214040
0#
#292232558
1#
#292251076
0#
#292269594
1#
#292288112
0#
#292306630
1#
#292325148
0#
#292343666
1#
#292362184
0#
#292380702
1#
#292399220
0#
#292417738
1#
#292436256
0#
#292454774
1#
#292473292
0#
#292491810
1#
#292510328
0#
#292528846
1#
#292547364
0#
#292565882
1#
#292584400
0#
#292602918
1#
#292621436
0#
#292639954
1#
#292658472
0#
#292676990
1#
#292695508
0#
#292714026
1#
#292732544
0#
#292751062
1#
#292769580
0#
#292788098
1#
#292806616
0#
#292825134
1#
#292843652
0#
#292862170
1#
#292880688
0#
#292899206
1#
#292917724
0#
#292936242
1#
#292954760
0#
#292973278
1#
#292991796
0#
#293010314
1#
#293028832
0#
#293047350
1#
#293065868
0#
#293084386
1#
#293102904
0#
#293121422
1#
#293139940
0#
#293158458
1#
#293176976
0#
#293195494
1#
#293214012
0#
#293232530
1#
#293251048
0#
#293269566
1#
#293288084
0#
#293306602
1#
#293325120
0#
#293343638
1#
#293362156
0#
#293380674
1#
#293399192
0#
#293417710
1#
#293436228
0#
#293454746
1#
#293473264
0#
#293491782
1#
#293510300
0#
#293528818
1#
#293547336
0#
#293565854
1#
#293584372
0#
#293602890
1#
#293621408
0#
#293639926
1#
#293658444
0#
#293676962
1#
#293695480
0#
#293713998
1#
#293732516
0#
#293751034
1#
#293769552
0#
#293788070
1#
#293806588
0#
#293825106
1#
#293843624
0#
#293862142
1#
#293880660
0#
#293899178
1#
#293917696
0#
#293936214
1#
#293954732
0#
#293973250
1#
#293991768
0#
#294010286
1#
#294028804
0#
#294047322
1#
#294065840
0#
#294084358
1#
#294102876
0#
#294121394
1#
#294139912
0#
#294158430
1#
#294176948
0#
#294195466
1#
#294213984
0#
#294232502
1#
#294251020
0#
#294269538
1#
#294288056
0#
#294306574
1#
#294325092
0#
#294343610
1#
#294362128
0#
#294380646
1#
#294399164
0#
#294417682
1#
#294436200
0#
#294454718
1#
#294473236
0#
#294491754
1#
#294510272
0#
#294528790
1#
#294547308
0#
#294565826
1#
#294584344
0#
#294602862
1#
#294621380
0#
#294639898
1#
#294658416
0#
#294676934
1#
#294695452
0#
#294713970
1#
#294732488
0#
#294751006
1#
#294769524
0#
#294788042
1#
#294806560
0#
#294825078
1#
#294843596
0#
#294862114
1#
#294880632
0#
#294899150
1#
#294917668
0#
#294936186
1#
#294954704
0#
#294973222
1#
#294991740
0#
#295010258
1#
#295028776
0#
#295047294
1#
#295065812
0#
#295084330
1#
#295102848
0#
#295121366
1#
#295139884
0#
#295158402
1#
#295176920
0#
#295195438
1#
#295213956
0#
#295232474
1#
#295250992
0#
#295269510
1#
#295288028
0#
#295306546
1#
#295325064
0#
#295343582
1#
#295362100
0#
#295380618
1#
#295399136
0#
#295417654
1#
#295436172
0#
#295454690
1#
#295473208
0#
#295491726
1#
#295510244
0#
#295528762
1#
#295547280
0#
#295565798
1#
#295584316
0#
#295602834
1#
#295621352
0#
#295639870
1#
#295658388
0#
#295676906
1#
#295695424
0#
#295713942
1#
#295732460
0#
#295750978
1#
#295769496
0#
#295788014
1#
#295806532
0#
#295825050
1#
#295843568
0#
#295862086
1#
#295880604
0#
#295899122
1#
#295917640
0#
#295936158
1#
#295954676
0#
#295973194
1#
#295991712
0#
#296010230
1#
#296028748
0#
#296047266
1#
#296065784
0#
#296084302
1#
#296102820
0#
#296121338
1#
#296139856
0#
#296158374
1#
#296176892
0#
#296195410
1#
#296213928
0#
#296232446
1#
#296250964
0#
#296269482
1#
#296288000
0#
#296306518
1#
#296325036
0#
#296343554
1#
#296362072
0#
#296380590
1#
#296399108
0#
#296417626
1#
#296436144
0#
#296454662
1#
#296473180
0#
#296491698
1#
#296510216
0#
#296528734
1#
#296547252
0#
#296565770
1#
#296584288
0#
#296602806
1#
#296621324
0#
#296639842
1#
#296658360
0#
#296676878
1#
#296695396
0#
#296713914
1#
#296732432
0#
#296750950
1#
#296769468
0#
#296787986
1#
#296806504
0#
#296825022
1#
#296843540
0#
#296862058
1#
#296880576
0#
#296899094
1#
#296917612
0#
#296936130
1#
#296954648
0#
#296973166
1#
#296991684
0#
#297010202
1#
#297028720
0#
#297047238
1#
#297065756
0#
#297084274
1#
#297102792
0#
#297121310
1#
#297139828
0#
#297158346
1#
#297176864
0#
#297195382
1#
#297213900
0#
#297232418
1#
#297250936
0#
#297269454
1#
#297287972
0#
#297306490
1#
#297325008
0#
#297343526
1#
#297362044
0#
#297380562
1#
#297399080
0#
#297417598
1#
#297436116
0#
#297454634
1#
#297473152
0#
#297491670
1#
#297510188
0#
#297528706
1#
#297547224
0#
#297565742
1#
#297584260
0#
#297602778
1#
#297621296
0#
#297639814
1#
#297658332
0#
#297676850
1#
#297695368
0#
#297713886
1#
#297732404
0#
#297750922
1#
#297769440
0#
#297787958
1#
#297806476
0#
#297824994
1#
#297843512
0#
#297862030
1#
#297880548
0#
#297899066
1#
#297917584
0#
#297936102
1#
#297954620
0#
#297973138
1#
#297991656
0#
#298010174
1#
#298028692
0#
#298047210
1#
#298065728
0#
#298084246
1#
#298102764
0#
#298121282
1#
#298139800
0#
#298158318
1#
#298176836
0#
#298195354
1#
#298213872
0#
#298232390
1#
#298250908
0#
#298269426
1#
#298287944
0#
#298306462
1#
#298324980
0#
#298343498
1#
#298362016
0#
#298380534
1#
#298399052
0#
#298417570
1#
#298436088
0#
#298454606
1#
#298473124
0#
#298491642
1#
#298510160
0#
#298528678
1#
#298547196
0#
#298565714
1#
#298584232
0#
#298602750
1#
#298621268
0#
#298639786
1#
#298658304
0#
#298676822
1#
#298695340
0#
#298713858
1#
#298732376
0#
#298750894
1#
#298769412
0#
#298787930
1#
#298806448
0#
#298824966
1#
#298843484
0#
#298862002
1#
#298880520
0#
#298899038
1#
#298917556
0#
#298936074
1#
#298954592
0#
#298973110
1#
#298991628
0#
#299010146
1#
#299028664
0#
#299047182
1#
#299065700
0#
#299084218
1#
#299102736
0#
#299121254
1#
#299139772
0#
#299158290
1#
#299176808
0#
#299195326
1#
#299213844
0#
#299232362
1#
#299250880
0#
#299269398
1#
#299287916
0#
#299306434
1#
#299324952
0#
#299343470
1#
#299361988
0#
#299380506
1#
#299399024
0#
#299417542
1#
#299436060
0#
#299454578
1#
#299473096
0#
#299491614
1#
#299510132
0#
#299528650
1#
#299547168
0#
#299565686
1#
#299584204
0#
#299602722
1#
#299621240
0#
#299639758
1#
#299658276
0#
#299676794
1#
#299695312
0#
#299713830
1#
#299732348
0#
#299750866
1#
#299769384
0#
#299787902
1#
#299806420
0#
#299824938
1#
#299843456
0#
#299861974
1#
#299880492
0#
#299899010
1#
#299917528
0#
#299936046
1#
#299954564
0#
#299973082
1#
#299991600
0#
#300010118
1#
#300028636
0#
#300047154
1#
#300065672
0#
#300084190
1#
#300102708
0#
#300121226
1#
#300139744
0#
#300158262
1#
#300176780
0#
#300195298
1#
#300213816
0#
#300232334
1#
#300250852
0#
#300269370
1#
#300287888
0#
#300306406
1#
#300324924
0#
#300343442
1#
#300361960
0#
#300380478
1#
#300398996
0#
#300417514
1#
#300436032
0#
#300454550
1#
#300473068
0#
#300491586
1#
#300510104
0#
#300528622
1#
#300547140
0#
#300565658
1#
#300584176
0#
#300602694
1#
#300621212
0#
#300639730
1#
#300658248
0#
#300676766
1#
#300695284
0#
#300713802
1#
#300732320
0#
#300750838
1#
#300769356
0#
#300787874
1#
#300806392
0#
#300824910
1#
#300843428
0#
#300861946
1#
#300880464
0#
#300898982
1#
#300917500
0#
#300936018
1#
#300954536
0#
#300973054
1#
#300991572
0#
#301010090
1#
#301028608
0#
#301047126
1#
#301065644
0#
#301084162
1#
#301102680
0#
#301121198
1#
#301139716
0#
#301158234
1#
#301176752
0#
#301195270
1#
#301213788
0#
#301232306
1#
#301250824
0#
#301269342
1#
#301287860
0#
#301306378
1#
#301324896
0#
#301343414
1#
#301361932
0#
#301380450
1#
#301398968
0#
#301417486
1#
#301436004
0#
#301454522
1#
#301473040
0#
#301491558
1#
#301510076
0#
#301528594
1#
#301547112
0#
#301565630
1#
#301584148
0#
#301602666
1#
#301621184
0#
#301639702
1#
#301658220
0#
#301676738
1#
#301695256
0#
#301713774
1#
#301732292
0#
#301750810
1#
#301769328
0#
#301787846
1#
#301806364
0#
#301824882
1#
#301843400
0#
#301861918
1#
#301880436
0#
#301898954
1#
#301917472
0#
#301935990
1#
#301954508
0#
#301973026
1#
#301991544
0#
#302010062
1#
#302028580
0#
#302047098
1#
#302065616
0#
#302084134
1#
#302102652
0#
#302121170
1#
#302139688
0#
#302158206
1#
#302176724
0#
#302195242
1#
#302213760
0#
#302232278
1#
#302250796
0#
#302269314
1#
#302287832
0#
#302306350
1#
#302324868
0#
#302343386
1#
#302361904
0#
#302380422
1#
#302398940
0#
#302417458
1#
#302435976
0#
#302454494
1#
#302473012
0#
#302491530
1#
#302510048
0#
#302528566
1#
#302547084
0#
#302565602
1#
#302584120
0#
#302602638
1#
#302621156
0#
#302639674
1#
#302658192
0#
#302676710
1#
#302695228
0#
#302713746
1#
#302732264
0#
#302750782
1#
#302769300
0#
#302787818
1#
#302806336
0#
#302824854
1#
#302843372
0#
#302861890
1#
#302880408
0#
#302898926
1#
#302917444
0#
#302935962
1#
#302954480
0#
#302972998
1#
#302991516
0#
#303010034
1#
#303028552
0#
#303047070
1#
#303065588
0#
#303084106
1#
#303102624
0#
#303121142
1#
#303139660
0#
#303158178
1#
#303176696
0#
#303195214
1#
#303213732
0#
#303232250
1#
#303250768
0#
#303269286
1#
#303287804
0#
#303306322
1#
#303324840
0#
#303343358
1#
#303361876
0#
#303380394
1#
#303398912
0#
#303417430
1#
#303435948
0#
#303454466
1#
#303472984
0#
#303491502
1#
#303510020
0#
#303528538
1#
#303547056
0#
#303565574
1#
#303584092
0#
#303602610
1#
#303621128
0#
#303639646
1#
#303658164
0#
#303676682
1#
#303695200
0#
#303713718
1#
#303732236
0#
#303750754
1#
#303769272
0#
#303787790
1#
#303806308
0#
#303824826
1#
#303843344
0#
#303861862
1#
#303880380
0#
#303898898
1#
#303917416
0#
#303935934
1#
#303954452
0#
#303972970
1#
#303991488
0#
#304010006
1#
#304028524
0#
#304047042
1#
#304065560
0#
#304084078
1#
#304102596
0#
#304121114
1#
#304139632
0#
#304158150
1#
#304176668
0#
#304195186
1#
#304213704
0#
#304232222
1#
#304250740
0#
#304269258
1#
#304287776
0#
#304306294
1#
#304324812
0#
#304343330
1#
#304361848
0#
#304380366
1#
#304398884
0#
#304417402
1#
#304435920
0#
#304454438
1#
#304472956
0#
#304491474
1#
#304509992
0#
#304528510
1#
#304547028
0#
#304565546
1#
#304584064
0#
#304602582
1#
#304621100
0#
#304639618
1#
#304658136
0#
#304676654
1#
#304695172
0#
#304713690
1#
#304732208
0#
#304750726
1#
#304769244
0#
#304787762
1#
#304806280
0#
#304824798
1#
#304843316
0#
#304861834
1#
#304880352
0#
#304898870
1#
#304917388
0#
#304935906
1#
#304954424
0#
#304972942
1#
#304991460
0#
#305009978
1#
#305028496
0#
#305047014
1#
#305065532
0#
#305084050
1#
#305102568
0#
#305121086
1#
#305139604
0#
#305158122
1#
#305176640
0#
#305195158
1#
#305213676
0#
#305232194
1#
#305250712
0#
#305269230
1#
#305287748
0#
#305306266
1#
#305324784
0#
#305343302
1#
#305361820
0#
#305380338
1#
#305398856
0#
#305417374
1#
#305435892
0#
#305454410
1#
#305472928
0#
#305491446
1#
#305509964
0#
#305528482
1#
#305547000
0#
#305565518
1#
#305584036
0#
#305602554
1#
#305621072
0#
#305639590
1#
#305658108
0#
#305676626
1#
#305695144
0#
#305713662
1#
#305732180
0#
#305750698
1#
#305769216
0#
#305787734
1#
#305806252
0#
#305824770
1#
#305843288
0#
#305861806
1#
#305880324
0#
#305898842
1#
#305917360
0#
#305935878
1#
#305954396
0#
#305972914
1#
#305991432
0#
#306009950
1#
#306028468
0#
#306046986
1#
#306065504
0#
#306084022
1#
#306102540
0#
#306121058
1#
#306139576
0#
#306158094
1#
#306176612
0#
#306195130
1#
#306213648
0#
#306232166
1#
#306250684
0#
#306269202
1#
#306287720
0#
#306306238
1#
#306324756
0#
#306343274
1#
#306361792
0#
#306380310
1#
#306398828
0#
#306417346
1#
#306435864
0#
#306454382
1#
#306472900
0#
#306491418
1#
#306509936
0#
#306528454
1#
#306546972
0#
#306565490
1#
#306584008
0#
#306602526
1#
#306621044
0#
#306639562
1#
#306658080
0#
#306676598
1#
#306695116
0#
#306713634
1#
#306732152
0#
#306750670
1#
#306769188
0#
#306787706
1#
#306806224
0#
#306824742
1#
#306843260
0#
#306861778
1#
#306880296
0#
#306898814
1#
#306900000
0%
b1000001 <
#306917332
0#
#306935850
03
1#
#306954368
0#
#306972886
04
1#
#306991404
0#
#307009922
b1 2
1#
#307028440
0#
#307046958
b1 .
1#
#307065476
0#
#307083994
b10 .
1#
#307102512
0#
#307121030
b11 .
1#
#307139548
0#
#307158066
b100 .
1#
#307176584
0#
#307195102
b101 .
1#
#307213620
0#
#307232138
b110 .
1#
#307250656
0#
#307269174
b111 .
1#
#307287692
0#
#307306210
b1000 .
1#
#307324728
0#
#307343246
b1001 .
1#
#307361764
0#
#307380282
b1010 .
1#
#307398800
0#
#307417318
b1011 .
1#
#307435836
0#
#307454354
b1100 .
1#
#307472872
0#
#307491390
b1101 .
1#
#307509908
0#
#307528426
b1110 .
1#
#307546944
0#
#307565462
b1111 .
1#
#307583980
0#
#307602498
b10000 .
1#
#307621016
0#
#307639534
b10001 .
1#
#307658052
0#
#307676570
b10010 .
1#
#307695088
0#
#307713606
b10011 .
1#
#307732124
0#
#307750642
b10100 .
1#
#307769160
0#
#307787678
b10101 .
1#
#307806196
0#
#307824714
b10110 .
1#
#307843232
0#
#307861750
b10111 .
1#
#307880268
0#
#307898786
b11000 .
1#
#307917304
0#
#307935822
b11001 .
1#
#307954340
0#
#307972858
b11010 .
1#
#307991376
0#
#308009894
b11011 .
1#
#308028412
0#
#308046930
b11100 .
1#
#308065448
0#
#308083966
b11101 .
1#
#308102484
0#
#308121002
b11110 .
1#
#308139520
0#
#308158038
b11111 .
1#
#308176556
0#
#308195074
b100000 .
1#
#308213592
0#
#308232110
b100001 .
1#
#308250628
0#
#308269146
b100010 .
1#
#308287664
0#
#308306182
b100011 .
1#
#308324700
0#
#308343218
b100100 .
1#
#308361736
0#
#308380254
b100101 .
1#
#308398772
0#
#308417290
b100110 .
1#
#308435808
0#
#308454326
b100111 .
1#
#308472844
0#
#308491362
b101000 .
1#
#308509880
0#
#308528398
b101001 .
1#
#308546916
0#
#308565434
b101010 .
1#
#308583952
0#
#308602470
b101011 .
1#
#308620988
0#
#308639506
b101100 .
1#
#308658024
0#
#308676542
b101101 .
1#
#308695060
0#
#308713578
b101110 .
1#
#308732096
0#
#308750614
b101111 .
1#
#308769132
0#
#308787650
b110000 .
1#
#308806168
0#
#308824686
b110001 .
1#
#308843204
0#
#308861722
b110010 .
1#
#308880240
0#
#308898758
b110011 .
1#
#308917276
0#
#308935794
b110100 .
1#
#308954312
0#
#308972830
b110101 .
1#
#308991348
0#
#309009866
b110110 .
1#
#309028384
0#
#309046902
b110111 .
1#
#309065420
0#
#309083938
b111000 .
1#
#309102456
0#
#309120974
b111001 .
1#
#309139492
0#
#309158010
b111010 .
1#
#309176528
0#
#309195046
b111011 .
1#
#309213564
0#
#309232082
b111100 .
1#
#309250600
0#
#309269118
b111101 .
1#
#309287636
0#
#309306154
b111110 .
1#
#309324672
0#
#309343190
b111111 .
1#
#309361708
0#
#309380226
b1000000 .
1#
#309398744
0#
#309417262
b1000001 .
1#
#309435780
0#
#309454298
b1000010 .
1#
#309472816
0#
#309491334
b1000011 .
1#
#309509852
0#
#309528370
b1000100 .
1#
#309546888
0#
#309565406
b1000101 .
1#
#309583924
0#
#309602442
b1000110 .
1#
#309620960
0#
#309639478
b1000111 .
1#
#309657996
0#
#309676514
b1001000 .
1#
#309695032
0#
#309713550
b1001001 .
1#
#309732068
0#
#309750586
b1001010 .
1#
#309769104
0#
#309787622
b1001011 .
1#
#309806140
0#
#309824658
b1001100 .
1#
#309843176
0#
#309861694
b1001101 .
1#
#309880212
0#
#309898730
b1001110 .
1#
#309917248
0#
#309935766
b1001111 .
1#
#309954284
0#
#309972802
b1010000 .
1#
#309991320
0#
#310009838
b1010001 .
1#
#310028356
0#
#310046874
b1010010 .
1#
#310065392
0#
#310083910
b1010011 .
1#
#310102428
0#
#310120946
b1010100 .
1#
#310139464
0#
#310157982
b1010101 .
1#
#310176500
0#
#310195018
b1010110 .
1#
#310213536
0#
#310232054
b1010111 .
1#
#310250572
0#
#310269090
b1011000 .
1#
#310287608
0#
#310306126
b1011001 .
1#
#310324644
0#
#310343162
b1011010 .
1#
#310361680
0#
#310380198
b1011011 .
1#
#310398716
0#
#310417234
b1011100 .
1#
#310435752
0#
#310454270
b1011101 .
1#
#310472788
0#
#310491306
b1011110 .
1#
#310509824
0#
#310528342
b1011111 .
1#
#310546860
0#
#310565378
b1100000 .
1#
#310583896
0#
#310602414
b1100001 .
1#
#310620932
0#
#310639450
b1100010 .
1#
#310657968
0#
#310676486
b1100011 .
1#
#310695004
0#
#310713522
b1100100 .
1#
#310732040
0#
#310750558
b1100101 .
1#
#310769076
0#
#310787594
b1100110 .
1#
#310806112
0#
#310824630
b1100111 .
1#
#310843148
0#
#310861666
b1101000 .
1#
#310880184
0#
#310898702
b1101001 .
1#
#310917220
0#
#310935738
b1101010 .
1#
#310954256
0#
#310972774
b1101011 .
1#
#310991292
0#
#311009810
b1101100 .
1#
#311028328
0#
#311046846
b1101101 .
1#
#311065364
0#
#311083882
b1101110 .
1#
#311102400
0#
#311120918
b1101111 .
1#
#311139436
0#
#311157954
b1110000 .
1#
#311176472
0#
#311194990
b1110001 .
1#
#311213508
0#
#311232026
b1110010 .
1#
#311250544
0#
#311269062
b1110011 .
1#
#311287580
0#
#311306098
b1110100 .
1#
#311324616
0#
#311343134
b10 2
b0 .
1#
#311361652
0#
#311380170
b1 .
1#
#311398688
0#
#311417206
b10 .
1#
#311435724
0#
#311454242
b11 .
1#
#311472760
0#
#311491278
b100 .
1#
#311509796
0#
#311528314
b101 .
1#
#311546832
0#
#311565350
b110 .
1#
#311583868
0#
#311602386
b111 .
1#
#311620904
0#
#311639422
b1000 .
1#
#311657940
0#
#311676458
b1001 .
1#
#311694976
0#
#311713494
b1010 .
1#
#311732012
0#
#311750530
b1011 .
1#
#311769048
0#
#311787566
b1100 .
1#
#311806084
0#
#311824602
b1101 .
1#
#311843120
0#
#311861638
b1110 .
1#
#311880156
0#
#311898674
b1111 .
1#
#311917192
0#
#311935710
b10000 .
1#
#311954228
0#
#311972746
b10001 .
1#
#311991264
0#
#312009782
b10010 .
1#
#312028300
0#
#312046818
b10011 .
1#
#312065336
0#
#312083854
b10100 .
1#
#312102372
0#
#312120890
b10101 .
1#
#312139408
0#
#312157926
b10110 .
1#
#312176444
0#
#312194962
b10111 .
1#
#312213480
0#
#312231998
b11000 .
1#
#312250516
0#
#312269034
b11001 .
1#
#312287552
0#
#312306070
b11010 .
1#
#312324588
0#
#312343106
b11011 .
1#
#312361624
0#
#312380142
b11100 .
1#
#312398660
0#
#312417178
b11101 .
1#
#312435696
0#
#312454214
b11110 .
1#
#312472732
0#
#312491250
b11111 .
1#
#312509768
0#
#312528286
b100000 .
1#
#312546804
0#
#312565322
b100001 .
1#
#312583840
0#
#312602358
b100010 .
1#
#312620876
0#
#312639394
b100011 .
1#
#312657912
0#
#312676430
b100100 .
1#
#312694948
0#
#312713466
b100101 .
1#
#312731984
0#
#312750502
b100110 .
1#
#312769020
0#
#312787538
b100111 .
1#
#312806056
0#
#312824574
b101000 .
1#
#312843092
0#
#312861610
b101001 .
1#
#312880128
0#
#312898646
b101010 .
1#
#312917164
0#
#312935682
b101011 .
1#
#312954200
0#
#312972718
b101100 .
1#
#312991236
0#
#313009754
b101101 .
1#
#313028272
0#
#313046790
b101110 .
1#
#313065308
0#
#313083826
b101111 .
1#
#313102344
0#
#313120862
b110000 .
1#
#313139380
0#
#313157898
b110001 .
1#
#313176416
0#
#313194934
b110010 .
1#
#313213452
0#
#313231970
b110011 .
1#
#313250488
0#
#313269006
b110100 .
1#
#313287524
0#
#313306042
b110101 .
1#
#313324560
0#
#313343078
b110110 .
1#
#313361596
0#
#313380114
b110111 .
1#
#313398632
0#
#313417150
b111000 .
1#
#313435668
0#
#313454186
b111001 .
1#
#313472704
0#
#313491222
b111010 .
1#
#313509740
0#
#313528258
b111011 .
1#
#313546776
0#
#313565294
b111100 .
1#
#313583812
0#
#313602330
b111101 .
1#
#313620848
0#
#313639366
b111110 .
1#
#313657884
0#
#313676402
b111111 .
1#
#313694920
0#
#313713438
b1000000 .
1#
#313731956
0#
#313750474
b1000001 .
1#
#313768992
0#
#313787510
b1000010 .
1#
#313806028
0#
#313824546
b1000011 .
1#
#313843064
0#
#313861582
b1000100 .
1#
#313880100
0#
#313898618
b1000101 .
1#
#313917136
0#
#313935654
b1000110 .
1#
#313954172
0#
#313972690
b1000111 .
1#
#313991208
0#
#314009726
b1001000 .
1#
#314028244
0#
#314046762
b1001001 .
1#
#314065280
0#
#314083798
b1001010 .
1#
#314102316
0#
#314120834
b1001011 .
1#
#314139352
0#
#314157870
b1001100 .
1#
#314176388
0#
#314194906
b1001101 .
1#
#314213424
0#
#314231942
b1001110 .
1#
#314250460
0#
#314268978
b1001111 .
1#
#314287496
0#
#314306014
b1010000 .
1#
#314324532
0#
#314343050
b1010001 .
1#
#314361568
0#
#314380086
b1010010 .
1#
#314398604
0#
#314417122
b1010011 .
1#
#314435640
0#
#314454158
b1010100 .
1#
#314472676
0#
#314491194
b1010101 .
1#
#314509712
0#
#314528230
b1010110 .
1#
#314546748
0#
#314565266
b1010111 .
1#
#314583784
0#
#314602302
b1011000 .
1#
#314620820
0#
#314639338
b1011001 .
1#
#314657856
0#
#314676374
b1011010 .
1#
#314694892
0#
#314713410
b1011011 .
1#
#314731928
0#
#314750446
b1011100 .
1#
#314768964
0#
#314787482
b1011101 .
1#
#314806000
0#
#314824518
b1011110 .
1#
#314843036
0#
#314861554
b1011111 .
1#
#314880072
0#
#314898590
b1100000 .
1#
#314917108
0#
#314935626
b1100001 .
1#
#314954144
0#
#314972662
b1100010 .
1#
#314991180
0#
#315009698
b1100011 .
1#
#315028216
0#
#315046734
b1100100 .
1#
#315065252
0#
#315083770
b1100101 .
1#
#315102288
0#
#315120806
b1100110 .
1#
#315139324
0#
#315157842
b1100111 .
1#
#315176360
0#
#315194878
b1101000 .
1#
#315213396
0#
#315231914
b1101001 .
1#
#315250432
0#
#315268950
b1101010 .
1#
#315287468
0#
#315305986
b1101011 .
1#
#315324504
0#
#315343022
b1101100 .
1#
#315361540
0#
#315380058
b1101101 .
1#
#315398576
0#
#315417094
b1101110 .
1#
#315435612
0#
#315454130
b1101111 .
1#
#315472648
0#
#315491166
b1110000 .
1#
#315509684
0#
#315528202
b1110001 .
1#
#315546720
0#
#315565238
b1110010 .
1#
#315570000
1%
b0 =
#315583756
0#
#315602274
b1110011 .
13
1#
#315620792
0#
#315639310
b1110100 .
14
1#
#315657828
0#
#315676346
b1110101 .
1#
#315694864
0#
#315713382
b1110110 .
1#
#315731900
0#
#315750418
b1110111 .
1#
#315768936
0#
#315787454
b1111000 .
1#
#315805972
0#
#315824490
b1111001 .
1#
#315843008
0#
#315861526
b1111010 .
1#
#315880044
0#
#315898562
b1111011 .
1#
#315917080
0#
#315935598
b1111100 .
1#
#315954116
0#
#315972634
b1111101 .
1#
#315991152
0#
#316009670
b1111110 .
1#
#316028188
0#
#316046706
b1111111 .
1#
#316065224
0#
#316083742
b10000000 .
1#
#316102260
0#
#316120778
b10000001 .
1#
#316139296
0#
#316157814
b10000010 .
1#
#316176332
0#
#316194850
b10000011 .
1#
#316213368
0#
#316231886
b10000100 .
1#
#316250404
0#
#316268922
b10000101 .
1#
#316287440
0#
#316305958
b10000110 .
1#
#316324476
0#
#316342994
b10000111 .
1#
#316361512
0#
#316380030
b10001000 .
1#
#316398548
0#
#316417066
b10001001 .
1#
#316435584
0#
#316454102
b10001010 .
1#
#316472620
0#
#316491138
b10001011 .
1#
#316509656
0#
#316528174
b10001100 .
1#
#316546692
0#
#316565210
b10001101 .
1#
#316583728
0#
#316602246
b10001110 .
1#
#316620764
0#
#316639282
b10001111 .
1#
#316657800
0#
#316676318
b10010000 .
1#
#316694836
0#
#316713354
b10010001 .
1#
#316731872
0#
#316750390
b10010010 .
1#
#316768908
0#
#316787426
b10010011 .
1#
#316805944
0#
#316824462
b10010100 .
1#
#316842980
0#
#316861498
b10010101 .
1#
#316880016
0#
#316898534
b10010110 .
1#
#316917052
0#
#316935570
b10010111 .
1#
#316954088
0#
#316972606
b10011000 .
1#
#316991124
0#
#317009642
b10011001 .
1#
#317028160
0#
#317046678
b10011010 .
1#
#317065196
0#
#317083714
b10011011 .
1#
#317102232
0#
#317120750
b10011100 .
1#
#317139268
0#
#317157786
b10011101 .
1#
#317176304
0#
#317194822
b10011110 .
1#
#317213340
0#
#317231858
b10011111 .
1#
#317250376
0#
#317268894
b10100000 .
1#
#317287412
0#
#317305930
b10100001 .
1#
#317324448
0#
#317342966
b10100010 .
1#
#317361484
0#
#317380002
b10100011 .
1#
#317398520
0#
#317417038
b10100100 .
1#
#317435556
0#
#317454074
b10100101 .
1#
#317472592
0#
#317491110
b10100110 .
1#
#317509628
0#
#317528146
b10100111 .
1#
#317546664
0#
#317565182
b10101000 .
1#
#317583700
0#
#317602218
b10101001 .
1#
#317620736
0#
#317639254
b10101010 .
1#
#317657772
0#
#317676290
b10101011 .
1#
#317694808
0#
#317713326
b10101100 .
1#
#317731844
0#
#317750362
b10101101 .
1#
#317768880
0#
#317787398
b10101110 .
1#
#317805916
0#
#317824434
b10101111 .
1#
#317842952
0#
#317861470
b10110000 .
1#
#317879988
0#
#317898506
b10110001 .
1#
#317917024
0#
#317935542
b10110010 .
1#
#317954060
0#
#317972578
b10110011 .
1#
#317991096
0#
#318009614
b10110100 .
1#
#318028132
0#
#318046650
b10110101 .
1#
#318065168
0#
#318083686
b10110110 .
1#
#318102204
0#
#318120722
b10110111 .
1#
#318139240
0#
#318157758
b10111000 .
1#
#318176276
0#
#318194794
b10111001 .
1#
#318213312
0#
#318231830
b10111010 .
1#
#318250348
0#
#318268866
b10111011 .
1#
#318287384
0#
#318305902
b10111100 .
1#
#318324420
0#
#318342938
b10111101 .
1#
#318361456
0#
#318379974
b10111110 .
1#
#318398492
0#
#318417010
b10111111 .
1#
#318435528
0#
#318454046
b11000000 .
1#
#318472564
0#
#318491082
b11000001 .
1#
#318509600
0#
#318528118
b11000010 .
1#
#318546636
0#
#318565154
b11000011 .
1#
#318583672
0#
#318602190
b11000100 .
1#
#318620708
0#
#318639226
b11000101 .
1#
#318657744
0#
#318676262
b11000110 .
1#
#318694780
0#
#318713298
b11000111 .
1#
#318731816
0#
#318750334
b11001000 .
1#
#318768852
0#
#318787370
b11001001 .
1#
#318805888
0#
#318824406
b11001010 .
1#
#318842924
0#
#318861442
b11001011 .
1#
#318879960
0#
#318898478
b11001100 .
1#
#318916996
0#
#318935514
b11001101 .
1#
#318954032
0#
#318972550
b11001110 .
1#
#318991068
0#
#319009586
b11001111 .
1#
#319028104
0#
#319046622
b11010000 .
1#
#319065140
0#
#319083658
b11010001 .
1#
#319102176
0#
#319120694
b11010010 .
1#
#319139212
0#
#319157730
b11010011 .
1#
#319176248
0#
#319194766
b11010100 .
1#
#319213284
0#
#319231802
b11010101 .
1#
#319250320
0#
#319268838
b11010110 .
1#
#319287356
0#
#319305874
b11010111 .
1#
#319324392
0#
#319342910
b11011000 .
1#
#319361428
0#
#319379946
b11011001 .
1#
#319398464
0#
#319416982
b11011010 .
1#
#319435500
0#
#319454018
b11011011 .
1#
#319472536
0#
#319491054
b11011100 .
1#
#319509572
0#
#319528090
b11011101 .
1#
#319546608
0#
#319565126
b11011110 .
1#
#319583644
0#
#319602162
b11011111 .
1#
#319620680
0#
#319639198
b11100000 .
1#
#319657716
0#
#319676234
b11100001 .
1#
#319694752
0#
#319713270
b11100010 .
1#
#319731788
0#
#319750306
b11100011 .
1#
#319768824
0#
#319787342
b11100100 .
1#
#319805860
0#
#319824378
b11100101 .
1#
#319842896
0#
#319861414
b11100110 .
1#
#319879932
0#
#319898450
b11100111 .
1#
#319916968
0#
#319935486
b11101000 .
1#
#319954004
0#
#319972522
b11101001 .
1#
#319991040
0#
#320009558
b1 /
b0 .
1#
#320028076
0#
#320046594
b1 .
1#
#320065112
0#
#320083630
b10 .
1#
#320102148
0#
#320120666
b11 .
1#
#320139184
0#
#320157702
b100 .
1#
#320176220
0#
#320194738
b101 .
1#
#320213256
0#
#320231774
b110 .
1#
#320250292
0#
#320268810
b111 .
1#
#320287328
0#
#320305846
b1000 .
1#
#320324364
0#
#320342882
b1001 .
1#
#320361400
0#
#320379918
b1010 .
1#
#320398436
0#
#320416954
b1011 .
1#
#320435472
0#
#320453990
b1100 .
1#
#320472508
0#
#320491026
b1101 .
1#
#320509544
0#
#320528062
b1110 .
1#
#320546580
0#
#320565098
b1111 .
1#
#320583616
0#
#320602134
b10000 .
1#
#320620652
0#
#320639170
b10001 .
1#
#320657688
0#
#320676206
b10010 .
1#
#320694724
0#
#320713242
b10011 .
1#
#320731760
0#
#320750278
b10100 .
1#
#320768796
0#
#320787314
b10101 .
1#
#320805832
0#
#320824350
b10110 .
1#
#320842868
0#
#320861386
b10111 .
1#
#320879904
0#
#320898422
b11000 .
1#
#320916940
0#
#320935458
b11001 .
1#
#320953976
0#
#320972494
b11010 .
1#
#320991012
0#
#321009530
b11011 .
1#
#321028048
0#
#321046566
b11100 .
1#
#321065084
0#
#321083602
b11101 .
1#
#321102120
0#
#321120638
b11110 .
1#
#321139156
0#
#321157674
b11111 .
1#
#321176192
0#
#321194710
b100000 .
1#
#321213228
0#
#321231746
b100001 .
1#
#321250264
0#
#321268782
b100010 .
1#
#321287300
0#
#321305818
b100011 .
1#
#321324336
0#
#321342854
b100100 .
1#
#321361372
0#
#321379890
b100101 .
1#
#321398408
0#
#321416926
b100110 .
1#
#321435444
0#
#321453962
b100111 .
1#
#321472480
0#
#321490998
b101000 .
1#
#321509516
0#
#321528034
b101001 .
1#
#321546552
0#
#321565070
b101010 .
1#
#321583588
0#
#321602106
b101011 .
1#
#321620624
0#
#321639142
b101100 .
1#
#321657660
0#
#321676178
b101101 .
1#
#321694696
0#
#321713214
b101110 .
1#
#321731732
0#
#321750250
b101111 .
1#
#321768768
0#
#321787286
b110000 .
1#
#321805804
0#
#321824322
b110001 .
1#
#321842840
0#
#321861358
b110010 .
1#
#321879876
0#
#321898394
b110011 .
1#
#321916912
0#
#321935430
b110100 .
1#
#321953948
0#
#321972466
b110101 .
1#
#321990984
0#
#322009502
b110110 .
1#
#322028020
0#
#322046538
b110111 .
1#
#322065056
0#
#322083574
b111000 .
1#
#322102092
0#
#322120610
b111001 .
1#
#322139128
0#
#322157646
b111010 .
1#
#322176164
0#
#322194682
b111011 .
1#
#322213200
0#
#322231718
b111100 .
1#
#322250236
0#
#322268754
b111101 .
1#
#322287272
0#
#322305790
b111110 .
1#
#322324308
0#
#322342826
b111111 .
1#
#322361344
0#
#322379862
b1000000 .
1#
#322398380
0#
#322416898
b1000001 .
1#
#322435416
0#
#322453934
b1000010 .
1#
#322472452
0#
#322490970
b1000011 .
1#
#322509488
0#
#322528006
b1000100 .
1#
#322546524
0#
#322565042
b1000101 .
1#
#322583560
0#
#322602078
b1000110 .
1#
#322620596
0#
#322639114
b1000111 .
1#
#322657632
0#
#322676150
b1001000 .
1#
#322694668
0#
#322713186
b1001001 .
1#
#322731704
0#
#322750222
b1001010 .
1#
#322768740
0#
#322787258
b1001011 .
1#
#322805776
0#
#322824294
b1001100 .
1#
#322842812
0#
#322861330
b1001101 .
1#
#322879848
0#
#322898366
b1001110 .
1#
#322916884
0#
#322935402
b1001111 .
1#
#322953920
0#
#322972438
b1010000 .
1#
#322990956
0#
#323009474
b1010001 .
1#
#323027992
0#
#323046510
b1010010 .
1#
#323065028
0#
#323083546
b1010011 .
1#
#323102064
0#
#323120582
b1010100 .
1#
#323139100
0#
#323157618
b1010101 .
1#
#323176136
0#
#323194654
b1010110 .
1#
#323213172
0#
#323231690
b1010111 .
1#
#323250208
0#
#323268726
b1011000 .
1#
#323287244
0#
#323305762
b1011001 .
1#
#323324280
0#
#323342798
b1011010 .
1#
#323361316
0#
#323379834
b1011011 .
1#
#323398352
0#
#323416870
b1011100 .
1#
#323435388
0#
#323453906
b1011101 .
1#
#323472424
0#
#323490942
b1011110 .
1#
#323509460
0#
#323527978
b1011111 .
1#
#323546496
0#
#323565014
b1100000 .
1#
#323583532
0#
#323602050
b1100001 .
1#
#323620568
0#
#323639086
b1100010 .
1#
#323657604
0#
#323676122
b1100011 .
1#
#323694640
0#
#323713158
b1100100 .
1#
#323731676
0#
#323750194
b1100101 .
1#
#323768712
0#
#323787230
b1100110 .
1#
#323805748
0#
#323824266
b1100111 .
1#
#323842784
0#
#323861302
b1101000 .
1#
#323879820
0#
#323898338
b1101001 .
1#
#323916856
0#
#323935374
b1101010 .
1#
#323953892
0#
#323972410
b1101011 .
1#
#323990928
0#
#324009446
b1101100 .
1#
#324027964
0#
#324046482
b1101101 .
1#
#324065000
0#
#324083518
b1101110 .
1#
#324102036
0#
#324120554
b1101111 .
1#
#324139072
0#
#324157590
b1110000 .
1#
#324176108
0#
#324194626
b1110001 .
1#
#324213144
0#
#324231662
b1110010 .
1#
#324240000
0%
b1 =
#324250180
0#
#324268698
b1110011 .
03
1#
#324287216
0#
#324305734
b1110100 .
04
1#
#324324252
0#
#324342770
b1110101 .
1#
#324361288
0#
#324379806
b1110110 .
1#
#324398324
0#
#324416842
b1110111 .
1#
#324435360
0#
#324453878
b1111000 .
1#
#324472396
0#
#324490914
b1111001 .
1#
#324509432
0#
#324527950
b1111010 .
1#
#324546468
0#
#324564986
b1111011 .
1#
#324583504
0#
#324602022
b1111100 .
1#
#324620540
0#
#324639058
b1111101 .
1#
#324657576
0#
#324676094
b1111110 .
1#
#324694612
0#
#324713130
b1111111 .
1#
#324731648
0#
#324750166
b10000000 .
1#
#324768684
0#
#324787202
b10000001 .
1#
#324805720
0#
#324824238
b10000010 .
1#
#324842756
0#
#324861274
b10000011 .
1#
#324879792
0#
#324898310
b10000100 .
1#
#324916828
0#
#324935346
b10000101 .
1#
#324953864
0#
#324972382
b10000110 .
1#
#324990900
0#
#325009418
b10000111 .
1#
#325027936
0#
#325046454
b10001000 .
1#
#325064972
0#
#325083490
b10001001 .
1#
#325102008
0#
#325120526
b10001010 .
1#
#325139044
0#
#325157562
b10001011 .
1#
#325176080
0#
#325194598
b10001100 .
1#
#325213116
0#
#325231634
b10001101 .
1#
#325250152
0#
#325268670
b10001110 .
1#
#325287188
0#
#325305706
b10001111 .
1#
#325324224
0#
#325342742
b10010000 .
1#
#325361260
0#
#325379778
b10010001 .
1#
#325398296
0#
#325416814
b10010010 .
1#
#325435332
0#
#325453850
b10010011 .
1#
#325472368
0#
#325490886
b10010100 .
1#
#325509404
0#
#325527922
b10010101 .
1#
#325546440
0#
#325564958
b10010110 .
1#
#325583476
0#
#325601994
b10010111 .
1#
#325620512
0#
#325639030
b10011000 .
1#
#325657548
0#
#325676066
b10011001 .
1#
#325694584
0#
#325713102
b10011010 .
1#
#325731620
0#
#325750138
b10011011 .
1#
#325768656
0#
#325787174
b10011100 .
1#
#325805692
0#
#325824210
b10011101 .
1#
#325842728
0#
#325861246
b10011110 .
1#
#325879764
0#
#325898282
b10011111 .
1#
#325916800
0#
#325935318
b10100000 .
1#
#325953836
0#
#325972354
b10100001 .
1#
#325990872
0#
#326009390
b10100010 .
1#
#326027908
0#
#326046426
b10100011 .
1#
#326064944
0#
#326083462
b10100100 .
1#
#326101980
0#
#326120498
b10100101 .
1#
#326139016
0#
#326157534
b10100110 .
1#
#326176052
0#
#326194570
b10100111 .
1#
#326213088
0#
#326231606
b10101000 .
1#
#326250124
0#
#326268642
b10101001 .
1#
#326287160
0#
#326305678
b10101010 .
1#
#326324196
0#
#326342714
b10101011 .
1#
#326361232
0#
#326379750
b10101100 .
1#
#326398268
0#
#326416786
b10101101 .
1#
#326435304
0#
#326453822
b10101110 .
1#
#326472340
0#
#326490858
b10101111 .
1#
#326509376
0#
#326527894
b10110000 .
1#
#326546412
0#
#326564930
b10110001 .
1#
#326583448
0#
#326601966
b10110010 .
1#
#326620484
0#
#326639002
b10110011 .
1#
#326657520
0#
#326676038
b10110100 .
1#
#326694556
0#
#326713074
b10110101 .
1#
#326731592
0#
#326750110
b10110110 .
1#
#326768628
0#
#326787146
b10110111 .
1#
#326805664
0#
#326824182
b10111000 .
1#
#326842700
0#
#326861218
b10111001 .
1#
#326879736
0#
#326898254
b10111010 .
1#
#326916772
0#
#326935290
b10111011 .
1#
#326953808
0#
#326972326
b10111100 .
1#
#326990844
0#
#327009362
b10111101 .
1#
#327027880
0#
#327046398
b10111110 .
1#
#327064916
0#
#327083434
b10111111 .
1#
#327101952
0#
#327120470
b11000000 .
1#
#327138988
0#
#327157506
b11000001 .
1#
#327176024
0#
#327194542
b11000010 .
1#
#327213060
0#
#327231578
b11000011 .
1#
#327250096
0#
#327268614
b11000100 .
1#
#327287132
0#
#327305650
b11000101 .
1#
#327324168
0#
#327342686
b11000110 .
1#
#327361204
0#
#327379722
b11000111 .
1#
#327398240
0#
#327416758
b11001000 .
1#
#327435276
0#
#327453794
b11001001 .
1#
#327472312
0#
#327490830
b11001010 .
1#
#327509348
0#
#327527866
b11001011 .
1#
#327546384
0#
#327564902
b11001100 .
1#
#327583420
0#
#327601938
b11001101 .
1#
#327620456
0#
#327638974
b11001110 .
1#
#327657492
0#
#327676010
b11001111 .
1#
#327694528
0#
#327713046
b11010000 .
1#
#327731564
0#
#327750082
b11010001 .
1#
#327768600
0#
#327787118
b11010010 .
1#
#327805636
0#
#327824154
b11010011 .
1#
#327842672
0#
#327861190
b11010100 .
1#
#327879708
0#
#327898226
b11010101 .
1#
#327916744
0#
#327935262
b11010110 .
1#
#327953780
0#
#327972298
b11010111 .
1#
#327990816
0#
#328009334
b11011000 .
1#
#328027852
0#
#328046370
b11011001 .
1#
#328064888
0#
#328083406
b11011010 .
1#
#328101924
0#
#328120442
b11011011 .
1#
#328138960
0#
#328157478
b11011100 .
1#
#328175996
0#
#328194514
b11011101 .
1#
#328213032
0#
#328231550
b11011110 .
1#
#328250068
0#
#328268586
b11011111 .
1#
#328287104
0#
#328305622
b11100000 .
1#
#328324140
0#
#328342658
b11100001 .
1#
#328361176
0#
#328379694
b11100010 .
1#
#328398212
0#
#328416730
b11100011 .
1#
#328435248
0#
#328453766
b11100100 .
1#
#328472284
0#
#328490802
b11100101 .
1#
#328509320
0#
#328527838
b11100110 .
1#
#328546356
0#
#328564874
b11100111 .
1#
#328583392
0#
#328601910
b11101000 .
1#
#328620428
0#
#328638946
b11101001 .
1#
#328657464
0#
#328675982
b10 /
b0 .
1#
#328694500
0#
#328713018
b1 .
1#
#328731536
0#
#328750054
b10 .
1#
#328768572
0#
#328787090
b11 .
1#
#328805608
0#
#328824126
b100 .
1#
#328842644
0#
#328861162
b101 .
1#
#328879680
0#
#328898198
b110 .
1#
#328916716
0#
#328935234
b111 .
1#
#328953752
0#
#328972270
b1000 .
1#
#328990788
0#
#329009306
b1001 .
1#
#329027824
0#
#329046342
b1010 .
1#
#329064860
0#
#329083378
b1011 .
1#
#329101896
0#
#329120414
b1100 .
1#
#329138932
0#
#329157450
b1101 .
1#
#329175968
0#
#329194486
b1110 .
1#
#329213004
0#
#329231522
b1111 .
1#
#329250040
0#
#329268558
b10000 .
1#
#329287076
0#
#329305594
b10001 .
1#
#329324112
0#
#329342630
b10010 .
1#
#329361148
0#
#329379666
b10011 .
1#
#329398184
0#
#329416702
b10100 .
1#
#329435220
0#
#329453738
b10101 .
1#
#329472256
0#
#329490774
b10110 .
1#
#329509292
0#
#329527810
b10111 .
1#
#329546328
0#
#329564846
b11000 .
1#
#329583364
0#
#329601882
b11001 .
1#
#329620400
0#
#329638918
b11010 .
1#
#329657436
0#
#329675954
b11011 .
1#
#329694472
0#
#329712990
b11100 .
1#
#329731508
0#
#329750026
b11101 .
1#
#329768544
0#
#329787062
b11110 .
1#
#329805580
0#
#329824098
b11111 .
1#
#329842616
0#
#329861134
b100000 .
1#
#329879652
0#
#329898170
b100001 .
1#
#329916688
0#
#329935206
b100010 .
1#
#329953724
0#
#329972242
b100011 .
1#
#329990760
0#
#330009278
b100100 .
1#
#330027796
0#
#330046314
b100101 .
1#
#330064832
0#
#330083350
b100110 .
1#
#330101868
0#
#330120386
b100111 .
1#
#330138904
0#
#330157422
b101000 .
1#
#330175940
0#
#330194458
b101001 .
1#
#330212976
0#
#330231494
b101010 .
1#
#330250012
0#
#330268530
b101011 .
1#
#330287048
0#
#330305566
b101100 .
1#
#330324084
0#
#330342602
b101101 .
1#
#330361120
0#
#330379638
b101110 .
1#
#330398156
0#
#330416674
b101111 .
1#
#330435192
0#
#330453710
b110000 .
1#
#330472228
0#
#330490746
b110001 .
1#
#330509264
0#
#330527782
b110010 .
1#
#330546300
0#
#330564818
b110011 .
1#
#330583336
0#
#330601854
b110100 .
1#
#330620372
0#
#330638890
b110101 .
1#
#330657408
0#
#330675926
b110110 .
1#
#330694444
0#
#330712962
b110111 .
1#
#330731480
0#
#330749998
b111000 .
1#
#330768516
0#
#330787034
b111001 .
1#
#330805552
0#
#330824070
b111010 .
1#
#330842588
0#
#330861106
b111011 .
1#
#330879624
0#
#330898142
b111100 .
1#
#330916660
0#
#330935178
b111101 .
1#
#330953696
0#
#330972214
b111110 .
1#
#330990732
0#
#331009250
b111111 .
1#
#331027768
0#
#331046286
b1000000 .
1#
#331064804
0#
#331083322
b1000001 .
1#
#331101840
0#
#331120358
b1000010 .
1#
#331138876
0#
#331157394
b1000011 .
1#
#331175912
0#
#331194430
b1000100 .
1#
#331212948
0#
#331231466
b1000101 .
1#
#331249984
0#
#331268502
b1000110 .
1#
#331287020
0#
#331305538
b1000111 .
1#
#331324056
0#
#331342574
b1001000 .
1#
#331361092
0#
#331379610
b1001001 .
1#
#331398128
0#
#331416646
b1001010 .
1#
#331435164
0#
#331453682
b1001011 .
1#
#331472200
0#
#331490718
b1001100 .
1#
#331509236
0#
#331527754
b1001101 .
1#
#331546272
0#
#331564790
b1001110 .
1#
#331583308
0#
#331601826
b1001111 .
1#
#331620344
0#
#331638862
b1010000 .
1#
#331657380
0#
#331675898
b1010001 .
1#
#331694416
0#
#331712934
b1010010 .
1#
#331731452
0#
#331749970
b1010011 .
1#
#331768488
0#
#331787006
b1010100 .
1#
#331805524
0#
#331824042
b1010101 .
1#
#331842560
0#
#331861078
b1010110 .
1#
#331879596
0#
#331898114
b1010111 .
1#
#331916632
0#
#331935150
b1011000 .
1#
#331953668
0#
#331972186
b1011001 .
1#
#331990704
0#
#332009222
b1011010 .
1#
#332027740
0#
#332046258
b1011011 .
1#
#332064776
0#
#332083294
b1011100 .
1#
#332101812
0#
#332120330
b1011101 .
1#
#332138848
0#
#332157366
b1011110 .
1#
#332175884
0#
#332194402
b1011111 .
1#
#332212920
0#
#332231438
b1100000 .
1#
#332249956
0#
#332268474
b1100001 .
1#
#332286992
0#
#332305510
b1100010 .
1#
#332324028
0#
#332342546
b1100011 .
1#
#332361064
0#
#332379582
b1100100 .
1#
#332398100
0#
#332416618
b1100101 .
1#
#332435136
0#
#332453654
b1100110 .
1#
#332472172
0#
#332490690
b1100111 .
1#
#332509208
0#
#332527726
b1101000 .
1#
#332546244
0#
#332564762
b1101001 .
1#
#332583280
0#
#332601798
b1101010 .
1#
#332620316
0#
#332638834
b1101011 .
1#
#332657352
0#
#332675870
b1101100 .
1#
#332694388
0#
#332712906
b1101101 .
1#
#332731424
0#
#332749942
b1101110 .
1#
#332768460
0#
#332786978
b1101111 .
1#
#332805496
0#
#332824014
b1110000 .
1#
#332842532
0#
#332861050
b1110001 .
1#
#332879568
0#
#332898086
b1110010 .
1#
#332910000
b10 =
#332916604
0#
#332935122
b1110011 .
1#
#332953640
0#
#332972158
b1110100 .
1#
#332990676
0#
#333009194
b1110101 .
1#
#333027712
0#
#333046230
b1110110 .
1#
#333064748
0#
#333083266
b1110111 .
1#
#333101784
0#
#333120302
b1111000 .
1#
#333138820
0#
#333157338
b1111001 .
1#
#333175856
0#
#333194374
b1111010 .
1#
#333212892
0#
#333231410
b1111011 .
1#
#333249928
0#
#333268446
b1111100 .
1#
#333286964
0#
#333305482
b1111101 .
1#
#333324000
0#
#333342518
b1111110 .
1#
#333361036
0#
#333379554
b1111111 .
1#
#333398072
0#
#333416590
b10000000 .
1#
#333435108
0#
#333453626
b10000001 .
1#
#333472144
0#
#333490662
b10000010 .
1#
#333509180
0#
#333527698
b10000011 .
1#
#333546216
0#
#333564734
b10000100 .
1#
#333583252
0#
#333601770
b10000101 .
1#
#333620288
0#
#333638806
b10000110 .
1#
#333657324
0#
#333675842
b10000111 .
1#
#333694360
0#
#333712878
b10001000 .
1#
#333731396
0#
#333749914
b10001001 .
1#
#333768432
0#
#333786950
b10001010 .
1#
#333805468
0#
#333823986
b10001011 .
1#
#333842504
0#
#333861022
b10001100 .
1#
#333879540
0#
#333898058
b10001101 .
1#
#333916576
0#
#333935094
b10001110 .
1#
#333953612
0#
#333972130
b10001111 .
1#
#333990648
0#
#334009166
b10010000 .
1#
#334027684
0#
#334046202
b10010001 .
1#
#334064720
0#
#334083238
b10010010 .
1#
#334101756
0#
#334120274
b10010011 .
1#
#334138792
0#
#334157310
b10010100 .
1#
#334175828
0#
#334194346
b10010101 .
1#
#334212864
0#
#334231382
b10010110 .
1#
#334249900
0#
#334268418
b10010111 .
1#
#334286936
0#
#334305454
b10011000 .
1#
#334323972
0#
#334342490
b10011001 .
1#
#334361008
0#
#334379526
b10011010 .
1#
#334398044
0#
#334416562
b10011011 .
1#
#334435080
0#
#334453598
b10011100 .
1#
#334472116
0#
#334490634
b10011101 .
1#
#334509152
0#
#334527670
b10011110 .
1#
#334546188
0#
#334564706
b10011111 .
1#
#334583224
0#
#334601742
b10100000 .
1#
#334620260
0#
#334638778
b10100001 .
1#
#334657296
0#
#334675814
b10100010 .
1#
#334694332
0#
#334712850
b10100011 .
1#
#334731368
0#
#334749886
b10100100 .
1#
#334768404
0#
#334786922
b10100101 .
1#
#334805440
0#
#334823958
b10100110 .
1#
#334842476
0#
#334860994
b10100111 .
1#
#334879512
0#
#334898030
b10101000 .
1#
#334916548
0#
#334935066
b10101001 .
1#
#334953584
0#
#334972102
b10101010 .
1#
#334990620
0#
#335009138
b10101011 .
1#
#335027656
0#
#335046174
b10101100 .
1#
#335064692
0#
#335083210
b10101101 .
1#
#335101728
0#
#335120246
b10101110 .
1#
#335138764
0#
#335157282
b10101111 .
1#
#335175800
0#
#335194318
b10110000 .
1#
#335212836
0#
#335231354
b10110001 .
1#
#335249872
0#
#335268390
b10110010 .
1#
#335286908
0#
#335305426
b10110011 .
1#
#335323944
0#
#335342462
b10110100 .
1#
#335360980
0#
#335379498
b10110101 .
1#
#335398016
0#
#335416534
b10110110 .
1#
#335435052
0#
#335453570
b10110111 .
1#
#335472088
0#
#335490606
b10111000 .
1#
#335509124
0#
#335527642
b10111001 .
1#
#335546160
0#
#335564678
b10111010 .
1#
#335583196
0#
#335601714
b10111011 .
1#
#335620232
0#
#335638750
b10111100 .
1#
#335657268
0#
#335675786
b10111101 .
1#
#335694304
0#
#335712822
b10111110 .
1#
#335731340
0#
#335749858
b10111111 .
1#
#335768376
0#
#335786894
b11000000 .
1#
#335805412
0#
#335823930
b11000001 .
1#
#335842448
0#
#335860966
b11000010 .
1#
#335879484
0#
#335898002
b11000011 .
1#
#335916520
0#
#335935038
b11000100 .
1#
#335953556
0#
#335972074
b11000101 .
1#
#335990592
0#
#336009110
b11000110 .
1#
#336027628
0#
#336046146
b11000111 .
1#
#336064664
0#
#336083182
b11001000 .
1#
#336101700
0#
#336120218
b11001001 .
1#
#336138736
0#
#336157254
b11001010 .
1#
#336175772
0#
#336194290
b11001011 .
1#
#336212808
0#
#336231326
b11001100 .
1#
#336249844
0#
#336268362
b11001101 .
1#
#336286880
0#
#336305398
b11001110 .
1#
#336323916
0#
#336342434
b11001111 .
1#
#336360952
0#
#336379470
b11010000 .
1#
#336397988
0#
#336416506
b11010001 .
1#
#336435024
0#
#336453542
b11010010 .
1#
#336472060
0#
#336490578
b11010011 .
1#
#336509096
0#
#336527614
b11010100 .
1#
#336546132
0#
#336564650
b11010101 .
1#
#336583168
0#
#336601686
b11010110 .
1#
#336620204
0#
#336638722
b11010111 .
1#
#336657240
0#
#336675758
b11011000 .
1#
#336694276
0#
#336712794
b11011001 .
1#
#336731312
0#
#336749830
b11011010 .
1#
#336768348
0#
#336786866
b11011011 .
1#
#336805384
0#
#336823902
b11011100 .
1#
#336842420
0#
#336860938
b11011101 .
1#
#336879456
0#
#336897974
b11011110 .
1#
#336916492
0#
#336935010
b11011111 .
1#
#336953528
0#
#336972046
b11100000 .
1#
#336990564
0#
#337009082
b11100001 .
1#
#337027600
0#
#337046118
b11100010 .
1#
#337064636
0#
#337083154
b11100011 .
1#
#337101672
0#
#337120190
b11100100 .
1#
#337138708
0#
#337157226
b11100101 .
1#
#337175744
0#
#337194262
b11100110 .
1#
#337212780
0#
#337231298
b11100111 .
1#
#337249816
0#
#337268334
b11101000 .
1#
#337286852
0#
#337305370
b11101001 .
1#
#337323888
0#
#337342406
b11 /
b1010001 1
b0 .
1#
#337360924
0#
#337379442
b1 .
1#
#337397960
0#
#337416478
b10 .
1#
#337434996
0#
#337453514
b11 .
1#
#337472032
0#
#337490550
b100 .
1#
#337509068
0#
#337527586
b101 .
1#
#337546104
0#
#337564622
b110 .
1#
#337583140
0#
#337601658
b111 .
1#
#337620176
0#
#337638694
b1000 .
1#
#337657212
0#
#337675730
b1001 .
1#
#337694248
0#
#337712766
b1010 .
1#
#337731284
0#
#337749802
b1011 .
1#
#337768320
0#
#337786838
b1100 .
1#
#337805356
0#
#337823874
b1101 .
1#
#337842392
0#
#337860910
b1110 .
1#
#337879428
0#
#337897946
b1111 .
1#
#337916464
0#
#337934982
b10000 .
1#
#337953500
0#
#337972018
b10001 .
1#
#337990536
0#
#338009054
b10010 .
1#
#338027572
0#
#338046090
b10011 .
1#
#338064608
0#
#338083126
b10100 .
1#
#338101644
0#
#338120162
b10101 .
1#
#338138680
0#
#338157198
b10110 .
1#
#338175716
0#
#338194234
b10111 .
1#
#338212752
0#
#338231270
b11000 .
1#
#338249788
0#
#338268306
b11001 .
1#
#338286824
0#
#338305342
b11010 .
1#
#338323860
0#
#338342378
b11011 .
1#
#338360896
0#
#338379414
b11100 .
1#
#338397932
0#
#338416450
b11101 .
1#
#338434968
0#
#338453486
b11110 .
1#
#338472004
0#
#338490522
b11111 .
1#
#338509040
0#
#338527558
b100000 .
1#
#338546076
0#
#338564594
b100001 .
1#
#338583112
0#
#338601630
b100010 .
1#
#338620148
0#
#338638666
b100011 .
1#
#338657184
0#
#338675702
b100100 .
1#
#338694220
0#
#338712738
b100101 .
1#
#338731256
0#
#338749774
b100110 .
1#
#338768292
0#
#338786810
b100111 .
1#
#338805328
0#
#338823846
b101000 .
1#
#338842364
0#
#338860882
b101001 .
1#
#338879400
0#
#338897918
b101010 .
1#
#338916436
0#
#338934954
b101011 .
1#
#338953472
0#
#338971990
b101100 .
1#
#338990508
0#
#339009026
b101101 .
1#
#339027544
0#
#339046062
b101110 .
1#
#339064580
0#
#339083098
b101111 .
1#
#339101616
0#
#339120134
b110000 .
1#
#339138652
0#
#339157170
b110001 .
1#
#339175688
0#
#339194206
b110010 .
1#
#339212724
0#
#339231242
b110011 .
1#
#339249760
0#
#339268278
b110100 .
1#
#339286796
0#
#339305314
b110101 .
1#
#339323832
0#
#339342350
b110110 .
1#
#339360868
0#
#339379386
b110111 .
1#
#339397904
0#
#339416422
b111000 .
1#
#339434940
0#
#339453458
b111001 .
1#
#339471976
0#
#339490494
b111010 .
1#
#339509012
0#
#339527530
b111011 .
1#
#339546048
0#
#339564566
b111100 .
1#
#339583084
0#
#339601602
b111101 .
1#
#339620120
0#
#339638638
b111110 .
1#
#339657156
0#
#339675674
b111111 .
1#
#339694192
0#
#339712710
b1000000 .
1#
#339731228
0#
#339749746
b1000001 .
1#
#339768264
0#
#339786782
b1000010 .
1#
#339805300
0#
#339823818
b1000011 .
1#
#339842336
0#
#339860854
b1000100 .
1#
#339879372
0#
#339897890
b1000101 .
1#
#339916408
0#
#339934926
b1000110 .
1#
#339953444
0#
#339971962
b1000111 .
1#
#339990480
0#
#340008998
b1001000 .
1#
#340027516
0#
#340046034
b1001001 .
1#
#340064552
0#
#340083070
b1001010 .
1#
#340101588
0#
#340120106
b1001011 .
1#
#340138624
0#
#340157142
b1001100 .
1#
#340175660
0#
#340194178
b1001101 .
1#
#340212696
0#
#340231214
b1001110 .
1#
#340249732
0#
#340268250
b1001111 .
1#
#340286768
0#
#340305286
b1010000 .
1#
#340323804
0#
#340342322
b1010001 .
1#
#340360840
0#
#340379358
b1010010 .
1#
#340397876
0#
#340416394
b1010011 .
1#
#340434912
0#
#340453430
b1010100 .
1#
#340471948
0#
#340490466
b1010101 .
1#
#340508984
0#
#340527502
b1010110 .
1#
#340546020
0#
#340564538
b1010111 .
1#
#340583056
0#
#340601574
b1011000 .
1#
#340620092
0#
#340638610
b1011001 .
1#
#340657128
0#
#340675646
b1011010 .
1#
#340694164
0#
#340712682
b1011011 .
1#
#340731200
0#
#340749718
b1011100 .
1#
#340768236
0#
#340786754
b1011101 .
1#
#340805272
0#
#340823790
b1011110 .
1#
#340842308
0#
#340860826
b1011111 .
1#
#340879344
0#
#340897862
b1100000 .
1#
#340916380
0#
#340934898
b1100001 .
1#
#340953416
0#
#340971934
b1100010 .
1#
#340990452
0#
#341008970
b1100011 .
1#
#341027488
0#
#341046006
b1100100 .
1#
#341064524
0#
#341083042
b1100101 .
1#
#341101560
0#
#341120078
b1100110 .
1#
#341138596
0#
#341157114
b1100111 .
1#
#341175632
0#
#341194150
b1101000 .
1#
#341212668
0#
#341231186
b1101001 .
1#
#341249704
0#
#341268222
b1101010 .
1#
#341286740
0#
#341305258
b1101011 .
1#
#341323776
0#
#341342294
b1101100 .
1#
#341360812
0#
#341379330
b1101101 .
1#
#341397848
0#
#341416366
b1101110 .
1#
#341434884
0#
#341453402
b1101111 .
1#
#341471920
0#
#341490438
b1110000 .
1#
#341508956
0#
#341527474
b1110001 .
1#
#341545992
0#
#341564510
b1110010 .
1#
#341580000
b11 =
#341583028
0#
#341601546
b1110011 .
1#
#341620064
0#
#341638582
b1110100 .
1#
#341657100
0#
#341675618
b1110101 .
1#
#341694136
0#
#341712654
b1110110 .
1#
#341731172
0#
#341749690
b1110111 .
1#
#341768208
0#
#341786726
b1111000 .
1#
#341805244
0#
#341823762
b1111001 .
1#
#341842280
0#
#341860798
b1111010 .
1#
#341879316
0#
#341897834
b1111011 .
1#
#341916352
0#
#341934870
b1111100 .
1#
#341953388
0#
#341971906
b1111101 .
1#
#341990424
0#
#342008942
b1111110 .
1#
#342027460
0#
#342045978
b1111111 .
1#
#342064496
0#
#342083014
b10000000 .
1#
#342101532
0#
#342120050
b10000001 .
1#
#342138568
0#
#342157086
b10000010 .
1#
#342175604
0#
#342194122
b10000011 .
1#
#342212640
0#
#342231158
b10000100 .
1#
#342249676
0#
#342268194
b10000101 .
1#
#342286712
0#
#342305230
b10000110 .
1#
#342323748
0#
#342342266
b10000111 .
1#
#342360784
0#
#342379302
b10001000 .
1#
#342397820
0#
#342416338
b10001001 .
1#
#342434856
0#
#342453374
b10001010 .
1#
#342471892
0#
#342490410
b10001011 .
1#
#342508928
0#
#342527446
b10001100 .
1#
#342545964
0#
#342564482
b10001101 .
1#
#342583000
0#
#342601518
b10001110 .
1#
#342620036
0#
#342638554
b10001111 .
1#
#342657072
0#
#342675590
b10010000 .
1#
#342694108
0#
#342712626
b10010001 .
1#
#342731144
0#
#342749662
b10010010 .
1#
#342768180
0#
#342786698
b10010011 .
1#
#342805216
0#
#342823734
b10010100 .
1#
#342842252
0#
#342860770
b10010101 .
1#
#342879288
0#
#342897806
b10010110 .
1#
#342916324
0#
#342934842
b10010111 .
1#
#342953360
0#
#342971878
b10011000 .
1#
#342990396
0#
#343008914
b10011001 .
1#
#343027432
0#
#343045950
b10011010 .
1#
#343064468
0#
#343082986
b10011011 .
1#
#343101504
0#
#343120022
b10011100 .
1#
#343138540
0#
#343157058
b10011101 .
1#
#343175576
0#
#343194094
b10011110 .
1#
#343212612
0#
#343231130
b10011111 .
1#
#343249648
0#
#343268166
b10100000 .
1#
#343286684
0#
#343305202
b10100001 .
1#
#343323720
0#
#343342238
b10100010 .
1#
#343360756
0#
#343379274
b10100011 .
1#
#343397792
0#
#343416310
b10100100 .
1#
#343434828
0#
#343453346
b10100101 .
1#
#343471864
0#
#343490382
b10100110 .
1#
#343508900
0#
#343527418
b10100111 .
1#
#343545936
0#
#343564454
b10101000 .
1#
#343582972
0#
#343601490
b10101001 .
1#
#343620008
0#
#343638526
b10101010 .
1#
#343657044
0#
#343675562
b10101011 .
1#
#343694080
0#
#343712598
b10101100 .
1#
#343731116
0#
#343749634
b10101101 .
1#
#343768152
0#
#343786670
b10101110 .
1#
#343805188
0#
#343823706
b10101111 .
1#
#343842224
0#
#343860742
b10110000 .
1#
#343879260
0#
#343897778
b10110001 .
1#
#343916296
0#
#343934814
b10110010 .
1#
#343953332
0#
#343971850
b10110011 .
1#
#343990368
0#
#344008886
b10110100 .
1#
#344027404
0#
#344045922
b10110101 .
1#
#344064440
0#
#344082958
b10110110 .
1#
#344101476
0#
#344119994
b10110111 .
1#
#344138512
0#
#344157030
b10111000 .
1#
#344175548
0#
#344194066
b10111001 .
1#
#344212584
0#
#344231102
b10111010 .
1#
#344249620
0#
#344268138
b10111011 .
1#
#344286656
0#
#344305174
b10111100 .
1#
#344323692
0#
#344342210
b10111101 .
1#
#344360728
0#
#344379246
b10111110 .
1#
#344397764
0#
#344416282
b10111111 .
1#
#344434800
0#
#344453318
b11000000 .
1#
#344471836
0#
#344490354
b11000001 .
1#
#344508872
0#
#344527390
b11000010 .
1#
#344545908
0#
#344564426
b11000011 .
1#
#344582944
0#
#344601462
b11000100 .
1#
#344619980
0#
#344638498
b11000101 .
1#
#344657016
0#
#344675534
b11000110 .
1#
#344694052
0#
#344712570
b11000111 .
1#
#344731088
0#
#344749606
b11001000 .
1#
#344768124
0#
#344786642
b11001001 .
1#
#344805160
0#
#344823678
b11001010 .
1#
#344842196
0#
#344860714
b11001011 .
1#
#344879232
0#
#344897750
b11001100 .
1#
#344916268
0#
#344934786
b11001101 .
1#
#344953304
0#
#344971822
b11001110 .
1#
#344990340
0#
#345008858
b11001111 .
1#
#345027376
0#
#345045894
b11010000 .
1#
#345064412
0#
#345082930
b11010001 .
1#
#345101448
0#
#345119966
b11010010 .
1#
#345138484
0#
#345157002
b11010011 .
1#
#345175520
0#
#345194038
b11010100 .
1#
#345212556
0#
#345231074
b11010101 .
1#
#345249592
0#
#345268110
b11010110 .
1#
#345286628
0#
#345305146
b11010111 .
1#
#345323664
0#
#345342182
b11011000 .
1#
#345360700
0#
#345379218
b11011001 .
1#
#345397736
0#
#345416254
b11011010 .
1#
#345434772
0#
#345453290
b11011011 .
1#
#345471808
0#
#345490326
b11011100 .
1#
#345508844
0#
#345527362
b11011101 .
1#
#345545880
0#
#345564398
b11011110 .
1#
#345582916
0#
#345601434
b11011111 .
1#
#345619952
0#
#345638470
b11100000 .
1#
#345656988
0#
#345675506
b11100001 .
1#
#345694024
0#
#345712542
b11100010 .
1#
#345731060
0#
#345749578
b11100011 .
1#
#345768096
0#
#345786614
b11100100 .
1#
#345805132
0#
#345823650
b11100101 .
1#
#345842168
0#
#345860686
b11100110 .
1#
#345879204
0#
#345897722
b11100111 .
1#
#345916240
0#
#345934758
b11101000 .
1#
#345953276
0#
#345971794
b11101001 .
1#
#345990312
0#
#346008830
b100 /
b0 .
1#
#346027348
0#
#346045866
b1 .
1#
#346064384
0#
#346082902
b10 .
1#
#346101420
0#
#346119938
b11 .
1#
#346138456
0#
#346156974
b100 .
1#
#346175492
0#
#346194010
b101 .
1#
#346212528
0#
#346231046
b110 .
1#
#346249564
0#
#346268082
b111 .
1#
#346286600
0#
#346305118
b1000 .
1#
#346323636
0#
#346342154
b1001 .
1#
#346360672
0#
#346379190
b1010 .
1#
#346397708
0#
#346416226
b1011 .
1#
#346434744
0#
#346453262
b1100 .
1#
#346471780
0#
#346490298
b1101 .
1#
#346508816
0#
#346527334
b1110 .
1#
#346545852
0#
#346564370
b1111 .
1#
#346582888
0#
#346601406
b10000 .
1#
#346619924
0#
#346638442
b10001 .
1#
#346656960
0#
#346675478
b10010 .
1#
#346693996
0#
#346712514
b10011 .
1#
#346731032
0#
#346749550
b10100 .
1#
#346768068
0#
#346786586
b10101 .
1#
#346805104
0#
#346823622
b10110 .
1#
#346842140
0#
#346860658
b10111 .
1#
#346879176
0#
#346897694
b11000 .
1#
#346916212
0#
#346934730
b11001 .
1#
#346953248
0#
#346971766
b11010 .
1#
#346990284
0#
#347008802
b11011 .
1#
#347027320
0#
#347045838
b11100 .
1#
#347064356
0#
#347082874
b11101 .
1#
#347101392
0#
#347119910
b11110 .
1#
#347138428
0#
#347156946
b11111 .
1#
#347175464
0#
#347193982
b100000 .
1#
#347212500
0#
#347231018
b100001 .
1#
#347249536
0#
#347268054
b100010 .
1#
#347286572
0#
#347305090
b100011 .
1#
#347323608
0#
#347342126
b100100 .
1#
#347360644
0#
#347379162
b100101 .
1#
#347397680
0#
#347416198
b100110 .
1#
#347434716
0#
#347453234
b100111 .
1#
#347471752
0#
#347490270
b101000 .
1#
#347508788
0#
#347527306
b101001 .
1#
#347545824
0#
#347564342
b101010 .
1#
#347582860
0#
#347601378
b101011 .
1#
#347619896
0#
#347638414
b101100 .
1#
#347656932
0#
#347675450
b101101 .
1#
#347693968
0#
#347712486
b101110 .
1#
#347731004
0#
#347749522
b101111 .
1#
#347768040
0#
#347786558
b110000 .
1#
#347805076
0#
#347823594
b110001 .
1#
#347842112
0#
#347860630
b110010 .
1#
#347879148
0#
#347897666
b110011 .
1#
#347916184
0#
#347934702
b110100 .
1#
#347953220
0#
#347971738
b110101 .
1#
#347990256
0#
#348008774
b110110 .
1#
#348027292
0#
#348045810
b110111 .
1#
#348064328
0#
#348082846
b111000 .
1#
#348101364
0#
#348119882
b111001 .
1#
#348138400
0#
#348156918
b111010 .
1#
#348175436
0#
#348193954
b111011 .
1#
#348212472
0#
#348230990
b111100 .
1#
#348249508
0#
#348268026
b111101 .
1#
#348286544
0#
#348305062
b111110 .
1#
#348323580
0#
#348342098
b111111 .
1#
#348360616
0#
#348379134
b1000000 .
1#
#348397652
0#
#348416170
b1000001 .
1#
#348434688
0#
#348453206
b1000010 .
1#
#348471724
0#
#348490242
b1000011 .
1#
#348508760
0#
#348527278
b1000100 .
1#
#348545796
0#
#348564314
b1000101 .
1#
#348582832
0#
#348601350
b1000110 .
1#
#348619868
0#
#348638386
b1000111 .
1#
#348656904
0#
#348675422
b1001000 .
1#
#348693940
0#
#348712458
b1001001 .
1#
#348730976
0#
#348749494
b1001010 .
1#
#348768012
0#
#348786530
b1001011 .
1#
#348805048
0#
#348823566
b1001100 .
1#
#348842084
0#
#348860602
b1001101 .
1#
#348879120
0#
#348897638
b1001110 .
1#
#348916156
0#
#348934674
b1001111 .
1#
#348953192
0#
#348971710
b1010000 .
1#
#348990228
0#
#349008746
b1010001 .
1#
#349027264
0#
#349045782
b1010010 .
1#
#349064300
0#
#349082818
b1010011 .
1#
#349101336
0#
#349119854
b1010100 .
1#
#349138372
0#
#349156890
b1010101 .
1#
#349175408
0#
#349193926
b1010110 .
1#
#349212444
0#
#349230962
b1010111 .
1#
#349249480
0#
#349267998
b1011000 .
1#
#349286516
0#
#349305034
b1011001 .
1#
#349323552
0#
#349342070
b1011010 .
1#
#349360588
0#
#349379106
b1011011 .
1#
#349397624
0#
#349416142
b1011100 .
1#
#349434660
0#
#349453178
b1011101 .
1#
#349471696
0#
#349490214
b1011110 .
1#
#349508732
0#
#349527250
b1011111 .
1#
#349545768
0#
#349564286
b1100000 .
1#
#349582804
0#
#349601322
b1100001 .
1#
#349619840
0#
#349638358
b1100010 .
1#
#349656876
0#
#349675394
b1100011 .
1#
#349693912
0#
#349712430
b1100100 .
1#
#349730948
0#
#349749466
b1100101 .
1#
#349767984
0#
#349786502
b1100110 .
1#
#349805020
0#
#349823538
b1100111 .
1#
#349842056
0#
#349860574
b1101000 .
1#
#349879092
0#
#349897610
b1101001 .
1#
#349916128
0#
#349934646
b1101010 .
1#
#349953164
0#
#349971682
b1101011 .
1#
#349990200
0#
#350008718
b1101100 .
1#
#350027236
0#
#350045754
b1101101 .
1#
#350064272
0#
#350082790
b1101110 .
1#
#350101308
0#
#350119826
b1101111 .
1#
#350138344
0#
#350156862
b1110000 .
1#
#350175380
0#
#350193898
b1110001 .
1#
#350212416
0#
#350230934
b1110010 .
1#
#350249452
0#
#350250000
b100 =
#350267970
b1110011 .
1#
#350286488
0#
#350305006
b1110100 .
1#
#350323524
0#
#350342042
b1110101 .
1#
#350360560
0#
#350379078
b1110110 .
1#
#350397596
0#
#350416114
b1110111 .
1#
#350434632
0#
#350453150
b1111000 .
1#
#350471668
0#
#350490186
b1111001 .
1#
#350508704
0#
#350527222
b1111010 .
1#
#350545740
0#
#350564258
b1111011 .
1#
#350582776
0#
#350601294
b1111100 .
1#
#350619812
0#
#350638330
b1111101 .
1#
#350656848
0#
#350675366
b1111110 .
1#
#350693884
0#
#350712402
b1111111 .
1#
#350730920
0#
#350749438
b10000000 .
1#
#350767956
0#
#350786474
b10000001 .
1#
#350804992
0#
#350823510
b10000010 .
1#
#350842028
0#
#350860546
b10000011 .
1#
#350879064
0#
#350897582
b10000100 .
1#
#350916100
0#
#350934618
b10000101 .
1#
#350953136
0#
#350971654
b10000110 .
1#
#350990172
0#
#351008690
b10000111 .
1#
#351027208
0#
#351045726
b10001000 .
1#
#351064244
0#
#351082762
b10001001 .
1#
#351101280
0#
#351119798
b10001010 .
1#
#351138316
0#
#351156834
b10001011 .
1#
#351175352
0#
#351193870
b10001100 .
1#
#351212388
0#
#351230906
b10001101 .
1#
#351249424
0#
#351267942
b10001110 .
1#
#351286460
0#
#351304978
b10001111 .
1#
#351323496
0#
#351342014
b10010000 .
1#
#351360532
0#
#351379050
b10010001 .
1#
#351397568
0#
#351416086
b10010010 .
1#
#351434604
0#
#351453122
b10010011 .
1#
#351471640
0#
#351490158
b10010100 .
1#
#351508676
0#
#351527194
b10010101 .
1#
#351545712
0#
#351564230
b10010110 .
1#
#351582748
0#
#351601266
b10010111 .
1#
#351619784
0#
#351638302
b10011000 .
1#
#351656820
0#
#351675338
b10011001 .
1#
#351693856
0#
#351712374
b10011010 .
1#
#351730892
0#
#351749410
b10011011 .
1#
#351767928
0#
#351786446
b10011100 .
1#
#351804964
0#
#351823482
b10011101 .
1#
#351842000
0#
#351860518
b10011110 .
1#
#351879036
0#
#351897554
b10011111 .
1#
#351916072
0#
#351934590
b10100000 .
1#
#351953108
0#
#351971626
b10100001 .
1#
#351990144
0#
#352008662
b10100010 .
1#
#352027180
0#
#352045698
b10100011 .
1#
#352064216
0#
#352082734
b10100100 .
1#
#352101252
0#
#352119770
b10100101 .
1#
#352138288
0#
#352156806
b10100110 .
1#
#352175324
0#
#352193842
b10100111 .
1#
#352212360
0#
#352230878
b10101000 .
1#
#352249396
0#
#352267914
b10101001 .
1#
#352286432
0#
#352304950
b10101010 .
1#
#352323468
0#
#352341986
b10101011 .
1#
#352360504
0#
#352379022
b10101100 .
1#
#352397540
0#
#352416058
b10101101 .
1#
#352434576
0#
#352453094
b10101110 .
1#
#352471612
0#
#352490130
b10101111 .
1#
#352508648
0#
#352527166
b10110000 .
1#
#352545684
0#
#352564202
b10110001 .
1#
#352582720
0#
#352601238
b10110010 .
1#
#352619756
0#
#352638274
b10110011 .
1#
#352656792
0#
#352675310
b10110100 .
1#
#352693828
0#
#352712346
b10110101 .
1#
#352730864
0#
#352749382
b10110110 .
1#
#352767900
0#
#352786418
b10110111 .
1#
#352804936
0#
#352823454
b10111000 .
1#
#352841972
0#
#352860490
b10111001 .
1#
#352879008
0#
#352897526
b10111010 .
1#
#352916044
0#
#352934562
b10111011 .
1#
#352953080
0#
#352971598
b10111100 .
1#
#352990116
0#
#353008634
b10111101 .
1#
#353027152
0#
#353045670
b10111110 .
1#
#353064188
0#
#353082706
b10111111 .
1#
#353101224
0#
#353119742
b11000000 .
1#
#353138260
0#
#353156778
b11000001 .
1#
#353175296
0#
#353193814
b11000010 .
1#
#353212332
0#
#353230850
b11000011 .
1#
#353249368
0#
#353267886
b11000100 .
1#
#353286404
0#
#353304922
b11000101 .
1#
#353323440
0#
#353341958
b11000110 .
1#
#353360476
0#
#353378994
b11000111 .
1#
#353397512
0#
#353416030
b11001000 .
1#
#353434548
0#
#353453066
b11001001 .
1#
#353471584
0#
#353490102
b11001010 .
1#
#353508620
0#
#353527138
b11001011 .
1#
#353545656
0#
#353564174
b11001100 .
1#
#353582692
0#
#353601210
b11001101 .
1#
#353619728
0#
#353638246
b11001110 .
1#
#353656764
0#
#353675282
b11001111 .
1#
#353693800
0#
#353712318
b11010000 .
1#
#353730836
0#
#353749354
b11010001 .
1#
#353767872
0#
#353786390
b11010010 .
1#
#353804908
0#
#353823426
b11010011 .
1#
#353841944
0#
#353860462
b11010100 .
1#
#353878980
0#
#353897498
b11010101 .
1#
#353916016
0#
#353934534
b11010110 .
1#
#353953052
0#
#353971570
b11010111 .
1#
#353990088
0#
#354008606
b11011000 .
1#
#354027124
0#
#354045642
b11011001 .
1#
#354064160
0#
#354082678
b11011010 .
1#
#354101196
0#
#354119714
b11011011 .
1#
#354138232
0#
#354156750
b11011100 .
1#
#354175268
0#
#354193786
b11011101 .
1#
#354212304
0#
#354230822
b11011110 .
1#
#354249340
0#
#354267858
b11011111 .
1#
#354286376
0#
#354304894
b11100000 .
1#
#354323412
0#
#354341930
b11100001 .
1#
#354360448
0#
#354378966
b11100010 .
1#
#354397484
0#
#354416002
b11100011 .
1#
#354434520
0#
#354453038
b11100100 .
1#
#354471556
0#
#354490074
b11100101 .
1#
#354508592
0#
#354527110
b11100110 .
1#
#354545628
0#
#354564146
b11100111 .
1#
#354582664
0#
#354601182
b11101000 .
1#
#354619700
0#
#354638218
b11101001 .
1#
#354656736
0#
#354675254
b101 /
b1000001 1
b0 .
1#
#354693772
0#
#354712290
b1 .
1#
#354730808
0#
#354749326
b10 .
1#
#354767844
0#
#354786362
b11 .
1#
#354804880
0#
#354823398
b100 .
1#
#354841916
0#
#354860434
b101 .
1#
#354878952
0#
#354897470
b110 .
1#
#354915988
0#
#354934506
b111 .
1#
#354953024
0#
#354971542
b1000 .
1#
#354990060
0#
#355008578
b1001 .
1#
#355027096
0#
#355045614
b1010 .
1#
#355064132
0#
#355082650
b1011 .
1#
#355101168
0#
#355119686
b1100 .
1#
#355138204
0#
#355156722
b1101 .
1#
#355175240
0#
#355193758
b1110 .
1#
#355212276
0#
#355230794
b1111 .
1#
#355249312
0#
#355267830
b10000 .
1#
#355286348
0#
#355304866
b10001 .
1#
#355323384
0#
#355341902
b10010 .
1#
#355360420
0#
#355378938
b10011 .
1#
#355397456
0#
#355415974
b10100 .
1#
#355434492
0#
#355453010
b10101 .
1#
#355471528
0#
#355490046
b10110 .
1#
#355508564
0#
#355527082
b10111 .
1#
#355545600
0#
#355564118
b11000 .
1#
#355582636
0#
#355601154
b11001 .
1#
#355619672
0#
#355638190
b11010 .
1#
#355656708
0#
#355675226
b11011 .
1#
#355693744
0#
#355712262
b11100 .
1#
#355730780
0#
#355749298
b11101 .
1#
#355767816
0#
#355786334
b11110 .
1#
#355804852
0#
#355823370
b11111 .
1#
#355841888
0#
#355860406
b100000 .
1#
#355878924
0#
#355897442
b100001 .
1#
#355915960
0#
#355934478
b100010 .
1#
#355952996
0#
#355971514
b100011 .
1#
#355990032
0#
#356008550
b100100 .
1#
#356027068
0#
#356045586
b100101 .
1#
#356064104
0#
#356082622
b100110 .
1#
#356101140
0#
#356119658
b100111 .
1#
#356138176
0#
#356156694
b101000 .
1#
#356175212
0#
#356193730
b101001 .
1#
#356212248
0#
#356230766
b101010 .
1#
#356249284
0#
#356267802
b101011 .
1#
#356286320
0#
#356304838
b101100 .
1#
#356323356
0#
#356341874
b101101 .
1#
#356360392
0#
#356378910
b101110 .
1#
#356397428
0#
#356415946
b101111 .
1#
#356434464
0#
#356452982
b110000 .
1#
#356471500
0#
#356490018
b110001 .
1#
#356508536
0#
#356527054
b110010 .
1#
#356545572
0#
#356564090
b110011 .
1#
#356582608
0#
#356601126
b110100 .
1#
#356619644
0#
#356638162
b110101 .
1#
#356656680
0#
#356675198
b110110 .
1#
#356693716
0#
#356712234
b110111 .
1#
#356730752
0#
#356749270
b111000 .
1#
#356767788
0#
#356786306
b111001 .
1#
#356804824
0#
#356823342
b111010 .
1#
#356841860
0#
#356860378
b111011 .
1#
#356878896
0#
#356897414
b111100 .
1#
#356915932
0#
#356934450
b111101 .
1#
#356952968
0#
#356971486
b111110 .
1#
#356990004
0#
#357008522
b111111 .
1#
#357027040
0#
#357045558
b1000000 .
1#
#357064076
0#
#357082594
b1000001 .
1#
#357101112
0#
#357119630
b1000010 .
1#
#357138148
0#
#357156666
b1000011 .
1#
#357175184
0#
#357193702
b1000100 .
1#
#357212220
0#
#357230738
b1000101 .
1#
#357249256
0#
#357267774
b1000110 .
1#
#357286292
0#
#357304810
b1000111 .
1#
#357323328
0#
#357341846
b1001000 .
1#
#357360364
0#
#357378882
b1001001 .
1#
#357397400
0#
#357415918
b1001010 .
1#
#357434436
0#
#357452954
b1001011 .
1#
#357471472
0#
#357489990
b1001100 .
1#
#357508508
0#
#357527026
b1001101 .
1#
#357545544
0#
#357564062
b1001110 .
1#
#357582580
0#
#357601098
b1001111 .
1#
#357619616
0#
#357638134
b1010000 .
1#
#357656652
0#
#357675170
b1010001 .
1#
#357693688
0#
#357712206
b1010010 .
1#
#357730724
0#
#357749242
b1010011 .
1#
#357767760
0#
#357786278
b1010100 .
1#
#357804796
0#
#357823314
b1010101 .
1#
#357841832
0#
#357860350
b1010110 .
1#
#357878868
0#
#357897386
b1010111 .
1#
#357915904
0#
#357934422
b1011000 .
1#
#357952940
0#
#357971458
b1011001 .
1#
#357989976
0#
#358008494
b1011010 .
1#
#358027012
0#
#358045530
b1011011 .
1#
#358064048
0#
#358082566
b1011100 .
1#
#358101084
0#
#358119602
b1011101 .
1#
#358138120
0#
#358156638
b1011110 .
1#
#358175156
0#
#358193674
b1011111 .
1#
#358212192
0#
#358230710
b1100000 .
1#
#358249228
0#
#358267746
b1100001 .
1#
#358286264
0#
#358304782
b1100010 .
1#
#358323300
0#
#358341818
b1100011 .
1#
#358360336
0#
#358378854
b1100100 .
1#
#358397372
0#
#358415890
b1100101 .
1#
#358434408
0#
#358452926
b1100110 .
1#
#358471444
0#
#358489962
b1100111 .
1#
#358508480
0#
#358526998
b1101000 .
1#
#358545516
0#
#358564034
b1101001 .
1#
#358582552
0#
#358601070
b1101010 .
1#
#358619588
0#
#358638106
b1101011 .
1#
#358656624
0#
#358675142
b1101100 .
1#
#358693660
0#
#358712178
b1101101 .
1#
#358730696
0#
#358749214
b1101110 .
1#
#358767732
0#
#358786250
b1101111 .
1#
#358804768
0#
#358823286
b1110000 .
1#
#358841804
0#
#358860322
b1110001 .
1#
#358878840
0#
#358897358
b1110010 .
1#
#358915876
0#
#358920000
b101 =
#358934394
b1110011 .
1#
#358952912
0#
#358971430
b1110100 .
1#
#358989948
0#
#359008466
b1110101 .
1#
#359026984
0#
#359045502
b1110110 .
1#
#359064020
0#
#359082538
b1110111 .
1#
#359101056
0#
#359119574
b1111000 .
1#
#359138092
0#
#359156610
b1111001 .
1#
#359175128
0#
#359193646
b1111010 .
1#
#359212164
0#
#359230682
b1111011 .
1#
#359249200
0#
#359267718
b1111100 .
1#
#359286236
0#
#359304754
b1111101 .
1#
#359323272
0#
#359341790
b1111110 .
1#
#359360308
0#
#359378826
b1111111 .
1#
#359397344
0#
#359415862
b10000000 .
1#
#359434380
0#
#359452898
b10000001 .
1#
#359471416
0#
#359489934
b10000010 .
1#
#359508452
0#
#359526970
b10000011 .
1#
#359545488
0#
#359564006
b10000100 .
1#
#359582524
0#
#359601042
b10000101 .
1#
#359619560
0#
#359638078
b10000110 .
1#
#359656596
0#
#359675114
b10000111 .
1#
#359693632
0#
#359712150
b10001000 .
1#
#359730668
0#
#359749186
b10001001 .
1#
#359767704
0#
#359786222
b10001010 .
1#
#359804740
0#
#359823258
b10001011 .
1#
#359841776
0#
#359860294
b10001100 .
1#
#359878812
0#
#359897330
b10001101 .
1#
#359915848
0#
#359934366
b10001110 .
1#
#359952884
0#
#359971402
b10001111 .
1#
#359989920
0#
#360008438
b10010000 .
1#
#360026956
0#
#360045474
b10010001 .
1#
#360063992
0#
#360082510
b10010010 .
1#
#360101028
0#
#360119546
b10010011 .
1#
#360138064
0#
#360156582
b10010100 .
1#
#360175100
0#
#360193618
b10010101 .
1#
#360212136
0#
#360230654
b10010110 .
1#
#360249172
0#
#360267690
b10010111 .
1#
#360286208
0#
#360304726
b10011000 .
1#
#360323244
0#
#360341762
b10011001 .
1#
#360360280
0#
#360378798
b10011010 .
1#
#360397316
0#
#360415834
b10011011 .
1#
#360434352
0#
#360452870
b10011100 .
1#
#360471388
0#
#360489906
b10011101 .
1#
#360508424
0#
#360526942
b10011110 .
1#
#360545460
0#
#360563978
b10011111 .
1#
#360582496
0#
#360601014
b10100000 .
1#
#360619532
0#
#360638050
b10100001 .
1#
#360656568
0#
#360675086
b10100010 .
1#
#360693604
0#
#360712122
b10100011 .
1#
#360730640
0#
#360749158
b10100100 .
1#
#360767676
0#
#360786194
b10100101 .
1#
#360804712
0#
#360823230
b10100110 .
1#
#360841748
0#
#360860266
b10100111 .
1#
#360878784
0#
#360897302
b10101000 .
1#
#360915820
0#
#360934338
b10101001 .
1#
#360952856
0#
#360971374
b10101010 .
1#
#360989892
0#
#361008410
b10101011 .
1#
#361026928
0#
#361045446
b10101100 .
1#
#361063964
0#
#361082482
b10101101 .
1#
#361101000
0#
#361119518
b10101110 .
1#
#361138036
0#
#361156554
b10101111 .
1#
#361175072
0#
#361193590
b10110000 .
1#
#361212108
0#
#361230626
b10110001 .
1#
#361249144
0#
#361267662
b10110010 .
1#
#361286180
0#
#361304698
b10110011 .
1#
#361323216
0#
#361341734
b10110100 .
1#
#361360252
0#
#361378770
b10110101 .
1#
#361397288
0#
#361415806
b10110110 .
1#
#361434324
0#
#361452842
b10110111 .
1#
#361471360
0#
#361489878
b10111000 .
1#
#361508396
0#
#361526914
b10111001 .
1#
#361545432
0#
#361563950
b10111010 .
1#
#361582468
0#
#361600986
b10111011 .
1#
#361619504
0#
#361638022
b10111100 .
1#
#361656540
0#
#361675058
b10111101 .
1#
#361693576
0#
#361712094
b10111110 .
1#
#361730612
0#
#361749130
b10111111 .
1#
#361767648
0#
#361786166
b11000000 .
1#
#361804684
0#
#361823202
b11000001 .
1#
#361841720
0#
#361860238
b11000010 .
1#
#361878756
0#
#361897274
b11000011 .
1#
#361915792
0#
#361934310
b11000100 .
1#
#361952828
0#
#361971346
b11000101 .
1#
#361989864
0#
#362008382
b11000110 .
1#
#362026900
0#
#362045418
b11000111 .
1#
#362063936
0#
#362082454
b11001000 .
1#
#362100972
0#
#362119490
b11001001 .
1#
#362138008
0#
#362156526
b11001010 .
1#
#362175044
0#
#362193562
b11001011 .
1#
#362212080
0#
#362230598
b11001100 .
1#
#362249116
0#
#362267634
b11001101 .
1#
#362286152
0#
#362304670
b11001110 .
1#
#362323188
0#
#362341706
b11001111 .
1#
#362360224
0#
#362378742
b11010000 .
1#
#362397260
0#
#362415778
b11010001 .
1#
#362434296
0#
#362452814
b11010010 .
1#
#362471332
0#
#362489850
b11010011 .
1#
#362508368
0#
#362526886
b11010100 .
1#
#362545404
0#
#362563922
b11010101 .
1#
#362582440
0#
#362600958
b11010110 .
1#
#362619476
0#
#362637994
b11010111 .
1#
#362656512
0#
#362675030
b11011000 .
1#
#362693548
0#
#362712066
b11011001 .
1#
#362730584
0#
#362749102
b11011010 .
1#
#362767620
0#
#362786138
b11011011 .
1#
#362804656
0#
#362823174
b11011100 .
1#
#362841692
0#
#362860210
b11011101 .
1#
#362878728
0#
#362897246
b11011110 .
1#
#362915764
0#
#362934282
b11011111 .
1#
#362952800
0#
#362971318
b11100000 .
1#
#362989836
0#
#363008354
b11100001 .
1#
#363026872
0#
#363045390
b11100010 .
1#
#363063908
0#
#363082426
b11100011 .
1#
#363100944
0#
#363119462
b11100100 .
1#
#363137980
0#
#363156498
b11100101 .
1#
#363175016
0#
#363193534
b11100110 .
1#
#363212052
0#
#363230570
b11100111 .
1#
#363249088
0#
#363267606
b11101000 .
1#
#363286124
0#
#363304642
b11101001 .
1#
#363323160
0#
#363341678
b110 /
b0 .
1#
#363360196
0#
#363378714
b1 .
1#
#363397232
0#
#363415750
b10 .
1#
#363434268
0#
#363452786
b11 .
1#
#363471304
0#
#363489822
b100 .
1#
#363508340
0#
#363526858
b101 .
1#
#363545376
0#
#363563894
b110 .
1#
#363582412
0#
#363600930
b111 .
1#
#363619448
0#
#363637966
b1000 .
1#
#363656484
0#
#363675002
b1001 .
1#
#363693520
0#
#363712038
b1010 .
1#
#363730556
0#
#363749074
b1011 .
1#
#363767592
0#
#363786110
b1100 .
1#
#363804628
0#
#363823146
b1101 .
1#
#363841664
0#
#363860182
b1110 .
1#
#363878700
0#
#363897218
b1111 .
1#
#363915736
0#
#363934254
b10000 .
1#
#363952772
0#
#363971290
b10001 .
1#
#363989808
0#
#364008326
b10010 .
1#
#364026844
0#
#364045362
b10011 .
1#
#364063880
0#
#364082398
b10100 .
1#
#364100916
0#
#364119434
b10101 .
1#
#364137952
0#
#364156470
b10110 .
1#
#364174988
0#
#364193506
b10111 .
1#
#364212024
0#
#364230542
b11000 .
1#
#364249060
0#
#364267578
b11001 .
1#
#364286096
0#
#364304614
b11010 .
1#
#364323132
0#
#364341650
b11011 .
1#
#364360168
0#
#364378686
b11100 .
1#
#364397204
0#
#364415722
b11101 .
1#
#364434240
0#
#364452758
b11110 .
1#
#364471276
0#
#364489794
b11111 .
1#
#364508312
0#
#364526830
b100000 .
1#
#364545348
0#
#364563866
b100001 .
1#
#364582384
0#
#364600902
b100010 .
1#
#364619420
0#
#364637938
b100011 .
1#
#364656456
0#
#364674974
b100100 .
1#
#364693492
0#
#364712010
b100101 .
1#
#364730528
0#
#364749046
b100110 .
1#
#364767564
0#
#364786082
b100111 .
1#
#364804600
0#
#364823118
b101000 .
1#
#364841636
0#
#364860154
b101001 .
1#
#364878672
0#
#364897190
b101010 .
1#
#364915708
0#
#364934226
b101011 .
1#
#364952744
0#
#364971262
b101100 .
1#
#364989780
0#
#365008298
b101101 .
1#
#365026816
0#
#365045334
b101110 .
1#
#365063852
0#
#365082370
b101111 .
1#
#365100888
0#
#365119406
b110000 .
1#
#365137924
0#
#365156442
b110001 .
1#
#365174960
0#
#365193478
b110010 .
1#
#365211996
0#
#365230514
b110011 .
1#
#365249032
0#
#365267550
b110100 .
1#
#365286068
0#
#365304586
b110101 .
1#
#365323104
0#
#365341622
b110110 .
1#
#365360140
0#
#365378658
b110111 .
1#
#365397176
0#
#365415694
b111000 .
1#
#365434212
0#
#365452730
b111001 .
1#
#365471248
0#
#365489766
b111010 .
1#
#365508284
0#
#365526802
b111011 .
1#
#365545320
0#
#365563838
b111100 .
1#
#365582356
0#
#365600874
b111101 .
1#
#365619392
0#
#365637910
b111110 .
1#
#365656428
0#
#365674946
b111111 .
1#
#365693464
0#
#365711982
b1000000 .
1#
#365730500
0#
#365749018
b1000001 .
1#
#365767536
0#
#365786054
b1000010 .
1#
#365804572
0#
#365823090
b1000011 .
1#
#365841608
0#
#365860126
b1000100 .
1#
#365878644
0#
#365897162
b1000101 .
1#
#365915680
0#
#365934198
b1000110 .
1#
#365952716
0#
#365971234
b1000111 .
1#
#365989752
0#
#366008270
b1001000 .
1#
#366026788
0#
#366045306
b1001001 .
1#
#366063824
0#
#366082342
b1001010 .
1#
#366100860
0#
#366119378
b1001011 .
1#
#366137896
0#
#366156414
b1001100 .
1#
#366174932
0#
#366193450
b1001101 .
1#
#366211968
0#
#366230486
b1001110 .
1#
#366249004
0#
#366267522
b1001111 .
1#
#366286040
0#
#366304558
b1010000 .
1#
#366323076
0#
#366341594
b1010001 .
1#
#366360112
0#
#366378630
b1010010 .
1#
#366397148
0#
#366415666
b1010011 .
1#
#366434184
0#
#366452702
b1010100 .
1#
#366471220
0#
#366489738
b1010101 .
1#
#366508256
0#
#366526774
b1010110 .
1#
#366545292
0#
#366563810
b1010111 .
1#
#366582328
0#
#366600846
b1011000 .
1#
#366619364
0#
#366637882
b1011001 .
1#
#366656400
0#
#366674918
b1011010 .
1#
#366693436
0#
#366711954
b1011011 .
1#
#366730472
0#
#366748990
b1011100 .
1#
#366767508
0#
#366786026
b1011101 .
1#
#366804544
0#
#366823062
b1011110 .
1#
#366841580
0#
#366860098
b1011111 .
1#
#366878616
0#
#366897134
b1100000 .
1#
#366915652
0#
#366934170
b1100001 .
1#
#366952688
0#
#366971206
b1100010 .
1#
#366989724
0#
#367008242
b1100011 .
1#
#367026760
0#
#367045278
b1100100 .
1#
#367063796
0#
#367082314
b1100101 .
1#
#367100832
0#
#367119350
b1100110 .
1#
#367137868
0#
#367156386
b1100111 .
1#
#367174904
0#
#367193422
b1101000 .
1#
#367211940
0#
#367230458
b1101001 .
1#
#367248976
0#
#367267494
b1101010 .
1#
#367286012
0#
#367304530
b1101011 .
1#
#367323048
0#
#367341566
b1101100 .
1#
#367360084
0#
#367378602
b1101101 .
1#
#367397120
0#
#367415638
b1101110 .
1#
#367434156
0#
#367452674
b1101111 .
1#
#367471192
0#
#367489710
b1110000 .
1#
#367508228
0#
#367526746
b1110001 .
1#
#367545264
0#
#367563782
b1110010 .
1#
#367582300
0#
#367590000
1%
b110 =
#367600818
b1110011 .
13
1#
#367619336
0#
#367637854
b1110100 .
14
1#
#367656372
0#
#367674890
b1110101 .
1#
#367693408
0#
#367711926
b1110110 .
1#
#367730444
0#
#367748962
b1110111 .
1#
#367767480
0#
#367785998
b1111000 .
1#
#367804516
0#
#367823034
b1111001 .
1#
#367841552
0#
#367860070
b1111010 .
1#
#367878588
0#
#367897106
b1111011 .
1#
#367915624
0#
#367934142
b1111100 .
1#
#367952660
0#
#367971178
b1111101 .
1#
#367989696
0#
#368008214
b1111110 .
1#
#368026732
0#
#368045250
b1111111 .
1#
#368063768
0#
#368082286
b10000000 .
1#
#368100804
0#
#368119322
b10000001 .
1#
#368137840
0#
#368156358
b10000010 .
1#
#368174876
0#
#368193394
b10000011 .
1#
#368211912
0#
#368230430
b10000100 .
1#
#368248948
0#
#368267466
b10000101 .
1#
#368285984
0#
#368304502
b10000110 .
1#
#368323020
0#
#368341538
b10000111 .
1#
#368360056
0#
#368378574
b10001000 .
1#
#368397092
0#
#368415610
b10001001 .
1#
#368434128
0#
#368452646
b10001010 .
1#
#368471164
0#
#368489682
b10001011 .
1#
#368508200
0#
#368526718
b10001100 .
1#
#368545236
0#
#368563754
b10001101 .
1#
#368582272
0#
#368600790
b10001110 .
1#
#368619308
0#
#368637826
b10001111 .
1#
#368656344
0#
#368674862
b10010000 .
1#
#368693380
0#
#368711898
b10010001 .
1#
#368730416
0#
#368748934
b10010010 .
1#
#368767452
0#
#368785970
b10010011 .
1#
#368804488
0#
#368823006
b10010100 .
1#
#368841524
0#
#368860042
b10010101 .
1#
#368878560
0#
#368897078
b10010110 .
1#
#368915596
0#
#368934114
b10010111 .
1#
#368952632
0#
#368971150
b10011000 .
1#
#368989668
0#
#369008186
b10011001 .
1#
#369026704
0#
#369045222
b10011010 .
1#
#369063740
0#
#369082258
b10011011 .
1#
#369100776
0#
#369119294
b10011100 .
1#
#369137812
0#
#369156330
b10011101 .
1#
#369174848
0#
#369193366
b10011110 .
1#
#369211884
0#
#369230402
b10011111 .
1#
#369248920
0#
#369267438
b10100000 .
1#
#369285956
0#
#369304474
b10100001 .
1#
#369322992
0#
#369341510
b10100010 .
1#
#369360028
0#
#369378546
b10100011 .
1#
#369397064
0#
#369415582
b10100100 .
1#
#369434100
0#
#369452618
b10100101 .
1#
#369471136
0#
#369489654
b10100110 .
1#
#369508172
0#
#369526690
b10100111 .
1#
#369545208
0#
#369563726
b10101000 .
1#
#369582244
0#
#369600762
b10101001 .
1#
#369619280
0#
#369637798
b10101010 .
1#
#369656316
0#
#369674834
b10101011 .
1#
#369693352
0#
#369711870
b10101100 .
1#
#369730388
0#
#369748906
b10101101 .
1#
#369767424
0#
#369785942
b10101110 .
1#
#369804460
0#
#369822978
b10101111 .
1#
#369841496
0#
#369860014
b10110000 .
1#
#369878532
0#
#369897050
b10110001 .
1#
#369915568
0#
#369934086
b10110010 .
1#
#369952604
0#
#369971122
b10110011 .
1#
#369989640
0#
#370008158
b10110100 .
1#
#370026676
0#
#370045194
b10110101 .
1#
#370063712
0#
#370082230
b10110110 .
1#
#370100748
0#
#370119266
b10110111 .
1#
#370137784
0#
#370156302
b10111000 .
1#
#370174820
0#
#370193338
b10111001 .
1#
#370211856
0#
#370230374
b10111010 .
1#
#370248892
0#
#370267410
b10111011 .
1#
#370285928
0#
#370304446
b10111100 .
1#
#370322964
0#
#370341482
b10111101 .
1#
#370360000
0#
#370378518
b10111110 .
1#
#370397036
0#
#370415554
b10111111 .
1#
#370434072
0#
#370452590
b11000000 .
1#
#370471108
0#
#370489626
b11000001 .
1#
#370508144
0#
#370526662
b11000010 .
1#
#370545180
0#
#370563698
b11000011 .
1#
#370582216
0#
#370600734
b11000100 .
1#
#370619252
0#
#370637770
b11000101 .
1#
#370656288
0#
#370674806
b11000110 .
1#
#370693324
0#
#370711842
b11000111 .
1#
#370730360
0#
#370748878
b11001000 .
1#
#370767396
0#
#370785914
b11001001 .
1#
#370804432
0#
#370822950
b11001010 .
1#
#370841468
0#
#370859986
b11001011 .
1#
#370878504
0#
#370897022
b11001100 .
1#
#370915540
0#
#370934058
b11001101 .
1#
#370952576
0#
#370971094
b11001110 .
1#
#370989612
0#
#371008130
b11001111 .
1#
#371026648
0#
#371045166
b11010000 .
1#
#371063684
0#
#371082202
b11010001 .
1#
#371100720
0#
#371119238
b11010010 .
1#
#371137756
0#
#371156274
b11010011 .
1#
#371174792
0#
#371193310
b11010100 .
1#
#371211828
0#
#371230346
b11010101 .
1#
#371248864
0#
#371267382
b11010110 .
1#
#371285900
0#
#371304418
b11010111 .
1#
#371322936
0#
#371341454
b11011000 .
1#
#371359972
0#
#371378490
b11011001 .
1#
#371397008
0#
#371415526
b11011010 .
1#
#371434044
0#
#371452562
b11011011 .
1#
#371471080
0#
#371489598
b11011100 .
1#
#371508116
0#
#371526634
b11011101 .
1#
#371545152
0#
#371563670
b11011110 .
1#
#371582188
0#
#371600706
b11011111 .
1#
#371619224
0#
#371637742
b11100000 .
1#
#371656260
0#
#371674778
b11100001 .
1#
#371693296
0#
#371711814
b11100010 .
1#
#371730332
0#
#371748850
b11100011 .
1#
#371767368
0#
#371785886
b11100100 .
1#
#371804404
0#
#371822922
b11100101 .
1#
#371841440
0#
#371859958
b11100110 .
1#
#371878476
0#
#371896994
b11100111 .
1#
#371915512
0#
#371934030
b11101000 .
1#
#371952548
0#
#371971066
b11101001 .
1#
#371989584
0#
#372008102
b111 /
b0 .
1#
#372026620
0#
#372045138
b1 .
1#
#372063656
0#
#372082174
b10 .
1#
#372100692
0#
#372119210
b11 .
1#
#372137728
0#
#372156246
b100 .
1#
#372174764
0#
#372193282
b101 .
1#
#372211800
0#
#372230318
b110 .
1#
#372248836
0#
#372267354
b111 .
1#
#372285872
0#
#372304390
b1000 .
1#
#372322908
0#
#372341426
b1001 .
1#
#372359944
0#
#372378462
b1010 .
1#
#372396980
0#
#372415498
b1011 .
1#
#372434016
0#
#372452534
b1100 .
1#
#372471052
0#
#372489570
b1101 .
1#
#372508088
0#
#372526606
b1110 .
1#
#372545124
0#
#372563642
b1111 .
1#
#372582160
0#
#372600678
b10000 .
1#
#372619196
0#
#372637714
b10001 .
1#
#372656232
0#
#372674750
b10010 .
1#
#372693268
0#
#372711786
b10011 .
1#
#372730304
0#
#372748822
b10100 .
1#
#372767340
0#
#372785858
b10101 .
1#
#372804376
0#
#372822894
b10110 .
1#
#372841412
0#
#372859930
b10111 .
1#
#372878448
0#
#372896966
b11000 .
1#
#372915484
0#
#372934002
b11001 .
1#
#372952520
0#
#372971038
b11010 .
1#
#372989556
0#
#373008074
b11011 .
1#
#373026592
0#
#373045110
b11100 .
1#
#373063628
0#
#373082146
b11101 .
1#
#373100664
0#
#373119182
b11110 .
1#
#373137700
0#
#373156218
b11111 .
1#
#373174736
0#
#373193254
b100000 .
1#
#373211772
0#
#373230290
b100001 .
1#
#373248808
0#
#373267326
b100010 .
1#
#373285844
0#
#373304362
b100011 .
1#
#373322880
0#
#373341398
b100100 .
1#
#373359916
0#
#373378434
b100101 .
1#
#373396952
0#
#373415470
b100110 .
1#
#373433988
0#
#373452506
b100111 .
1#
#373471024
0#
#373489542
b101000 .
1#
#373508060
0#
#373526578
b101001 .
1#
#373545096
0#
#373563614
b101010 .
1#
#373582132
0#
#373600650
b101011 .
1#
#373619168
0#
#373637686
b101100 .
1#
#373656204
0#
#373674722
b101101 .
1#
#373693240
0#
#373711758
b101110 .
1#
#373730276
0#
#373748794
b101111 .
1#
#373767312
0#
#373785830
b110000 .
1#
#373804348
0#
#373822866
b110001 .
1#
#373841384
0#
#373859902
b110010 .
1#
#373878420
0#
#373896938
b110011 .
1#
#373915456
0#
#373933974
b110100 .
1#
#373952492
0#
#373971010
b110101 .
1#
#373989528
0#
#374008046
b110110 .
1#
#374026564
0#
#374045082
b110111 .
1#
#374063600
0#
#374082118
b111000 .
1#
#374100636
0#
#374119154
b111001 .
1#
#374137672
0#
#374156190
b111010 .
1#
#374174708
0#
#374193226
b111011 .
1#
#374211744
0#
#374230262
b111100 .
1#
#374248780
0#
#374267298
b111101 .
1#
#374285816
0#
#374304334
b111110 .
1#
#374322852
0#
#374341370
b111111 .
1#
#374359888
0#
#374378406
b1000000 .
1#
#374396924
0#
#374415442
b1000001 .
1#
#374433960
0#
#374452478
b1000010 .
1#
#374470996
0#
#374489514
b1000011 .
1#
#374508032
0#
#374526550
b1000100 .
1#
#374545068
0#
#374563586
b1000101 .
1#
#374582104
0#
#374600622
b1000110 .
1#
#374619140
0#
#374637658
b1000111 .
1#
#374656176
0#
#374674694
b1001000 .
1#
#374693212
0#
#374711730
b1001001 .
1#
#374730248
0#
#374748766
b1001010 .
1#
#374767284
0#
#374785802
b1001011 .
1#
#374804320
0#
#374822838
b1001100 .
1#
#374841356
0#
#374859874
b1001101 .
1#
#374878392
0#
#374896910
b1001110 .
1#
#374915428
0#
#374933946
b1001111 .
1#
#374952464
0#
#374970982
b1010000 .
1#
#374989500
0#
#375008018
b1010001 .
1#
#375026536
0#
#375045054
b1010010 .
1#
#375063572
0#
#375082090
b1010011 .
1#
#375100608
0#
#375119126
b1010100 .
1#
#375137644
0#
#375156162
b1010101 .
1#
#375174680
0#
#375193198
b1010110 .
1#
#375211716
0#
#375230234
b1010111 .
1#
#375248752
0#
#375267270
b1011000 .
1#
#375285788
0#
#375304306
b1011001 .
1#
#375322824
0#
#375341342
b1011010 .
1#
#375359860
0#
#375378378
b1011011 .
1#
#375396896
0#
#375415414
b1011100 .
1#
#375433932
0#
#375452450
b1011101 .
1#
#375470968
0#
#375489486
b1011110 .
1#
#375508004
0#
#375526522
b1011111 .
1#
#375545040
0#
#375563558
b1100000 .
1#
#375582076
0#
#375600594
b1100001 .
1#
#375619112
0#
#375637630
b1100010 .
1#
#375656148
0#
#375674666
b1100011 .
1#
#375693184
0#
#375711702
b1100100 .
1#
#375730220
0#
#375748738
b1100101 .
1#
#375767256
0#
#375785774
b1100110 .
1#
#375804292
0#
#375822810
b1100111 .
1#
#375841328
0#
#375859846
b1101000 .
1#
#375878364
0#
#375896882
b1101001 .
1#
#375915400
0#
#375933918
b1101010 .
1#
#375952436
0#
#375970954
b1101011 .
1#
#375989472
0#
#376007990
b1101100 .
1#
#376026508
0#
#376045026
b1101101 .
1#
#376063544
0#
#376082062
b1101110 .
1#
#376100580
0#
#376119098
b1101111 .
1#
#376137616
0#
#376156134
b1110000 .
1#
#376174652
0#
#376193170
b1110001 .
1#
#376211688
0#
#376230206
b1110010 .
1#
#376248724
0#
#376260000
0%
b111 =
#376267242
b1110011 .
03
1#
#376285760
0#
#376304278
b1110100 .
04
1#
#376322796
0#
#376341314
b1110101 .
1#
#376359832
0#
#376378350
b1110110 .
1#
#376396868
0#
#376415386
b1110111 .
1#
#376433904
0#
#376452422
b1111000 .
1#
#376470940
0#
#376489458
b1111001 .
1#
#376507976
0#
#376526494
b1111010 .
1#
#376545012
0#
#376563530
b1111011 .
1#
#376582048
0#
#376600566
b1111100 .
1#
#376619084
0#
#376637602
b1111101 .
1#
#376656120
0#
#376674638
b1111110 .
1#
#376693156
0#
#376711674
b1111111 .
1#
#376730192
0#
#376748710
b10000000 .
1#
#376767228
0#
#376785746
b10000001 .
1#
#376804264
0#
#376822782
b10000010 .
1#
#376841300
0#
#376859818
b10000011 .
1#
#376878336
0#
#376896854
b10000100 .
1#
#376915372
0#
#376933890
b10000101 .
1#
#376952408
0#
#376970926
b10000110 .
1#
#376989444
0#
#377007962
b10000111 .
1#
#377026480
0#
#377044998
b10001000 .
1#
#377063516
0#
#377082034
b10001001 .
1#
#377100552
0#
#377119070
b10001010 .
1#
#377137588
0#
#377156106
b10001011 .
1#
#377174624
0#
#377193142
b10001100 .
1#
#377211660
0#
#377230178
b10001101 .
1#
#377248696
0#
#377267214
b10001110 .
1#
#377285732
0#
#377304250
b10001111 .
1#
#377322768
0#
#377341286
b10010000 .
1#
#377359804
0#
#377378322
b10010001 .
1#
#377396840
0#
#377415358
b10010010 .
1#
#377433876
0#
#377452394
b10010011 .
1#
#377470912
0#
#377489430
b10010100 .
1#
#377507948
0#
#377526466
b10010101 .
1#
#377544984
0#
#377563502
b10010110 .
1#
#377582020
0#
#377600538
b10010111 .
1#
#377619056
0#
#377637574
b10011000 .
1#
#377656092
0#
#377674610
b10011001 .
1#
#377693128
0#
#377711646
b10011010 .
1#
#377730164
0#
#377748682
b10011011 .
1#
#377767200
0#
#377785718
b10011100 .
1#
#377804236
0#
#377822754
b10011101 .
1#
#377841272
0#
#377859790
b10011110 .
1#
#377878308
0#
#377896826
b10011111 .
1#
#377915344
0#
#377933862
b10100000 .
1#
#377952380
0#
#377970898
b10100001 .
1#
#377989416
0#
#378007934
b10100010 .
1#
#378026452
0#
#378044970
b10100011 .
1#
#378063488
0#
#378082006
b10100100 .
1#
#378100524
0#
#378119042
b10100101 .
1#
#378137560
0#
#378156078
b10100110 .
1#
#378174596
0#
#378193114
b10100111 .
1#
#378211632
0#
#378230150
b10101000 .
1#
#378248668
0#
#378267186
b10101001 .
1#
#378285704
0#
#378304222
b10101010 .
1#
#378322740
0#
#378341258
b10101011 .
1#
#378359776
0#
#378378294
b10101100 .
1#
#378396812
0#
#378415330
b10101101 .
1#
#378433848
0#
#378452366
b10101110 .
1#
#378470884
0#
#378489402
b10101111 .
1#
#378507920
0#
#378526438
b10110000 .
1#
#378544956
0#
#378563474
b10110001 .
1#
#378581992
0#
#378600510
b10110010 .
1#
#378619028
0#
#378637546
b10110011 .
1#
#378656064
0#
#378674582
b10110100 .
1#
#378693100
0#
#378711618
b10110101 .
1#
#378730136
0#
#378748654
b10110110 .
1#
#378767172
0#
#378785690
b10110111 .
1#
#378804208
0#
#378822726
b10111000 .
1#
#378841244
0#
#378859762
b10111001 .
1#
#378878280
0#
#378896798
b10111010 .
1#
#378915316
0#
#378933834
b10111011 .
1#
#378952352
0#
#378970870
b10111100 .
1#
#378989388
0#
#379007906
b10111101 .
1#
#379026424
0#
#379044942
b10111110 .
1#
#379063460
0#
#379081978
b10111111 .
1#
#379100496
0#
#379119014
b11000000 .
1#
#379137532
0#
#379156050
b11000001 .
1#
#379174568
0#
#379193086
b11000010 .
1#
#379211604
0#
#379230122
b11000011 .
1#
#379248640
0#
#379267158
b11000100 .
1#
#379285676
0#
#379304194
b11000101 .
1#
#379322712
0#
#379341230
b11000110 .
1#
#379359748
0#
#379378266
b11000111 .
1#
#379396784
0#
#379415302
b11001000 .
1#
#379433820
0#
#379452338
b11001001 .
1#
#379470856
0#
#379489374
b11001010 .
1#
#379507892
0#
#379526410
b11001011 .
1#
#379544928
0#
#379563446
b11001100 .
1#
#379581964
0#
#379600482
b11001101 .
1#
#379619000
0#
#379637518
b11001110 .
1#
#379656036
0#
#379674554
b11001111 .
1#
#379693072
0#
#379711590
b11010000 .
1#
#379730108
0#
#379748626
b11010001 .
1#
#379767144
0#
#379785662
b11010010 .
1#
#379804180
0#
#379822698
b11010011 .
1#
#379841216
0#
#379859734
b11010100 .
1#
#379878252
0#
#379896770
b11010101 .
1#
#379915288
0#
#379933806
b11010110 .
1#
#379952324
0#
#379970842
b11010111 .
1#
#379989360
0#
#380007878
b11011000 .
1#
#380026396
0#
#380044914
b11011001 .
1#
#380063432
0#
#380081950
b11011010 .
1#
#380100468
0#
#380118986
b11011011 .
1#
#380137504
0#
#380156022
b11011100 .
1#
#380174540
0#
#380193058
b11011101 .
1#
#380211576
0#
#380230094
b11011110 .
1#
#380248612
0#
#380267130
b11011111 .
1#
#380285648
0#
#380304166
b11100000 .
1#
#380322684
0#
#380341202
b11100001 .
1#
#380359720
0#
#380378238
b11100010 .
1#
#380396756
0#
#380415274
b11100011 .
1#
#380433792
0#
#380452310
b11100100 .
1#
#380470828
0#
#380489346
b11100101 .
1#
#380507864
0#
#380526382
b11100110 .
1#
#380544900
0#
#380563418
b11100111 .
1#
#380581936
0#
#380600454
b11101000 .
1#
#380618972
0#
#380637490
b11101001 .
1#
#380656008
0#
#380674526
b11 2
b0 .
1#
#380693044
0#
#380711562
b1 .
1#
#380730080
0#
#380748598
b10 .
1#
#380767116
0#
#380785634
b11 .
1#
#380804152
0#
#380822670
b100 .
1#
#380841188
0#
#380859706
b101 .
1#
#380878224
0#
#380896742
b110 .
1#
#380915260
0#
#380933778
b111 .
1#
#380952296
0#
#380970814
b1000 .
1#
#380989332
0#
#381007850
b1001 .
1#
#381026368
0#
#381044886
b1010 .
1#
#381063404
0#
#381081922
b1011 .
1#
#381100440
0#
#381118958
b1100 .
1#
#381137476
0#
#381155994
b1101 .
1#
#381174512
0#
#381193030
b1110 .
1#
#381211548
0#
#381230066
b1111 .
1#
#381248584
0#
#381267102
b10000 .
1#
#381285620
0#
#381304138
b10001 .
1#
#381322656
0#
#381341174
b10010 .
1#
#381359692
0#
#381378210
b10011 .
1#
#381396728
0#
#381415246
b10100 .
1#
#381433764
0#
#381452282
b10101 .
1#
#381470800
0#
#381489318
b10110 .
1#
#381507836
0#
#381526354
b10111 .
1#
#381544872
0#
#381563390
b11000 .
1#
#381581908
0#
#381600426
b11001 .
1#
#381618944
0#
#381637462
b11010 .
1#
#381655980
0#
#381674498
b11011 .
1#
#381693016
0#
#381711534
b11100 .
1#
#381730052
0#
#381748570
b11101 .
1#
#381767088
0#
#381785606
b11110 .
1#
#381804124
0#
#381822642
b11111 .
1#
#381841160
0#
#381859678
b100000 .
1#
#381878196
0#
#381896714
b100001 .
1#
#381915232
0#
#381933750
b100010 .
1#
#381952268
0#
#381970786
b100011 .
1#
#381989304
0#
#382007822
b100100 .
1#
#382026340
0#
#382044858
b100101 .
1#
#382063376
0#
#382081894
b100110 .
1#
#382100412
0#
#382118930
b100111 .
1#
#382137448
0#
#382155966
b101000 .
1#
#382174484
0#
#382193002
b101001 .
1#
#382211520
0#
#382230038
b101010 .
1#
#382248556
0#
#382267074
b101011 .
1#
#382285592
0#
#382304110
b101100 .
1#
#382322628
0#
#382341146
b101101 .
1#
#382359664
0#
#382378182
b101110 .
1#
#382396700
0#
#382415218
b101111 .
1#
#382433736
0#
#382452254
b110000 .
1#
#382470772
0#
#382489290
b110001 .
1#
#382507808
0#
#382526326
b110010 .
1#
#382544844
0#
#382563362
b110011 .
1#
#382581880
0#
#382600398
b110100 .
1#
#382618916
0#
#382637434
b110101 .
1#
#382655952
0#
#382674470
b110110 .
1#
#382692988
0#
#382711506
b110111 .
1#
#382730024
0#
#382748542
b111000 .
1#
#382767060
0#
#382785578
b111001 .
1#
#382804096
0#
#382822614
b111010 .
1#
#382841132
0#
#382859650
b111011 .
1#
#382878168
0#
#382896686
b111100 .
1#
#382915204
0#
#382933722
b111101 .
1#
#382952240
0#
#382970758
b111110 .
1#
#382989276
0#
#383007794
b111111 .
1#
#383026312
0#
#383044830
b1000000 .
1#
#383063348
0#
#383081866
b1000001 .
1#
#383100384
0#
#383118902
b1000010 .
1#
#383137420
0#
#383155938
b1000011 .
1#
#383174456
0#
#383192974
b1000100 .
1#
#383211492
0#
#383230010
b1000101 .
1#
#383248528
0#
#383267046
b1000110 .
1#
#383285564
0#
#383304082
b1000111 .
1#
#383322600
0#
#383341118
b1001000 .
1#
#383359636
0#
#383378154
b1001001 .
1#
#383396672
0#
#383415190
b1001010 .
1#
#383433708
0#
#383452226
b1001011 .
1#
#383470744
0#
#383489262
b1001100 .
1#
#383507780
0#
#383526298
b1001101 .
1#
#383544816
0#
#383563334
b1001110 .
1#
#383581852
0#
#383600370
b1001111 .
1#
#383618888
0#
#383637406
b1010000 .
1#
#383655924
0#
#383674442
b1010001 .
1#
#383692960
0#
#383711478
b1010010 .
1#
#383729996
0#
#383748514
b1010011 .
1#
#383767032
0#
#383785550
b1010100 .
1#
#383804068
0#
#383822586
b1010101 .
1#
#383841104
0#
#383859622
b1010110 .
1#
#383878140
0#
#383896658
b1010111 .
1#
#383915176
0#
#383933694
b1011000 .
1#
#383952212
0#
#383970730
b1011001 .
1#
#383989248
0#
#384007766
b1011010 .
1#
#384026284
0#
#384044802
b1011011 .
1#
#384063320
0#
#384081838
b1011100 .
1#
#384100356
0#
#384118874
b1011101 .
1#
#384137392
0#
#384155910
b1011110 .
1#
#384174428
0#
#384192946
b1011111 .
1#
#384211464
0#
#384229982
b1100000 .
1#
#384248500
0#
#384267018
b1100001 .
1#
#384285536
0#
#384304054
b1100010 .
1#
#384322572
0#
#384341090
b1100011 .
1#
#384359608
0#
#384378126
b1100100 .
1#
#384396644
0#
#384415162
b1100101 .
1#
#384433680
0#
#384452198
b1100110 .
1#
#384470716
0#
#384489234
b1100111 .
1#
#384507752
0#
#384526270
b1101000 .
1#
#384544788
0#
#384563306
b1101001 .
1#
#384581824
0#
#384600342
b1101010 .
1#
#384618860
0#
#384637378
b1101011 .
1#
#384655896
0#
#384674414
b1101100 .
1#
#384692932
0#
#384711450
b1101101 .
1#
#384729968
0#
#384748486
b1101110 .
1#
#384767004
0#
#384785522
b1101111 .
1#
#384804040
0#
#384822558
b1110000 .
1#
#384841076
0#
#384859594
b1110001 .
1#
#384878112
0#
#384896630
b1110010 .
1#
#384915148
0#
#384930000
1%
b1000 =
#384933666
b1110011 .
13
1#
#384952184
0#
#384970702
b1110100 .
14
1#
#384989220
0#
#385007738
b1110101 .
1#
#385026256
0#
#385044774
b1110110 .
1#
#385063292
0#
#385081810
b1110111 .
1#
#385100328
0#
#385118846
b1111000 .
1#
#385137364
0#
#385155882
b1111001 .
1#
#385174400
0#
#385192918
b1111010 .
1#
#385211436
0#
#385229954
b1111011 .
1#
#385248472
0#
#385266990
b1111100 .
1#
#385285508
0#
#385304026
b1111101 .
1#
#385322544
0#
#385341062
b1111110 .
1#
#385359580
0#
#385378098
b1111111 .
1#
#385396616
0#
#385415134
b10000000 .
1#
#385433652
0#
#385452170
b10000001 .
1#
#385470688
0#
#385489206
b10000010 .
1#
#385507724
0#
#385526242
b10000011 .
1#
#385544760
0#
#385563278
b10000100 .
1#
#385581796
0#
#385600314
b10000101 .
1#
#385618832
0#
#385637350
b10000110 .
1#
#385655868
0#
#385674386
b10000111 .
1#
#385692904
0#
#385711422
b10001000 .
1#
#385729940
0#
#385748458
b10001001 .
1#
#385766976
0#
#385785494
b10001010 .
1#
#385804012
0#
#385822530
b10001011 .
1#
#385841048
0#
#385859566
b10001100 .
1#
#385878084
0#
#385896602
b10001101 .
1#
#385915120
0#
#385933638
b10001110 .
1#
#385952156
0#
#385970674
b10001111 .
1#
#385989192
0#
#386007710
b10010000 .
1#
#386026228
0#
#386044746
b10010001 .
1#
#386063264
0#
#386081782
b10010010 .
1#
#386100300
0#
#386118818
b10010011 .
1#
#386137336
0#
#386155854
b10010100 .
1#
#386174372
0#
#386192890
b10010101 .
1#
#386211408
0#
#386229926
b10010110 .
1#
#386248444
0#
#386266962
b10010111 .
1#
#386285480
0#
#386303998
b10011000 .
1#
#386322516
0#
#386341034
b10011001 .
1#
#386359552
0#
#386378070
b10011010 .
1#
#386396588
0#
#386415106
b10011011 .
1#
#386433624
0#
#386452142
b10011100 .
1#
#386470660
0#
#386489178
b10011101 .
1#
#386507696
0#
#386526214
b10011110 .
1#
#386544732
0#
#386563250
b10011111 .
1#
#386581768
0#
#386600286
b10100000 .
1#
#386618804
0#
#386637322
b10100001 .
1#
#386655840
0#
#386674358
b10100010 .
1#
#386692876
0#
#386711394
b10100011 .
1#
#386729912
0#
#386748430
b10100100 .
1#
#386766948
0#
#386785466
b10100101 .
1#
#386803984
0#
#386822502
b10100110 .
1#
#386841020
0#
#386859538
b10100111 .
1#
#386878056
0#
#386896574
b10101000 .
1#
#386915092
0#
#386933610
b10101001 .
1#
#386952128
0#
#386970646
b10101010 .
1#
#386989164
0#
#387007682
b10101011 .
1#
#387026200
0#
#387044718
b10101100 .
1#
#387063236
0#
#387081754
b10101101 .
1#
#387100272
0#
#387118790
b10101110 .
1#
#387137308
0#
#387155826
b10101111 .
1#
#387174344
0#
#387192862
b10110000 .
1#
#387211380
0#
#387229898
b10110001 .
1#
#387248416
0#
#387266934
b10110010 .
1#
#387285452
0#
#387303970
b10110011 .
1#
#387322488
0#
#387341006
b10110100 .
1#
#387359524
0#
#387378042
b10110101 .
1#
#387396560
0#
#387415078
b10110110 .
1#
#387433596
0#
#387452114
b10110111 .
1#
#387470632
0#
#387489150
b10111000 .
1#
#387507668
0#
#387526186
b10111001 .
1#
#387544704
0#
#387563222
b10111010 .
1#
#387581740
0#
#387600258
b10111011 .
1#
#387618776
0#
#387637294
b10111100 .
1#
#387655812
0#
#387674330
b10111101 .
1#
#387692848
0#
#387711366
b10111110 .
1#
#387729884
0#
#387748402
b10111111 .
1#
#387766920
0#
#387785438
b11000000 .
1#
#387803956
0#
#387822474
b11000001 .
1#
#387840992
0#
#387859510
b11000010 .
1#
#387878028
0#
#387896546
b11000011 .
1#
#387915064
0#
#387933582
b11000100 .
1#
#387952100
0#
#387970618
b11000101 .
1#
#387989136
0#
#388007654
b11000110 .
1#
#388026172
0#
#388044690
b11000111 .
1#
#388063208
0#
#388081726
b11001000 .
1#
#388100244
0#
#388118762
b11001001 .
1#
#388137280
0#
#388155798
b11001010 .
1#
#388174316
0#
#388192834
b11001011 .
1#
#388211352
0#
#388229870
b11001100 .
1#
#388248388
0#
#388266906
b11001101 .
1#
#388285424
0#
#388303942
b11001110 .
1#
#388322460
0#
#388340978
b11001111 .
1#
#388359496
0#
#388378014
b11010000 .
1#
#388396532
0#
#388415050
b11010001 .
1#
#388433568
0#
#388452086
b11010010 .
1#
#388470604
0#
#388489122
b11010011 .
1#
#388507640
0#
#388526158
b11010100 .
1#
#388544676
0#
#388563194
b11010101 .
1#
#388581712
0#
#388600230
b11010110 .
1#
#388618748
0#
#388637266
b11010111 .
1#
#388655784
0#
#388674302
b11011000 .
1#
#388692820
0#
#388711338
b11011001 .
1#
#388729856
0#
#388748374
b11011010 .
1#
#388766892
0#
#388785410
b11011011 .
1#
#388803928
0#
#388822446
b11011100 .
1#
#388840964
0#
#388859482
b11011101 .
1#
#388878000
0#
#388896518
b11011110 .
1#
#388915036
0#
#388933554
b11011111 .
1#
#388952072
0#
#388970590
b11100000 .
1#
#388989108
0#
#389007626
b11100001 .
1#
#389026144
0#
#389044662
b11100010 .
1#
#389063180
0#
#389081698
b11100011 .
1#
#389100216
0#
#389118734
b11100100 .
1#
#389137252
0#
#389155770
b11100101 .
1#
#389174288
0#
#389192806
b11100110 .
1#
#389211324
0#
#389229842
b11100111 .
1#
#389248360
0#
#389266878
b11101000 .
1#
#389285396
0#
#389303914
b11101001 .
1#
#389322432
0#
#389340950
b100 2
b0 .
1#
#389359468
0#
#389377986
b111110 "
b111110 &
b0 2
1(
b1000001 )
b1000001 0
1#
#389396504
0#
#389415022
1+
b1000001 *
b1000001 5
b0 /
0(
1#
#389433540
0#
#389452058
b1 ;
1'
b0 9
b1000001 :
0+
1#
#389470576
0#
#389489094
0!
b1 7
1#
#389507612
0#
#389526130
b10 7
1#
#389544648
0#
#389563166
b11 7
1#
#389581684
0#
#389600202
b100 7
1#
#389618720
0#
#389637238
b101 7
1#
#389655756
0#
#389674274
b110 7
1#
#389692792
0#
#389711310
b111 7
1#
#389729828
0#
#389748346
b1000 7
1#
#389766864
0#
#389785382
b1001 7
1#
#389803900
0#
#389822418
b1010 7
1#
#389840936
0#
#389859454
b1011 7
1#
#389877972
0#
#389896490
b1100 7
1#
#389915008
0#
#389933526
b1101 7
1#
#389952044
0#
#389970562
b1110 7
1#
#389989080
0#
#390007598
b1111 7
1#
#390026116
0#
#390044634
b10000 7
1#
#390063152
0#
#390081670
b10001 7
1#
#390100188
0#
#390118706
b10010 7
1#
#390137224
0#
#390155742
b10011 7
1#
#390174260
0#
#390192778
b10100 7
1#
#390211296
0#
#390229814
b10101 7
1#
#390248332
0#
#390266850
b10110 7
1#
#390285368
0#
#390303886
b10111 7
1#
#390322404
0#
#390340922
b11000 7
1#
#390359440
0#
#390377958
b11001 7
1#
#390396476
0#
#390414994
b11010 7
1#
#390433512
0#
#390452030
b11011 7
1#
#390470548
0#
#390489066
b11100 7
1#
#390507584
0#
#390526102
b11101 7
1#
#390544620
0#
#390563138
b11110 7
1#
#390581656
0#
#390600174
b11111 7
1#
#390618692
0#
#390637210
b100000 7
1#
#390655728
0#
#390674246
b100001 7
1#
#390692764
0#
#390711282
b100010 7
1#
#390729800
0#
#390748318
b100011 7
1#
#390766836
0#
#390785354
b100100 7
1#
#390803872
0#
#390822390
b100101 7
1#
#390840908
0#
#390859426
b100110 7
1#
#390877944
0#
#390896462
b100111 7
1#
#390914980
0#
#390933498
b101000 7
1#
#390952016
0#
#390970534
b101001 7
1#
#390989052
0#
#391007570
b101010 7
1#
#391026088
0#
#391044606
b101011 7
1#
#391063124
0#
#391081642
b101100 7
1#
#391100160
0#
#391118678
b101101 7
1#
#391137196
0#
#391155714
b101110 7
1#
#391174232
0#
#391192750
b101111 7
1#
#391211268
0#
#391229786
b110000 7
1#
#391248304
0#
#391266822
b110001 7
1#
#391285340
0#
#391303858
b110010 7
1#
#391322376
0#
#391340894
b110011 7
1#
#391359412
0#
#391377930
b110100 7
1#
#391396448
0#
#391414966
b110101 7
1#
#391433484
0#
#391452002
b110110 7
1#
#391470520
0#
#391489038
b110111 7
1#
#391507556
0#
#391526074
b111000 7
1#
#391544592
0#
#391563110
b111001 7
1#
#391581628
0#
#391600146
b111010 7
1#
#391618664
0#
#391637182
b111011 7
1#
#391655700
0#
#391674218
b111100 7
1#
#391692736
0#
#391711254
b111101 7
1#
#391729772
0#
#391748290
b111110 7
1#
#391766808
0#
#391785326
b111111 7
1#
#391803844
0#
#391822362
b1000000 7
1#
#391840880
0#
#391859398
b1000001 7
1#
#391877916
0#
#391896434
b1000010 7
1#
#391914952
0#
#391933470
b1000011 7
1#
#391951988
0#
#391970506
b1000100 7
1#
#391989024
0#
#392007542
b1000101 7
1#
#392026060
0#
#392044578
b1000110 7
1#
#392063096
0#
#392081614
b1000111 7
1#
#392100132
0#
#392118650
b1001000 7
1#
#392137168
0#
#392155686
b1001001 7
1#
#392174204
0#
#392192722
b1001010 7
1#
#392211240
0#
#392229758
b1001011 7
1#
#392248276
0#
#392266794
b1001100 7
1#
#392285312
0#
#392303830
b1001101 7
1#
#392322348
0#
#392340866
b1001110 7
1#
#392359384
0#
#392377902
b1001111 7
1#
#392396420
0#
#392414938
b1010000 7
1#
#392433456
0#
#392451974
b1010001 7
1#
#392470492
0#
#392489010
b1010010 7
1#
#392507528
0#
#392526046
b1010011 7
1#
#392544564
0#
#392563082
b1010100 7
1#
#392581600
0#
#392600118
b1010101 7
1#
#392618636
0#
#392637154
b1010110 7
1#
#392655672
0#
#392674190
b1010111 7
1#
#392692708
0#
#392711226
b1011000 7
1#
#392729744
0#
#392748262
b1011001 7
1#
#392766780
0#
#392785298
b1011010 7
1#
#392803816
0#
#392822334
b1011011 7
1#
#392840852
0#
#392859370
b1011100 7
1#
#392877888
0#
#392896406
b1011101 7
1#
#392914924
0#
#392933442
b1011110 7
1#
#392951960
0#
#392970478
b1011111 7
1#
#392988996
0#
#393007514
b1100000 7
1#
#393026032
0#
#393044550
b1100001 7
1#
#393063068
0#
#393081586
b1100010 7
1#
#393100104
0#
#393118622
b1100011 7
1#
#393137140
0#
#393155658
b1100100 7
1#
#393174176
0#
#393192694
b1100101 7
1#
#393211212
0#
#393229730
b1100110 7
1#
#393248248
0#
#393266766
b1100111 7
1#
#393285284
0#
#393303802
b1101000 7
1#
#393322320
0#
#393340838
b1101001 7
1#
#393359356
0#
#393377874
b1101010 7
1#
#393396392
0#
#393414910
b1101011 7
1#
#393433428
0#
#393451946
b1101100 7
1#
#393470464
0#
#393488982
b1101101 7
1#
#393507500
0#
#393526018
b1101110 7
1#
#393544536
0#
#393563054
b1101111 7
1#
#393581572
0#
#393600090
b1110000 7
1#
#393618608
0#
#393637126
b1110001 7
1#
#393655644
0#
#393674162
b1110010 7
1#
#393692680
0#
#393711198
b1110011 7
1#
#393729716
0#
#393748234
b1110100 7
1#
#393766752
0#
#393785270
b1110101 7
1#
#393803788
0#
#393822306
b1110110 7
1#
#393840824
0#
#393859342
b1110111 7
1#
#393877860
0#
#393896378
b1111000 7
1#
#393914896
0#
#393933414
b1111001 7
1#
#393951932
0#
#393970450
b1111010 7
1#
#393988968
0#
#394007486
b1111011 7
1#
#394026004
0#
#394044522
b1111100 7
1#
#394063040
0#
#394081558
b1111101 7
1#
#394100076
0#
#394118594
b1111110 7
1#
#394137112
0#
#394155630
b1111111 7
1#
#394174148
0#
#394192666
b10000000 7
1#
#394211184
0#
#394229702
b10000001 7
1#
#394248220
0#
#394266738
b10000010 7
1#
#394285256
0#
#394303774
b10000011 7
1#
#394322292
0#
#394340810
b10000100 7
1#
#394359328
0#
#394377846
b10000101 7
1#
#394396364
0#
#394414882
b10000110 7
1#
#394433400
0#
#394451918
b10000111 7
1#
#394470436
0#
#394488954
b10001000 7
1#
#394507472
0#
#394525990
b10001001 7
1#
#394544508
0#
#394563026
b10001010 7
1#
#394581544
0#
#394600062
b10001011 7
1#
#394618580
0#
#394637098
b10001100 7
1#
#394655616
0#
#394674134
b10001101 7
1#
#394692652
0#
#394711170
b10001110 7
1#
#394729688
0#
#394748206
b10001111 7
1#
#394766724
0#
#394785242
b10010000 7
1#
#394803760
0#
#394822278
b10010001 7
1#
#394840796
0#
#394859314
b10010010 7
1#
#394877832
0#
#394896350
b10010011 7
1#
#394914868
0#
#394933386
b10010100 7
1#
#394951904
0#
#394970422
b10010101 7
1#
#394988940
0#
#395007458
b10010110 7
1#
#395025976
0#
#395044494
b10010111 7
1#
#395063012
0#
#395081530
b10011000 7
1#
#395100048
0#
#395118566
b10011001 7
1#
#395137084
0#
#395155602
b10011010 7
1#
#395174120
0#
#395192638
b10011011 7
1#
#395211156
0#
#395229674
b10011100 7
1#
#395248192
0#
#395266710
b10011101 7
1#
#395285228
0#
#395303746
b10011110 7
1#
#395322264
0#
#395340782
b10011111 7
1#
#395359300
0#
#395377818
b10100000 7
1#
#395396336
0#
#395414854
b10100001 7
1#
#395433372
0#
#395451890
b10100010 7
1#
#395470408
0#
#395488926
b10100011 7
1#
#395507444
0#
#395525962
b10100100 7
1#
#395544480
0#
#395562998
b10100101 7
1#
#395581516
0#
#395600034
b10100110 7
1#
#395618552
0#
#395637070
b10100111 7
1#
#395655588
0#
#395674106
b10101000 7
1#
#395692624
0#
#395711142
b10101001 7
1#
#395729660
0#
#395748178
b10101010 7
1#
#395766696
0#
#395785214
b10101011 7
1#
#395803732
0#
#395822250
b10101100 7
1#
#395840768
0#
#395859286
b10101101 7
1#
#395877804
0#
#395896322
b10101110 7
1#
#395914840
0#
#395933358
b10101111 7
1#
#395951876
0#
#395970394
b10110000 7
1#
#395988912
0#
#396007430
b10110001 7
1#
#396025948
0#
#396044466
b10110010 7
1#
#396062984
0#
#396081502
b10110011 7
1#
#396100020
0#
#396118538
b10110100 7
1#
#396137056
0#
#396155574
b10110101 7
1#
#396174092
0#
#396192610
b10110110 7
1#
#396211128
0#
#396229646
b10110111 7
1#
#396248164
0#
#396266682
b10111000 7
1#
#396285200
0#
#396303718
b10111001 7
1#
#396322236
0#
#396340754
b10111010 7
1#
#396359272
0#
#396377790
b10111011 7
1#
#396396308
0#
#396414826
b10111100 7
1#
#396433344
0#
#396451862
b10111101 7
1#
#396470380
0#
#396488898
b10111110 7
1#
#396507416
0#
#396525934
b10111111 7
1#
#396544452
0#
#396562970
b11000000 7
1#
#396581488
0#
#396600006
b11000001 7
1#
#396618524
0#
#396637042
b11000010 7
1#
#396655560
0#
#396674078
b11000011 7
1#
#396692596
0#
#396711114
b11000100 7
1#
#396729632
0#
#396748150
b11000101 7
1#
#396766668
0#
#396785186
b11000110 7
1#
#396803704
0#
#396822222
b11000111 7
1#
#396840740
0#
#396859258
b11001000 7
1#
#396877776
0#
#396896294
b11001001 7
1#
#396914812
0#
#396933330
b11001010 7
1#
#396951848
0#
#396970366
b11001011 7
1#
#396988884
0#
#397007402
b11001100 7
1#
#397025920
0#
#397044438
b11001101 7
1#
#397062956
0#
#397081474
b11001110 7
1#
#397099992
0#
#397118510
b11001111 7
1#
#397137028
0#
#397155546
b11010000 7
1#
#397174064
0#
#397192582
b11010001 7
1#
#397211100
0#
#397229618
b11010010 7
1#
#397248136
0#
#397266654
b11010011 7
1#
#397285172
0#
#397303690
b11010100 7
1#
#397322208
0#
#397340726
b11010101 7
1#
#397359244
0#
#397377762
b11010110 7
1#
#397396280
0#
#397414798
b11010111 7
1#
#397433316
0#
#397451834
b11011000 7
1#
#397470352
0#
#397488870
b11011001 7
1#
#397507388
0#
#397525906
b11011010 7
1#
#397544424
0#
#397562942
b11011011 7
1#
#397581460
0#
#397599978
b11011100 7
1#
#397618496
0#
#397637014
b11011101 7
1#
#397655532
0#
#397674050
b11011110 7
1#
#397692568
0#
#397711086
b11011111 7
1#
#397729604
0#
#397748122
b11100000 7
1#
#397766640
0#
#397785158
b11100001 7
1#
#397803676
0#
#397822194
b11100010 7
1#
#397840712
0#
#397859230
b11100011 7
1#
#397877748
0#
#397896266
b11100100 7
1#
#397914784
0#
#397933302
b11100101 7
1#
#397951820
0#
#397970338
b11100110 7
1#
#397988856
0#
#398007374
b11100111 7
1#
#398025892
0#
#398044410
b11101000 7
1#
#398062928
0#
#398081446
b11101001 7
1#
#398099964
0#
#398118482
18
b0 7
1#
#398137000
0#
#398155518
b10 ;
b1 7
08
1#
#398174036
0#
#398192554
1!
b10 7
1#
#398211072
0#
#398229590
b11 7
1#
#398248108
0#
#398266626
b100 7
1#
#398285144
0#
#398303662
b101 7
1#
#398322180
0#
#398340698
b110 7
1#
#398359216
0#
#398377734
b111 7
1#
#398396252
0#
#398414770
b1000 7
1#
#398433288
0#
#398451806
b1001 7
1#
#398470324
0#
#398488842
b1010 7
1#
#398507360
0#
#398525878
b1011 7
1#
#398544396
0#
#398562914
b1100 7
1#
#398581432
0#
#398599950
b1101 7
1#
#398618468
0#
#398636986
b1110 7
1#
#398655504
0#
#398674022
b1111 7
1#
#398692540
0#
#398711058
b10000 7
1#
#398729576
0#
#398748094
b10001 7
1#
#398766612
0#
#398785130
b10010 7
1#
#398803648
0#
#398822166
b10011 7
1#
#398840684
0#
#398859202
b10100 7
1#
#398877720
0#
#398896238
b10101 7
1#
#398914756
0#
#398933274
b10110 7
1#
#398951792
0#
#398970310
b10111 7
1#
#398988828
0#
#399007346
b11000 7
1#
#399025864
0#
#399044382
b11001 7
1#
#399062900
0#
#399081418
b11010 7
1#
#399099936
0#
#399118454
b11011 7
1#
#399136972
0#
#399155490
b11100 7
1#
#399174008
0#
#399192526
b11101 7
1#
#399211044
0#
#399229562
b11110 7
1#
#399248080
0#
#399266598
b11111 7
1#
#399285116
0#
#399303634
b100000 7
1#
#399322152
0#
#399340670
b100001 7
1#
#399359188
0#
#399377706
b100010 7
1#
#399396224
0#
#399414742
b100011 7
1#
#399433260
0#
#399451778
b100100 7
1#
#399470296
0#
#399488814
b100101 7
1#
#399507332
0#
#399525850
b100110 7
1#
#399544368
0#
#399562886
b100111 7
1#
#399581404
0#
#399599922
b101000 7
1#
#399618440
0#
#399636958
b101001 7
1#
#399655476
0#
#399673994
b101010 7
1#
#399692512
0#
#399711030
b101011 7
1#
#399729548
0#
#399748066
b101100 7
1#
#399766584
0#
#399785102
b101101 7
1#
#399803620
0#
#399822138
b101110 7
1#
#399840656
0#
#399859174
b101111 7
1#
#399877692
0#
#399896210
b110000 7
1#
#399914728
0#
#399933246
b110001 7
1#
#399951764
0#
#399970282
b110010 7
1#
#399988800
0#
#400007318
b110011 7
1#
#400025836
0#
#400044354
b110100 7
1#
#400062872
0#
#400081390
b110101 7
1#
#400099908
0#
#400118426
b110110 7
1#
#400136944
0#
#400155462
b110111 7
1#
#400173980
0#
#400192498
b111000 7
1#
#400211016
0#
#400229534
b111001 7
1#
#400248052
0#
#400266570
b111010 7
1#
#400285088
0#
#400303606
b111011 7
1#
#400322124
0#
#400340642
b111100 7
1#
#400359160
0#
#400377678
b111101 7
1#
#400396196
0#
#400414714
b111110 7
1#
#400433232
0#
#400451750
b111111 7
1#
#400470268
0#
#400488786
b1000000 7
1#
#400507304
0#
#400525822
b1000001 7
1#
#400544340
0#
#400562858
b1000010 7
1#
#400581376
0#
#400599894
b1000011 7
1#
#400618412
0#
#400636930
b1000100 7
1#
#400655448
0#
#400673966
b1000101 7
1#
#400692484
0#
#400711002
b1000110 7
1#
#400729520
0#
#400748038
b1000111 7
1#
#400766556
0#
#400785074
b1001000 7
1#
#400803592
0#
#400822110
b1001001 7
1#
#400840628
0#
#400859146
b1001010 7
1#
#400877664
0#
#400896182
b1001011 7
1#
#400914700
0#
#400933218
b1001100 7
1#
#400951736
0#
#400970254
b1001101 7
1#
#400988772
0#
#401007290
b1001110 7
1#
#401025808
0#
#401044326
b1001111 7
1#
#401062844
0#
#401081362
b1010000 7
1#
#401099880
0#
#401118398
b1010001 7
1#
#401136916
0#
#401155434
b1010010 7
1#
#401173952
0#
#401192470
b1010011 7
1#
#401210988
0#
#401229506
b1010100 7
1#
#401248024
0#
#401266542
b1010101 7
1#
#401285060
0#
#401303578
b1010110 7
1#
#401322096
0#
#401340614
b1010111 7
1#
#401359132
0#
#401377650
b1011000 7
1#
#401396168
0#
#401414686
b1011001 7
1#
#401433204
0#
#401451722
b1011010 7
1#
#401470240
0#
#401488758
b1011011 7
1#
#401507276
0#
#401525794
b1011100 7
1#
#401544312
0#
#401562830
b1011101 7
1#
#401581348
0#
#401599866
b1011110 7
1#
#401618384
0#
#401636902
b1011111 7
1#
#401655420
0#
#401673938
b1100000 7
1#
#401692456
0#
#401710974
b1100001 7
1#
#401729492
0#
#401748010
b1100010 7
1#
#401766528
0#
#401785046
b1100011 7
1#
#401803564
0#
#401822082
b1100100 7
1#
#401840600
0#
#401859118
b1100101 7
1#
#401877636
0#
#401896154
b1100110 7
1#
#401914672
0#
#401933190
b1100111 7
1#
#401951708
0#
#401970226
b1101000 7
1#
#401988744
0#
#402007262
b1101001 7
1#
#402025780
0#
#402044298
b1101010 7
1#
#402062816
0#
#402081334
b1101011 7
1#
#402099852
0#
#402118370
b1101100 7
1#
#402136888
0#
#402155406
b1101101 7
1#
#402173924
0#
#402192442
b1101110 7
1#
#402210960
0#
#402229478
b1101111 7
1#
#402247996
0#
#402266514
b1110000 7
1#
#402285032
0#
#402303550
b1110001 7
1#
#402322068
0#
#402340586
b1110010 7
1#
#402359104
0#
#402377622
b1110011 7
1#
#402396140
0#
#402414658
b1110100 7
1#
#402433176
0#
#402451694
b1110101 7
1#
#402470212
0#
#402488730
b1110110 7
1#
#402507248
0#
#402525766
b1110111 7
1#
#402544284
0#
#402562802
b1111000 7
1#
#402581320
0#
#402599838
b1111001 7
1#
#402618356
0#
#402636874
b1111010 7
1#
#402655392
0#
#402673910
b1111011 7
1#
#402692428
0#
#402710946
b1111100 7
1#
#402729464
0#
#402747982
b1111101 7
1#
#402766500
0#
#402785018
b1111110 7
1#
#402803536
0#
#402822054
b1111111 7
1#
#402840572
0#
#402859090
b10000000 7
1#
#402877608
0#
#402896126
b10000001 7
1#
#402914644
0#
#402933162
b10000010 7
1#
#402951680
0#
#402970198
b10000011 7
1#
#402988716
0#
#403007234
b10000100 7
1#
#403025752
0#
#403044270
b10000101 7
1#
#403062788
0#
#403081306
b10000110 7
1#
#403099824
0#
#403118342
b10000111 7
1#
#403136860
0#
#403155378
b10001000 7
1#
#403173896
0#
#403192414
b10001001 7
1#
#403210932
0#
#403229450
b10001010 7
1#
#403247968
0#
#403266486
b10001011 7
1#
#403285004
0#
#403303522
b10001100 7
1#
#403322040
0#
#403340558
b10001101 7
1#
#403359076
0#
#403377594
b10001110 7
1#
#403396112
0#
#403414630
b10001111 7
1#
#403433148
0#
#403451666
b10010000 7
1#
#403470184
0#
#403488702
b10010001 7
1#
#403507220
0#
#403525738
b10010010 7
1#
#403544256
0#
#403562774
b10010011 7
1#
#403581292
0#
#403599810
b10010100 7
1#
#403618328
0#
#403636846
b10010101 7
1#
#403655364
0#
#403673882
b10010110 7
1#
#403692400
0#
#403710918
b10010111 7
1#
#403729436
0#
#403747954
b10011000 7
1#
#403766472
0#
#403784990
b10011001 7
1#
#403803508
0#
#403822026
b10011010 7
1#
#403840544
0#
#403859062
b10011011 7
1#
#403877580
0#
#403896098
b10011100 7
1#
#403914616
0#
#403933134
b10011101 7
1#
#403951652
0#
#403970170
b10011110 7
1#
#403988688
0#
#404007206
b10011111 7
1#
#404025724
0#
#404044242
b10100000 7
1#
#404062760
0#
#404081278
b10100001 7
1#
#404099796
0#
#404118314
b10100010 7
1#
#404136832
0#
#404155350
b10100011 7
1#
#404173868
0#
#404192386
b10100100 7
1#
#404210904
0#
#404229422
b10100101 7
1#
#404247940
0#
#404266458
b10100110 7
1#
#404284976
0#
#404303494
b10100111 7
1#
#404322012
0#
#404340530
b10101000 7
1#
#404359048
0#
#404377566
b10101001 7
1#
#404396084
0#
#404414602
b10101010 7
1#
#404433120
0#
#404451638
b10101011 7
1#
#404470156
0#
#404488674
b10101100 7
1#
#404507192
0#
#404525710
b10101101 7
1#
#404544228
0#
#404562746
b10101110 7
1#
#404581264
0#
#404599782
b10101111 7
1#
#404618300
0#
#404636818
b10110000 7
1#
#404655336
0#
#404673854
b10110001 7
1#
#404692372
0#
#404710890
b10110010 7
1#
#404729408
0#
#404747926
b10110011 7
1#
#404766444
0#
#404784962
b10110100 7
1#
#404803480
0#
#404821998
b10110101 7
1#
#404840516
0#
#404859034
b10110110 7
1#
#404877552
0#
#404896070
b10110111 7
1#
#404914588
0#
#404933106
b10111000 7
1#
#404951624
0#
#404970142
b10111001 7
1#
#404988660
0#
#405007178
b10111010 7
1#
#405025696
0#
#405044214
b10111011 7
1#
#405062732
0#
#405081250
b10111100 7
1#
#405099768
0#
#405118286
b10111101 7
1#
#405136804
0#
#405155322
b10111110 7
1#
#405173840
0#
#405192358
b10111111 7
1#
#405210876
0#
#405229394
b11000000 7
1#
#405247912
0#
#405266430
b11000001 7
1#
#405284948
0#
#405303466
b11000010 7
1#
#405321984
0#
#405340502
b11000011 7
1#
#405359020
0#
#405377538
b11000100 7
1#
#405396056
0#
#405414574
b11000101 7
1#
#405433092
0#
#405451610
b11000110 7
1#
#405470128
0#
#405488646
b11000111 7
1#
#405507164
0#
#405525682
b11001000 7
1#
#405544200
0#
#405562718
b11001001 7
1#
#405581236
0#
#405599754
b11001010 7
1#
#405618272
0#
#405636790
b11001011 7
1#
#405655308
0#
#405673826
b11001100 7
1#
#405692344
0#
#405710862
b11001101 7
1#
#405729380
0#
#405747898
b11001110 7
1#
#405766416
0#
#405784934
b11001111 7
1#
#405803452
0#
#405821970
b11010000 7
1#
#405840488
0#
#405859006
b11010001 7
1#
#405877524
0#
#405896042
b11010010 7
1#
#405914560
0#
#405933078
b11010011 7
1#
#405951596
0#
#405970114
b11010100 7
1#
#405988632
0#
#406007150
b11010101 7
1#
#406025668
0#
#406044186
b11010110 7
1#
#406062704
0#
#406081222
b11010111 7
1#
#406099740
0#
#406118258
b11011000 7
1#
#406136776
0#
#406155294
b11011001 7
1#
#406173812
0#
#406192330
b11011010 7
1#
#406210848
0#
#406229366
b11011011 7
1#
#406247884
0#
#406266402
b11011100 7
1#
#406284920
0#
#406303438
b11011101 7
1#
#406321956
0#
#406340474
b11011110 7
1#
#406358992
0#
#406377510
b11011111 7
1#
#406396028
0#
#406414546
b11100000 7
1#
#406433064
0#
#406451582
b11100001 7
1#
#406470100
0#
#406488618
b11100010 7
1#
#406507136
0#
#406525654
b11100011 7
1#
#406544172
0#
#406562690
b11100100 7
1#
#406581208
0#
#406599726
b11100101 7
1#
#406618244
0#
#406636762
b11100110 7
1#
#406655280
0#
#406673798
b11100111 7
1#
#406692316
0#
#406710834
b11101000 7
1#
#406729352
0#
#406747870
b11101001 7
1#
#406766388
0#
#406784906
18
b0 7
1#
#406803424
0#
#406821942
b1 9
b100000 :
b1 7
08
1#
#406840460
0#
#406858978
0!
b10 7
1#
#406877496
0#
#406896014
b11 7
1#
#406914532
0#
#406933050
b100 7
1#
#406951568
0#
#406970086
b101 7
1#
#406988604
0#
#407007122
b110 7
1#
#407025640
0#
#407044158
b111 7
1#
#407062676
0#
#407081194
b1000 7
1#
#407099712
0#
#407118230
b1001 7
1#
#407136748
0#
#407155266
b1010 7
1#
#407173784
0#
#407192302
b1011 7
1#
#407210820
0#
#407229338
b1100 7
1#
#407247856
0#
#407266374
b1101 7
1#
#407284892
0#
#407303410
b1110 7
1#
#407321928
0#
#407340446
b1111 7
1#
#407358964
0#
#407377482
b10000 7
1#
#407396000
0#
#407414518
b10001 7
1#
#407433036
0#
#407451554
b10010 7
1#
#407470072
0#
#407488590
b10011 7
1#
#407507108
0#
#407525626
b10100 7
1#
#407544144
0#
#407562662
b10101 7
1#
#407581180
0#
#407599698
b10110 7
1#
#407618216
0#
#407636734
b10111 7
1#
#407655252
0#
#407673770
b11000 7
1#
#407692288
0#
#407710806
b11001 7
1#
#407729324
0#
#407747842
b11010 7
1#
#407766360
0#
#407784878
b11011 7
1#
#407803396
0#
#407821914
b11100 7
1#
#407840432
0#
#407858950
b11101 7
1#
#407877468
0#
#407895986
b11110 7
1#
#407914504
0#
#407933022
b11111 7
1#
#407951540
0#
#407970058
b100000 7
1#
#407988576
0#
#408007094
b100001 7
1#
#408025612
0#
#408044130
b100010 7
1#
#408062648
0#
#408081166
b100011 7
1#
#408099684
0#
#408118202
b100100 7
1#
#408136720
0#
#408155238
b100101 7
1#
#408173756
0#
#408192274
b100110 7
1#
#408210792
0#
#408229310
b100111 7
1#
#408247828
0#
#408266346
b101000 7
1#
#408284864
0#
#408303382
b101001 7
1#
#408321900
0#
#408340418
b101010 7
1#
#408358936
0#
#408377454
b101011 7
1#
#408395972
0#
#408414490
b101100 7
1#
#408433008
0#
#408451526
b101101 7
1#
#408470044
0#
#408488562
b101110 7
1#
#408507080
0#
#408525598
b101111 7
1#
#408544116
0#
#408562634
b110000 7
1#
#408581152
0#
#408599670
b110001 7
1#
#408618188
0#
#408636706
b110010 7
1#
#408655224
0#
#408673742
b110011 7
1#
#408692260
0#
#408710778
b110100 7
1#
#408729296
0#
#408747814
b110101 7
1#
#408766332
0#
#408784850
b110110 7
1#
#408803368
0#
#408821886
b110111 7
1#
#408840404
0#
#408858922
b111000 7
1#
#408877440
0#
#408895958
b111001 7
1#
#408914476
0#
#408932994
b111010 7
1#
#408951512
0#
#408970030
b111011 7
1#
#408988548
0#
#409007066
b111100 7
1#
#409025584
0#
#409044102
b111101 7
1#
#409062620
0#
#409081138
b111110 7
1#
#409099656
0#
#409118174
b111111 7
1#
#409136692
0#
#409155210
b1000000 7
1#
#409173728
0#
#409192246
b1000001 7
1#
#409210764
0#
#409229282
b1000010 7
1#
#409247800
0#
#409266318
b1000011 7
1#
#409284836
0#
#409303354
b1000100 7
1#
#409321872
0#
#409340390
b1000101 7
1#
#409358908
0#
#409377426
b1000110 7
1#
#409395944
0#
#409414462
b1000111 7
1#
#409432980
0#
#409451498
b1001000 7
1#
#409470016
0#
#409488534
b1001001 7
1#
#409507052
0#
#409525570
b1001010 7
1#
#409544088
0#
#409562606
b1001011 7
1#
#409581124
0#
#409599642
b1001100 7
1#
#409618160
0#
#409636678
b1001101 7
1#
#409655196
0#
#409673714
b1001110 7
1#
#409692232
0#
#409710750
b1001111 7
1#
#409729268
0#
#409747786
b1010000 7
1#
#409766304
0#
#409784822
b1010001 7
1#
#409803340
0#
#409821858
b1010010 7
1#
#409840376
0#
#409858894
b1010011 7
1#
#409877412
0#
#409895930
b1010100 7
1#
#409914448
0#
#409932966
b1010101 7
1#
#409951484
0#
#409970002
b1010110 7
1#
#409988520
0#
#410007038
b1010111 7
1#
#410025556
0#
#410044074
b1011000 7
1#
#410062592
0#
#410081110
b1011001 7
1#
#410099628
0#
#410118146
b1011010 7
1#
#410136664
0#
#410155182
b1011011 7
1#
#410173700
0#
#410192218
b1011100 7
1#
#410210736
0#
#410229254
b1011101 7
1#
#410247772
0#
#410266290
b1011110 7
1#
#410284808
0#
#410303326
b1011111 7
1#
#410321844
0#
#410340362
b1100000 7
1#
#410358880
0#
#410377398
b1100001 7
1#
#410395916
0#
#410414434
b1100010 7
1#
#410432952
0#
#410451470
b1100011 7
1#
#410469988
0#
#410488506
b1100100 7
1#
#410507024
0#
#410525542
b1100101 7
1#
#410544060
0#
#410562578
b1100110 7
1#
#410581096
0#
#410599614
b1100111 7
1#
#410618132
0#
#410636650
b1101000 7
1#
#410655168
0#
#410673686
b1101001 7
1#
#410692204
0#
#410710722
b1101010 7
1#
#410729240
0#
#410747758
b1101011 7
1#
#410766276
0#
#410784794
b1101100 7
1#
#410803312
0#
#410821830
b1101101 7
1#
#410840348
0#
#410858866
b1101110 7
1#
#410877384
0#
#410895902
b1101111 7
1#
#410914420
0#
#410932938
b1110000 7
1#
#410951456
0#
#410969974
b1110001 7
1#
#410988492
0#
#411007010
b1110010 7
1#
#411025528
0#
#411044046
b1110011 7
1#
#411062564
0#
#411081082
b1110100 7
1#
#411099600
0#
#411118118
b1110101 7
1#
#411136636
0#
#411155154
b1110110 7
1#
#411173672
0#
#411192190
b1110111 7
1#
#411210708
0#
#411229226
b1111000 7
1#
#411247744
0#
#411266262
b1111001 7
1#
#411284780
0#
#411303298
b1111010 7
1#
#411321816
0#
#411340334
b1111011 7
1#
#411358852
0#
#411377370
b1111100 7
1#
#411395888
0#
#411414406
b1111101 7
1#
#411432924
0#
#411451442
b1111110 7
1#
#411469960
0#
#411488478
b1111111 7
1#
#411506996
0#
#411525514
b10000000 7
1#
#411544032
0#
#411562550
b10000001 7
1#
#411581068
0#
#411599586
b10000010 7
1#
#411618104
0#
#411636622
b10000011 7
1#
#411655140
0#
#411673658
b10000100 7
1#
#411692176
0#
#411710694
b10000101 7
1#
#411729212
0#
#411747730
b10000110 7
1#
#411766248
0#
#411784766
b10000111 7
1#
#411803284
0#
#411821802
b10001000 7
1#
#411840320
0#
#411858838
b10001001 7
1#
#411877356
0#
#411895874
b10001010 7
1#
#411914392
0#
#411932910
b10001011 7
1#
#411951428
0#
#411969946
b10001100 7
1#
#411988464
0#
#412006982
b10001101 7
1#
#412025500
0#
#412044018
b10001110 7
1#
#412062536
0#
#412081054
b10001111 7
1#
#412099572
0#
#412118090
b10010000 7
1#
#412136608
0#
#412155126
b10010001 7
1#
#412173644
0#
#412192162
b10010010 7
1#
#412210680
0#
#412229198
b10010011 7
1#
#412247716
0#
#412266234
b10010100 7
1#
#412284752
0#
#412303270
b10010101 7
1#
#412321788
0#
#412340306
b10010110 7
1#
#412358824
0#
#412377342
b10010111 7
1#
#412395860
0#
#412414378
b10011000 7
1#
#412432896
0#
#412451414
b10011001 7
1#
#412469932
0#
#412488450
b10011010 7
1#
#412506968
0#
#412525486
b10011011 7
1#
#412544004
0#
#412562522
b10011100 7
1#
#412581040
0#
#412599558
b10011101 7
1#
#412618076
0#
#412636594
b10011110 7
1#
#412655112
0#
#412673630
b10011111 7
1#
#412692148
0#
#412710666
b10100000 7
1#
#412729184
0#
#412747702
b10100001 7
1#
#412766220
0#
#412784738
b10100010 7
1#
#412803256
0#
#412821774
b10100011 7
1#
#412840292
0#
#412858810
b10100100 7
1#
#412877328
0#
#412895846
b10100101 7
1#
#412914364
0#
#412932882
b10100110 7
1#
#412951400
0#
#412969918
b10100111 7
1#
#412988436
0#
#413006954
b10101000 7
1#
#413025472
0#
#413043990
b10101001 7
1#
#413062508
0#
#413081026
b10101010 7
1#
#413099544
0#
#413118062
b10101011 7
1#
#413136580
0#
#413155098
b10101100 7
1#
#413173616
0#
#413192134
b10101101 7
1#
#413210652
0#
#413229170
b10101110 7
1#
#413247688
0#
#413266206
b10101111 7
1#
#413284724
0#
#413303242
b10110000 7
1#
#413321760
0#
#413340278
b10110001 7
1#
#413358796
0#
#413377314
b10110010 7
1#
#413395832
0#
#413414350
b10110011 7
1#
#413432868
0#
#413451386
b10110100 7
1#
#413469904
0#
#413488422
b10110101 7
1#
#413506940
0#
#413525458
b10110110 7
1#
#413543976
0#
#413562494
b10110111 7
1#
#413581012
0#
#413599530
b10111000 7
1#
#413618048
0#
#413636566
b10111001 7
1#
#413655084
0#
#413673602
b10111010 7
1#
#413692120
0#
#413710638
b10111011 7
1#
#413729156
0#
#413747674
b10111100 7
1#
#413766192
0#
#413784710
b10111101 7
1#
#413803228
0#
#413821746
b10111110 7
1#
#413840264
0#
#413858782
b10111111 7
1#
#413877300
0#
#413895818
b11000000 7
1#
#413914336
0#
#413932854
b11000001 7
1#
#413951372
0#
#413969890
b11000010 7
1#
#413988408
0#
#414006926
b11000011 7
1#
#414025444
0#
#414043962
b11000100 7
1#
#414062480
0#
#414080998
b11000101 7
1#
#414099516
0#
#414118034
b11000110 7
1#
#414136552
0#
#414155070
b11000111 7
1#
#414173588
0#
#414192106
b11001000 7
1#
#414210624
0#
#414229142
b11001001 7
1#
#414247660
0#
#414266178
b11001010 7
1#
#414284696
0#
#414303214
b11001011 7
1#
#414321732
0#
#414340250
b11001100 7
1#
#414358768
0#
#414377286
b11001101 7
1#
#414395804
0#
#414414322
b11001110 7
1#
#414432840
0#
#414451358
b11001111 7
1#
#414469876
0#
#414488394
b11010000 7
1#
#414506912
0#
#414525430
b11010001 7
1#
#414543948
0#
#414562466
b11010010 7
1#
#414580984
0#
#414599502
b11010011 7
1#
#414618020
0#
#414636538
b11010100 7
1#
#414655056
0#
#414673574
b11010101 7
1#
#414692092
0#
#414710610
b11010110 7
1#
#414729128
0#
#414747646
b11010111 7
1#
#414766164
0#
#414784682
b11011000 7
1#
#414803200
0#
#414821718
b11011001 7
1#
#414840236
0#
#414858754
b11011010 7
1#
#414877272
0#
#414895790
b11011011 7
1#
#414914308
0#
#414932826
b11011100 7
1#
#414951344
0#
#414969862
b11011101 7
1#
#414988380
0#
#415006898
b11011110 7
1#
#415025416
0#
#415043934
b11011111 7
1#
#415062452
0#
#415080970
b11100000 7
1#
#415099488
0#
#415118006
b11100001 7
1#
#415136524
0#
#415155042
b11100010 7
1#
#415173560
0#
#415192078
b11100011 7
1#
#415210596
0#
#415229114
b11100100 7
1#
#415247632
0#
#415266150
b11100101 7
1#
#415284668
0#
#415303186
b11100110 7
1#
#415321704
0#
#415340222
b11100111 7
1#
#415358740
0#
#415377258
b11101000 7
1#
#415395776
0#
#415414294
b11101001 7
1#
#415432812
0#
#415451330
18
b0 7
1#
#415469848
0#
#415488366
b10 9
b10000 :
b1 7
08
1#
#415506884
0#
#415525402
b10 7
1#
#415543920
0#
#415562438
b11 7
1#
#415580956
0#
#415599474
b100 7
1#
#415617992
0#
#415636510
b101 7
1#
#415655028
0#
#415673546
b110 7
1#
#415692064
0#
#415710582
b111 7
1#
#415729100
0#
#415747618
b1000 7
1#
#415766136
0#
#415784654
b1001 7
1#
#415803172
0#
#415821690
b1010 7
1#
#415840208
0#
#415858726
b1011 7
1#
#415877244
0#
#415895762
b1100 7
1#
#415914280
0#
#415932798
b1101 7
1#
#415951316
0#
#415969834
b1110 7
1#
#415988352
0#
#416006870
b1111 7
1#
#416025388
0#
#416043906
b10000 7
1#
#416062424
0#
#416080942
b10001 7
1#
#416099460
0#
#416117978
b10010 7
1#
#416136496
0#
#416155014
b10011 7
1#
#416173532
0#
#416192050
b10100 7
1#
#416210568
0#
#416229086
b10101 7
1#
#416247604
0#
#416266122
b10110 7
1#
#416284640
0#
#416303158
b10111 7
1#
#416321676
0#
#416340194
b11000 7
1#
#416358712
0#
#416377230
b11001 7
1#
#416395748
0#
#416414266
b11010 7
1#
#416432784
0#
#416451302
b11011 7
1#
#416469820
0#
#416488338
b11100 7
1#
#416506856
0#
#416525374
b11101 7
1#
#416543892
0#
#416562410
b11110 7
1#
#416580928
0#
#416599446
b11111 7
1#
#416617964
0#
#416636482
b100000 7
1#
#416655000
0#
#416673518
b100001 7
1#
#416692036
0#
#416710554
b100010 7
1#
#416729072
0#
#416747590
b100011 7
1#
#416766108
0#
#416784626
b100100 7
1#
#416803144
0#
#416821662
b100101 7
1#
#416840180
0#
#416858698
b100110 7
1#
#416877216
0#
#416895734
b100111 7
1#
#416914252
0#
#416932770
b101000 7
1#
#416951288
0#
#416969806
b101001 7
1#
#416988324
0#
#417006842
b101010 7
1#
#417025360
0#
#417043878
b101011 7
1#
#417062396
0#
#417080914
b101100 7
1#
#417099432
0#
#417117950
b101101 7
1#
#417136468
0#
#417154986
b101110 7
1#
#417173504
0#
#417192022
b101111 7
1#
#417210540
0#
#417229058
b110000 7
1#
#417247576
0#
#417266094
b110001 7
1#
#417284612
0#
#417303130
b110010 7
1#
#417321648
0#
#417340166
b110011 7
1#
#417358684
0#
#417377202
b110100 7
1#
#417395720
0#
#417414238
b110101 7
1#
#417432756
0#
#417451274
b110110 7
1#
#417469792
0#
#417488310
b110111 7
1#
#417506828
0#
#417525346
b111000 7
1#
#417543864
0#
#417562382
b111001 7
1#
#417580900
0#
#417599418
b111010 7
1#
#417617936
0#
#417636454
b111011 7
1#
#417654972
0#
#417673490
b111100 7
1#
#417692008
0#
#417710526
b111101 7
1#
#417729044
0#
#417747562
b111110 7
1#
#417766080
0#
#417784598
b111111 7
1#
#417803116
0#
#417821634
b1000000 7
1#
#417840152
0#
#417858670
b1000001 7
1#
#417877188
0#
#417895706
b1000010 7
1#
#417914224
0#
#417932742
b1000011 7
1#
#417951260
0#
#417969778
b1000100 7
1#
#417988296
0#
#418006814
b1000101 7
1#
#418025332
0#
#418043850
b1000110 7
1#
#418062368
0#
#418080886
b1000111 7
1#
#418099404
0#
#418117922
b1001000 7
1#
#418136440
0#
#418154958
b1001001 7
1#
#418173476
0#
#418191994
b1001010 7
1#
#418210512
0#
#418229030
b1001011 7
1#
#418247548
0#
#418266066
b1001100 7
1#
#418284584
0#
#418303102
b1001101 7
1#
#418321620
0#
#418340138
b1001110 7
1#
#418358656
0#
#418377174
b1001111 7
1#
#418395692
0#
#418414210
b1010000 7
1#
#418432728
0#
#418451246
b1010001 7
1#
#418469764
0#
#418488282
b1010010 7
1#
#418506800
0#
#418525318
b1010011 7
1#
#418543836
0#
#418562354
b1010100 7
1#
#418580872
0#
#418599390
b1010101 7
1#
#418617908
0#
#418636426
b1010110 7
1#
#418654944
0#
#418673462
b1010111 7
1#
#418691980
0#
#418710498
b1011000 7
1#
#418729016
0#
#418747534
b1011001 7
1#
#418766052
0#
#418784570
b1011010 7
1#
#418803088
0#
#418821606
b1011011 7
1#
#418840124
0#
#418858642
b1011100 7
1#
#418877160
0#
#418895678
b1011101 7
1#
#418914196
0#
#418932714
b1011110 7
1#
#418951232
0#
#418969750
b1011111 7
1#
#418988268
0#
#419006786
b1100000 7
1#
#419025304
0#
#419043822
b1100001 7
1#
#419062340
0#
#419080858
b1100010 7
1#
#419099376
0#
#419117894
b1100011 7
1#
#419136412
0#
#419154930
b1100100 7
1#
#419173448
0#
#419191966
b1100101 7
1#
#419210484
0#
#419229002
b1100110 7
1#
#419247520
0#
#419266038
b1100111 7
1#
#419284556
0#
#419303074
b1101000 7
1#
#419321592
0#
#419340110
b1101001 7
1#
#419358628
0#
#419377146
b1101010 7
1#
#419395664
0#
#419414182
b1101011 7
1#
#419432700
0#
#419451218
b1101100 7
1#
#419469736
0#
#419488254
b1101101 7
1#
#419506772
0#
#419525290
b1101110 7
1#
#419543808
0#
#419562326
b1101111 7
1#
#419580844
0#
#419599362
b1110000 7
1#
#419617880
0#
#419636398
b1110001 7
1#
#419654916
0#
#419673434
b1110010 7
1#
#419691952
0#
#419710470
b1110011 7
1#
#419728988
0#
#419747506
b1110100 7
1#
#419766024
0#
#419784542
b1110101 7
1#
#419803060
0#
#419821578
b1110110 7
1#
#419840096
0#
#419858614
b1110111 7
1#
#419877132
0#
#419895650
b1111000 7
1#
#419914168
0#
#419932686
b1111001 7
1#
#419951204
0#
#419969722
b1111010 7
1#
#419988240
0#
#420006758
b1111011 7
1#
#420025276
0#
#420043794
b1111100 7
1#
#420062312
0#
#420080830
b1111101 7
1#
#420099348
0#
#420117866
b1111110 7
1#
#420136384
0#
#420154902
b1111111 7
1#
#420173420
0#
#420191938
b10000000 7
1#
#420210456
0#
#420228974
b10000001 7
1#
#420247492
0#
#420266010
b10000010 7
1#
#420284528
0#
#420303046
b10000011 7
1#
#420321564
0#
#420340082
b10000100 7
1#
#420358600
0#
#420377118
b10000101 7
1#
#420395636
0#
#420414154
b10000110 7
1#
#420432672
0#
#420451190
b10000111 7
1#
#420469708
0#
#420488226
b10001000 7
1#
#420506744
0#
#420525262
b10001001 7
1#
#420543780
0#
#420562298
b10001010 7
1#
#420580816
0#
#420599334
b10001011 7
1#
#420617852
0#
#420636370
b10001100 7
1#
#420654888
0#
#420673406
b10001101 7
1#
#420691924
0#
#420710442
b10001110 7
1#
#420728960
0#
#420747478
b10001111 7
1#
#420765996
0#
#420784514
b10010000 7
1#
#420803032
0#
#420821550
b10010001 7
1#
#420840068
0#
#420858586
b10010010 7
1#
#420877104
0#
#420895622
b10010011 7
1#
#420914140
0#
#420932658
b10010100 7
1#
#420951176
0#
#420969694
b10010101 7
1#
#420988212
0#
#421006730
b10010110 7
1#
#421025248
0#
#421043766
b10010111 7
1#
#421062284
0#
#421080802
b10011000 7
1#
#421099320
0#
#421117838
b10011001 7
1#
#421136356
0#
#421154874
b10011010 7
1#
#421173392
0#
#421191910
b10011011 7
1#
#421210428
0#
#421228946
b10011100 7
1#
#421247464
0#
#421265982
b10011101 7
1#
#421284500
0#
#421303018
b10011110 7
1#
#421321536
0#
#421340054
b10011111 7
1#
#421358572
0#
#421377090
b10100000 7
1#
#421395608
0#
#421414126
b10100001 7
1#
#421432644
0#
#421451162
b10100010 7
1#
#421469680
0#
#421488198
b10100011 7
1#
#421506716
0#
#421525234
b10100100 7
1#
#421543752
0#
#421562270
b10100101 7
1#
#421580788
0#
#421599306
b10100110 7
1#
#421617824
0#
#421636342
b10100111 7
1#
#421654860
0#
#421673378
b10101000 7
1#
#421691896
0#
#421710414
b10101001 7
1#
#421728932
0#
#421747450
b10101010 7
1#
#421765968
0#
#421784486
b10101011 7
1#
#421803004
0#
#421821522
b10101100 7
1#
#421840040
0#
#421858558
b10101101 7
1#
#421877076
0#
#421895594
b10101110 7
1#
#421914112
0#
#421932630
b10101111 7
1#
#421951148
0#
#421969666
b10110000 7
1#
#421988184
0#
#422006702
b10110001 7
1#
#422025220
0#
#422043738
b10110010 7
1#
#422062256
0#
#422080774
b10110011 7
1#
#422099292
0#
#422117810
b10110100 7
1#
#422136328
0#
#422154846
b10110101 7
1#
#422173364
0#
#422191882
b10110110 7
1#
#422210400
0#
#422228918
b10110111 7
1#
#422247436
0#
#422265954
b10111000 7
1#
#422284472
0#
#422302990
b10111001 7
1#
#422321508
0#
#422340026
b10111010 7
1#
#422358544
0#
#422377062
b10111011 7
1#
#422395580
0#
#422414098
b10111100 7
1#
#422432616
0#
#422451134
b10111101 7
1#
#422469652
0#
#422488170
b10111110 7
1#
#422506688
0#
#422525206
b10111111 7
1#
#422543724
0#
#422562242
b11000000 7
1#
#422580760
0#
#422599278
b11000001 7
1#
#422617796
0#
#422636314
b11000010 7
1#
#422654832
0#
#422673350
b11000011 7
1#
#422691868
0#
#422710386
b11000100 7
1#
#422728904
0#
#422747422
b11000101 7
1#
#422765940
0#
#422784458
b11000110 7
1#
#422802976
0#
#422821494
b11000111 7
1#
#422840012
0#
#422858530
b11001000 7
1#
#422877048
0#
#422895566
b11001001 7
1#
#422914084
0#
#422932602
b11001010 7
1#
#422951120
0#
#422969638
b11001011 7
1#
#422988156
0#
#423006674
b11001100 7
1#
#423025192
0#
#423043710
b11001101 7
1#
#423062228
0#
#423080746
b11001110 7
1#
#423099264
0#
#423117782
b11001111 7
1#
#423136300
0#
#423154818
b11010000 7
1#
#423173336
0#
#423191854
b11010001 7
1#
#423210372
0#
#423228890
b11010010 7
1#
#423247408
0#
#423265926
b11010011 7
1#
#423284444
0#
#423302962
b11010100 7
1#
#423321480
0#
#423339998
b11010101 7
1#
#423358516
0#
#423377034
b11010110 7
1#
#423395552
0#
#423414070
b11010111 7
1#
#423432588
0#
#423451106
b11011000 7
1#
#423469624
0#
#423488142
b11011001 7
1#
#423506660
0#
#423525178
b11011010 7
1#
#423543696
0#
#423562214
b11011011 7
1#
#423580732
0#
#423599250
b11011100 7
1#
#423617768
0#
#423636286
b11011101 7
1#
#423654804
0#
#423673322
b11011110 7
1#
#423691840
0#
#423710358
b11011111 7
1#
#423728876
0#
#423747394
b11100000 7
1#
#423765912
0#
#423784430
b11100001 7
1#
#423802948
0#
#423821466
b11100010 7
1#
#423839984
0#
#423858502
b11100011 7
1#
#423877020
0#
#423895538
b11100100 7
1#
#423914056
0#
#423932574
b11100101 7
1#
#423951092
0#
#423969610
b11100110 7
1#
#423988128
0#
#424006646
b11100111 7
1#
#424025164
0#
#424043682
b11101000 7
1#
#424062200
0#
#424080718
b11101001 7
1#
#424099236
0#
#424117754
18
b0 7
1#
#424136272
0#
#424154790
b11 9
b1000 :
b1 7
08
1#
#424173308
0#
#424191826
b10 7
1#
#424210344
0#
#424228862
b11 7
1#
#424247380
0#
#424265898
b100 7
1#
#424284416
0#
#424302934
b101 7
1#
#424321452
0#
#424339970
b110 7
1#
#424358488
0#
#424377006
b111 7
1#
#424395524
0#
#424414042
b1000 7
1#
#424432560
0#
#424451078
b1001 7
1#
#424469596
0#
#424488114
b1010 7
1#
#424506632
0#
#424525150
b1011 7
1#
#424543668
0#
#424562186
b1100 7
1#
#424580704
0#
#424599222
b1101 7
1#
#424617740
0#
#424636258
b1110 7
1#
#424654776
0#
#424673294
b1111 7
1#
#424691812
0#
#424710330
b10000 7
1#
#424728848
0#
#424747366
b10001 7
1#
#424765884
0#
#424784402
b10010 7
1#
#424802920
0#
#424821438
b10011 7
1#
#424839956
0#
#424858474
b10100 7
1#
#424876992
0#
#424895510
b10101 7
1#
#424914028
0#
#424932546
b10110 7
1#
#424951064
0#
#424969582
b10111 7
1#
#424988100
0#
#425006618
b11000 7
1#
#425025136
0#
#425043654
b11001 7
1#
#425062172
0#
#425080690
b11010 7
1#
#425099208
0#
#425117726
b11011 7
1#
#425136244
0#
#425154762
b11100 7
1#
#425173280
0#
#425191798
b11101 7
1#
#425210316
0#
#425228834
b11110 7
1#
#425247352
0#
#425265870
b11111 7
1#
#425284388
0#
#425302906
b100000 7
1#
#425321424
0#
#425339942
b100001 7
1#
#425358460
0#
#425376978
b100010 7
1#
#425395496
0#
#425414014
b100011 7
1#
#425432532
0#
#425451050
b100100 7
1#
#425469568
0#
#425488086
b100101 7
1#
#425506604
0#
#425525122
b100110 7
1#
#425543640
0#
#425562158
b100111 7
1#
#425580676
0#
#425599194
b101000 7
1#
#425617712
0#
#425636230
b101001 7
1#
#425654748
0#
#425673266
b101010 7
1#
#425691784
0#
#425710302
b101011 7
1#
#425728820
0#
#425747338
b101100 7
1#
#425765856
0#
#425784374
b101101 7
1#
#425802892
0#
#425821410
b101110 7
1#
#425839928
0#
#425858446
b101111 7
1#
#425876964
0#
#425895482
b110000 7
1#
#425914000
0#
#425932518
b110001 7
1#
#425951036
0#
#425969554
b110010 7
1#
#425988072
0#
#426006590
b110011 7
1#
#426025108
0#
#426043626
b110100 7
1#
#426062144
0#
#426080662
b110101 7
1#
#426099180
0#
#426117698
b110110 7
1#
#426136216
0#
#426154734
b110111 7
1#
#426173252
0#
#426191770
b111000 7
1#
#426210288
0#
#426228806
b111001 7
1#
#426247324
0#
#426265842
b111010 7
1#
#426284360
0#
#426302878
b111011 7
1#
#426321396
0#
#426339914
b111100 7
1#
#426358432
0#
#426376950
b111101 7
1#
#426395468
0#
#426413986
b111110 7
1#
#426432504
0#
#426451022
b111111 7
1#
#426469540
0#
#426488058
b1000000 7
1#
#426506576
0#
#426525094
b1000001 7
1#
#426543612
0#
#426562130
b1000010 7
1#
#426580648
0#
#426599166
b1000011 7
1#
#426617684
0#
#426636202
b1000100 7
1#
#426654720
0#
#426673238
b1000101 7
1#
#426691756
0#
#426710274
b1000110 7
1#
#426728792
0#
#426747310
b1000111 7
1#
#426765828
0#
#426784346
b1001000 7
1#
#426802864
0#
#426821382
b1001001 7
1#
#426839900
0#
#426858418
b1001010 7
1#
#426876936
0#
#426895454
b1001011 7
1#
#426913972
0#
#426932490
b1001100 7
1#
#426951008
0#
#426969526
b1001101 7
1#
#426988044
0#
#427006562
b1001110 7
1#
#427025080
0#
#427043598
b1001111 7
1#
#427062116
0#
#427080634
b1010000 7
1#
#427099152
0#
#427117670
b1010001 7
1#
#427136188
0#
#427154706
b1010010 7
1#
#427173224
0#
#427191742
b1010011 7
1#
#427210260
0#
#427228778
b1010100 7
1#
#427247296
0#
#427265814
b1010101 7
1#
#427284332
0#
#427302850
b1010110 7
1#
#427321368
0#
#427339886
b1010111 7
1#
#427358404
0#
#427376922
b1011000 7
1#
#427395440
0#
#427413958
b1011001 7
1#
#427432476
0#
#427450994
b1011010 7
1#
#427469512
0#
#427488030
b1011011 7
1#
#427506548
0#
#427525066
b1011100 7
1#
#427543584
0#
#427562102
b1011101 7
1#
#427580620
0#
#427599138
b1011110 7
1#
#427617656
0#
#427636174
b1011111 7
1#
#427654692
0#
#427673210
b1100000 7
1#
#427691728
0#
#427710246
b1100001 7
1#
#427728764
0#
#427747282
b1100010 7
1#
#427765800
0#
#427784318
b1100011 7
1#
#427802836
0#
#427821354
b1100100 7
1#
#427839872
0#
#427858390
b1100101 7
1#
#427876908
0#
#427895426
b1100110 7
1#
#427913944
0#
#427932462
b1100111 7
1#
#427950980
0#
#427969498
b1101000 7
1#
#427988016
0#
#428006534
b1101001 7
1#
#428025052
0#
#428043570
b1101010 7
1#
#428062088
0#
#428080606
b1101011 7
1#
#428099124
0#
#428117642
b1101100 7
1#
#428136160
0#
#428154678
b1101101 7
1#
#428173196
0#
#428191714
b1101110 7
1#
#428210232
0#
#428228750
b1101111 7
1#
#428247268
0#
#428265786
b1110000 7
1#
#428284304
0#
#428302822
b1110001 7
1#
#428321340
0#
#428339858
b1110010 7
1#
#428358376
0#
#428376894
b1110011 7
1#
#428395412
0#
#428413930
b1110100 7
1#
#428432448
0#
#428450966
b1110101 7
1#
#428469484
0#
#428488002
b1110110 7
1#
#428506520
0#
#428525038
b1110111 7
1#
#428543556
0#
#428562074
b1111000 7
1#
#428580592
0#
#428599110
b1111001 7
1#
#428617628
0#
#428636146
b1111010 7
1#
#428654664
0#
#428673182
b1111011 7
1#
#428691700
0#
#428710218
b1111100 7
1#
#428728736
0#
#428747254
b1111101 7
1#
#428765772
0#
#428784290
b1111110 7
1#
#428802808
0#
#428821326
b1111111 7
1#
#428839844
0#
#428858362
b10000000 7
1#
#428876880
0#
#428895398
b10000001 7
1#
#428913916
0#
#428932434
b10000010 7
1#
#428950952
0#
#428969470
b10000011 7
1#
#428987988
0#
#429006506
b10000100 7
1#
#429025024
0#
#429043542
b10000101 7
1#
#429062060
0#
#429080578
b10000110 7
1#
#429099096
0#
#429117614
b10000111 7
1#
#429136132
0#
#429154650
b10001000 7
1#
#429173168
0#
#429191686
b10001001 7
1#
#429210204
0#
#429228722
b10001010 7
1#
#429247240
0#
#429265758
b10001011 7
1#
#429284276
0#
#429302794
b10001100 7
1#
#429321312
0#
#429339830
b10001101 7
1#
#429358348
0#
#429376866
b10001110 7
1#
#429395384
0#
#429413902
b10001111 7
1#
#429432420
0#
#429450938
b10010000 7
1#
#429469456
0#
#429487974
b10010001 7
1#
#429506492
0#
#429525010
b10010010 7
1#
#429543528
0#
#429562046
b10010011 7
1#
#429580564
0#
#429599082
b10010100 7
1#
#429617600
0#
#429636118
b10010101 7
1#
#429654636
0#
#429673154
b10010110 7
1#
#429691672
0#
#429710190
b10010111 7
1#
#429728708
0#
#429747226
b10011000 7
1#
#429765744
0#
#429784262
b10011001 7
1#
#429802780
0#
#429821298
b10011010 7
1#
#429839816
0#
#429858334
b10011011 7
1#
#429876852
0#
#429895370
b10011100 7
1#
#429913888
0#
#429932406
b10011101 7
1#
#429950924
0#
#429969442
b10011110 7
1#
#429987960
0#
#430006478
b10011111 7
1#
#430024996
0#
#430043514
b10100000 7
1#
#430062032
0#
#430080550
b10100001 7
1#
#430099068
0#
#430117586
b10100010 7
1#
#430136104
0#
#430154622
b10100011 7
1#
#430173140
0#
#430191658
b10100100 7
1#
#430210176
0#
#430228694
b10100101 7
1#
#430247212
0#
#430265730
b10100110 7
1#
#430284248
0#
#430302766
b10100111 7
1#
#430321284
0#
#430339802
b10101000 7
1#
#430358320
0#
#430376838
b10101001 7
1#
#430395356
0#
#430413874
b10101010 7
1#
#430432392
0#
#430450910
b10101011 7
1#
#430469428
0#
#430487946
b10101100 7
1#
#430506464
0#
#430524982
b10101101 7
1#
#430543500
0#
#430562018
b10101110 7
1#
#430580536
0#
#430599054
b10101111 7
1#
#430617572
0#
#430636090
b10110000 7
1#
#430654608
0#
#430673126
b10110001 7
1#
#430691644
0#
#430710162
b10110010 7
1#
#430728680
0#
#430747198
b10110011 7
1#
#430765716
0#
#430784234
b10110100 7
1#
#430802752
0#
#430821270
b10110101 7
1#
#430839788
0#
#430858306
b10110110 7
1#
#430876824
0#
#430895342
b10110111 7
1#
#430913860
0#
#430932378
b10111000 7
1#
#430950896
0#
#430969414
b10111001 7
1#
#430987932
0#
#431006450
b10111010 7
1#
#431024968
0#
#431043486
b10111011 7
1#
#431062004
0#
#431080522
b10111100 7
1#
#431099040
0#
#431117558
b10111101 7
1#
#431136076
0#
#431154594
b10111110 7
1#
#431173112
0#
#431191630
b10111111 7
1#
#431210148
0#
#431228666
b11000000 7
1#
#431247184
0#
#431265702
b11000001 7
1#
#431284220
0#
#431302738
b11000010 7
1#
#431321256
0#
#431339774
b11000011 7
1#
#431358292
0#
#431376810
b11000100 7
1#
#431395328
0#
#431413846
b11000101 7
1#
#431432364
0#
#431450882
b11000110 7
1#
#431469400
0#
#431487918
b11000111 7
1#
#431506436
0#
#431524954
b11001000 7
1#
#431543472
0#
#431561990
b11001001 7
1#
#431580508
0#
#431599026
b11001010 7
1#
#431617544
0#
#431636062
b11001011 7
1#
#431654580
0#
#431673098
b11001100 7
1#
#431691616
0#
#431710134
b11001101 7
1#
#431728652
0#
#431747170
b11001110 7
1#
#431765688
0#
#431784206
b11001111 7
1#
#431802724
0#
#431821242
b11010000 7
1#
#431839760
0#
#431858278
b11010001 7
1#
#431876796
0#
#431895314
b11010010 7
1#
#431913832
0#
#431932350
b11010011 7
1#
#431950868
0#
#431969386
b11010100 7
1#
#431987904
0#
#432006422
b11010101 7
1#
#432024940
0#
#432043458
b11010110 7
1#
#432061976
0#
#432080494
b11010111 7
1#
#432099012
0#
#432117530
b11011000 7
1#
#432136048
0#
#432154566
b11011001 7
1#
#432173084
0#
#432191602
b11011010 7
1#
#432210120
0#
#432228638
b11011011 7
1#
#432247156
0#
#432265674
b11011100 7
1#
#432284192
0#
#432302710
b11011101 7
1#
#432321228
0#
#432339746
b11011110 7
1#
#432358264
0#
#432376782
b11011111 7
1#
#432395300
0#
#432413818
b11100000 7
1#
#432432336
0#
#432450854
b11100001 7
1#
#432469372
0#
#432487890
b11100010 7
1#
#432506408
0#
#432524926
b11100011 7
1#
#432543444
0#
#432561962
b11100100 7
1#
#432580480
0#
#432598998
b11100101 7
1#
#432617516
0#
#432636034
b11100110 7
1#
#432654552
0#
#432673070
b11100111 7
1#
#432691588
0#
#432710106
b11101000 7
1#
#432728624
0#
#432747142
b11101001 7
1#
#432765660
0#
#432784178
18
b0 7
1#
#432802696
0#
#432821214
b100 9
b100 :
b1 7
08
1#
#432839732
0#
#432858250
b10 7
1#
#432876768
0#
#432895286
b11 7
1#
#432913804
0#
#432932322
b100 7
1#
#432950840
0#
#432969358
b101 7
1#
#432987876
0#
#433006394
b110 7
1#
#433024912
0#
#433043430
b111 7
1#
#433061948
0#
#433080466
b1000 7
1#
#433098984
0#
#433117502
b1001 7
1#
#433136020
0#
#433154538
b1010 7
1#
#433173056
0#
#433191574
b1011 7
1#
#433210092
0#
#433228610
b1100 7
1#
#433247128
0#
#433265646
b1101 7
1#
#433284164
0#
#433302682
b1110 7
1#
#433321200
0#
#433339718
b1111 7
1#
#433358236
0#
#433376754
b10000 7
1#
#433395272
0#
#433413790
b10001 7
1#
#433432308
0#
#433450826
b10010 7
1#
#433469344
0#
#433487862
b10011 7
1#
#433506380
0#
#433524898
b10100 7
1#
#433543416
0#
#433561934
b10101 7
1#
#433580452
0#
#433598970
b10110 7
1#
#433617488
0#
#433636006
b10111 7
1#
#433654524
0#
#433673042
b11000 7
1#
#433691560
0#
#433710078
b11001 7
1#
#433728596
0#
#433747114
b11010 7
1#
#433765632
0#
#433784150
b11011 7
1#
#433802668
0#
#433821186
b11100 7
1#
#433839704
0#
#433858222
b11101 7
1#
#433876740
0#
#433895258
b11110 7
1#
#433913776
0#
#433932294
b11111 7
1#
#433950812
0#
#433969330
b100000 7
1#
#433987848
0#
#434006366
b100001 7
1#
#434024884
0#
#434043402
b100010 7
1#
#434061920
0#
#434080438
b100011 7
1#
#434098956
0#
#434117474
b100100 7
1#
#434135992
0#
#434154510
b100101 7
1#
#434173028
0#
#434191546
b100110 7
1#
#434210064
0#
#434228582
b100111 7
1#
#434247100
0#
#434265618
b101000 7
1#
#434284136
0#
#434302654
b101001 7
1#
#434321172
0#
#434339690
b101010 7
1#
#434358208
0#
#434376726
b101011 7
1#
#434395244
0#
#434413762
b101100 7
1#
#434432280
0#
#434450798
b101101 7
1#
#434469316
0#
#434487834
b101110 7
1#
#434506352
0#
#434524870
b101111 7
1#
#434543388
0#
#434561906
b110000 7
1#
#434580424
0#
#434598942
b110001 7
1#
#434617460
0#
#434635978
b110010 7
1#
#434654496
0#
#434673014
b110011 7
1#
#434691532
0#
#434710050
b110100 7
1#
#434728568
0#
#434747086
b110101 7
1#
#434765604
0#
#434784122
b110110 7
1#
#434802640
0#
#434821158
b110111 7
1#
#434839676
0#
#434858194
b111000 7
1#
#434876712
0#
#434895230
b111001 7
1#
#434913748
0#
#434932266
b111010 7
1#
#434950784
0#
#434969302
b111011 7
1#
#434987820
0#
#435006338
b111100 7
1#
#435024856
0#
#435043374
b111101 7
1#
#435061892
0#
#435080410
b111110 7
1#
#435098928
0#
#435117446
b111111 7
1#
#435135964
0#
#435154482
b1000000 7
1#
#435173000
0#
#435191518
b1000001 7
1#
#435210036
0#
#435228554
b1000010 7
1#
#435247072
0#
#435265590
b1000011 7
1#
#435284108
0#
#435302626
b1000100 7
1#
#435321144
0#
#435339662
b1000101 7
1#
#435358180
0#
#435376698
b1000110 7
1#
#435395216
0#
#435413734
b1000111 7
1#
#435432252
0#
#435450770
b1001000 7
1#
#435469288
0#
#435487806
b1001001 7
1#
#435506324
0#
#435524842
b1001010 7
1#
#435543360
0#
#435561878
b1001011 7
1#
#435580396
0#
#435598914
b1001100 7
1#
#435617432
0#
#435635950
b1001101 7
1#
#435654468
0#
#435672986
b1001110 7
1#
#435691504
0#
#435710022
b1001111 7
1#
#435728540
0#
#435747058
b1010000 7
1#
#435765576
0#
#435784094
b1010001 7
1#
#435802612
0#
#435821130
b1010010 7
1#
#435839648
0#
#435858166
b1010011 7
1#
#435876684
0#
#435895202
b1010100 7
1#
#435913720
0#
#435932238
b1010101 7
1#
#435950756
0#
#435969274
b1010110 7
1#
#435987792
0#
#436006310
b1010111 7
1#
#436024828
0#
#436043346
b1011000 7
1#
#436061864
0#
#436080382
b1011001 7
1#
#436098900
0#
#436117418
b1011010 7
1#
#436135936
0#
#436154454
b1011011 7
1#
#436172972
0#
#436191490
b1011100 7
1#
#436210008
0#
#436228526
b1011101 7
1#
#436247044
0#
#436265562
b1011110 7
1#
#436284080
0#
#436302598
b1011111 7
1#
#436321116
0#
#436339634
b1100000 7
1#
#436358152
0#
#436376670
b1100001 7
1#
#436395188
0#
#436413706
b1100010 7
1#
#436432224
0#
#436450742
b1100011 7
1#
#436469260
0#
#436487778
b1100100 7
1#
#436506296
0#
#436524814
b1100101 7
1#
#436543332
0#
#436561850
b1100110 7
1#
#436580368
0#
#436598886
b1100111 7
1#
#436617404
0#
#436635922
b1101000 7
1#
#436654440
0#
#436672958
b1101001 7
1#
#436691476
0#
#436709994
b1101010 7
1#
#436728512
0#
#436747030
b1101011 7
1#
#436765548
0#
#436784066
b1101100 7
1#
#436802584
0#
#436821102
b1101101 7
1#
#436839620
0#
#436858138
b1101110 7
1#
#436876656
0#
#436895174
b1101111 7
1#
#436913692
0#
#436932210
b1110000 7
1#
#436950728
0#
#436969246
b1110001 7
1#
#436987764
0#
#437006282
b1110010 7
1#
#437024800
0#
#437043318
b1110011 7
1#
#437061836
0#
#437080354
b1110100 7
1#
#437098872
0#
#437117390
b1110101 7
1#
#437135908
0#
#437154426
b1110110 7
1#
#437172944
0#
#437191462
b1110111 7
1#
#437209980
0#
#437228498
b1111000 7
1#
#437247016
0#
#437265534
b1111001 7
1#
#437284052
0#
#437302570
b1111010 7
1#
#437321088
0#
#437339606
b1111011 7
1#
#437358124
0#
#437376642
b1111100 7
1#
#437395160
0#
#437413678
b1111101 7
1#
#437432196
0#
#437450714
b1111110 7
1#
#437469232
0#
#437487750
b1111111 7
1#
#437506268
0#
#437524786
b10000000 7
1#
#437543304
0#
#437561822
b10000001 7
1#
#437580340
0#
#437598858
b10000010 7
1#
#437617376
0#
#437635894
b10000011 7
1#
#437654412
0#
#437672930
b10000100 7
1#
#437691448
0#
#437709966
b10000101 7
1#
#437728484
0#
#437747002
b10000110 7
1#
#437765520
0#
#437784038
b10000111 7
1#
#437802556
0#
#437821074
b10001000 7
1#
#437839592
0#
#437858110
b10001001 7
1#
#437876628
0#
#437895146
b10001010 7
1#
#437913664
0#
#437932182
b10001011 7
1#
#437950700
0#
#437969218
b10001100 7
1#
#437987736
0#
#438006254
b10001101 7
1#
#438024772
0#
#438043290
b10001110 7
1#
#438061808
0#
#438080326
b10001111 7
1#
#438098844
0#
#438117362
b10010000 7
1#
#438135880
0#
#438154398
b10010001 7
1#
#438172916
0#
#438191434
b10010010 7
1#
#438209952
0#
#438228470
b10010011 7
1#
#438246988
0#
#438265506
b10010100 7
1#
#438284024
0#
#438302542
b10010101 7
1#
#438321060
0#
#438339578
b10010110 7
1#
#438358096
0#
#438376614
b10010111 7
1#
#438395132
0#
#438413650
b10011000 7
1#
#438432168
0#
#438450686
b10011001 7
1#
#438469204
0#
#438487722
b10011010 7
1#
#438506240
0#
#438524758
b10011011 7
1#
#438543276
0#
#438561794
b10011100 7
1#
#438580312
0#
#438598830
b10011101 7
1#
#438617348
0#
#438635866
b10011110 7
1#
#438654384
0#
#438672902
b10011111 7
1#
#438691420
0#
#438709938
b10100000 7
1#
#438728456
0#
#438746974
b10100001 7
1#
#438765492
0#
#438784010
b10100010 7
1#
#438802528
0#
#438821046
b10100011 7
1#
#438839564
0#
#438858082
b10100100 7
1#
#438876600
0#
#438895118
b10100101 7
1#
#438913636
0#
#438932154
b10100110 7
1#
#438950672
0#
#438969190
b10100111 7
1#
#438987708
0#
#439006226
b10101000 7
1#
#439024744
0#
#439043262
b10101001 7
1#
#439061780
0#
#439080298
b10101010 7
1#
#439098816
0#
#439117334
b10101011 7
1#
#439135852
0#
#439154370
b10101100 7
1#
#439172888
0#
#439191406
b10101101 7
1#
#439209924
0#
#439228442
b10101110 7
1#
#439246960
0#
#439265478
b10101111 7
1#
#439283996
0#
#439302514
b10110000 7
1#
#439321032
0#
#439339550
b10110001 7
1#
#439358068
0#
#439376586
b10110010 7
1#
#439395104
0#
#439413622
b10110011 7
1#
#439432140
0#
#439450658
b10110100 7
1#
#439469176
0#
#439487694
b10110101 7
1#
#439506212
0#
#439524730
b10110110 7
1#
#439543248
0#
#439561766
b10110111 7
1#
#439580284
0#
#439598802
b10111000 7
1#
#439617320
0#
#439635838
b10111001 7
1#
#439654356
0#
#439672874
b10111010 7
1#
#439691392
0#
#439709910
b10111011 7
1#
#439728428
0#
#439746946
b10111100 7
1#
#439765464
0#
#439783982
b10111101 7
1#
#439802500
0#
#439821018
b10111110 7
1#
#439839536
0#
#439858054
b10111111 7
1#
#439876572
0#
#439895090
b11000000 7
1#
#439913608
0#
#439932126
b11000001 7
1#
#439950644
0#
#439969162
b11000010 7
1#
#439987680
0#
#440006198
b11000011 7
1#
#440024716
0#
#440043234
b11000100 7
1#
#440061752
0#
#440080270
b11000101 7
1#
#440098788
0#
#440117306
b11000110 7
1#
#440135824
0#
#440154342
b11000111 7
1#
#440172860
0#
#440191378
b11001000 7
1#
#440209896
0#
#440228414
b11001001 7
1#
#440246932
0#
#440265450
b11001010 7
1#
#440283968
0#
#440302486
b11001011 7
1#
#440321004
0#
#440339522
b11001100 7
1#
#440358040
0#
#440376558
b11001101 7
1#
#440395076
0#
#440413594
b11001110 7
1#
#440432112
0#
#440450630
b11001111 7
1#
#440469148
0#
#440487666
b11010000 7
1#
#440506184
0#
#440524702
b11010001 7
1#
#440543220
0#
#440561738
b11010010 7
1#
#440580256
0#
#440598774
b11010011 7
1#
#440617292
0#
#440635810
b11010100 7
1#
#440654328
0#
#440672846
b11010101 7
1#
#440691364
0#
#440709882
b11010110 7
1#
#440728400
0#
#440746918
b11010111 7
1#
#440765436
0#
#440783954
b11011000 7
1#
#440802472
0#
#440820990
b11011001 7
1#
#440839508
0#
#440858026
b11011010 7
1#
#440876544
0#
#440895062
b11011011 7
1#
#440913580
0#
#440932098
b11011100 7
1#
#440950616
0#
#440969134
b11011101 7
1#
#440987652
0#
#441006170
b11011110 7
1#
#441024688
0#
#441043206
b11011111 7
1#
#441061724
0#
#441080242
b11100000 7
1#
#441098760
0#
#441117278
b11100001 7
1#
#441135796
0#
#441154314
b11100010 7
1#
#441172832
0#
#441191350
b11100011 7
1#
#441209868
0#
#441228386
b11100100 7
1#
#441246904
0#
#441265422
b11100101 7
1#
#441283940
0#
#441302458
b11100110 7
1#
#441320976
0#
#441339494
b11100111 7
1#
#441358012
0#
#441376530
b11101000 7
1#
#441395048
0#
#441413566
b11101001 7
1#
#441432084
0#
#441450602
18
b0 7
1#
#441469120
0#
#441487638
b101 9
b10 :
b1 7
08
1#
#441506156
0#
#441524674
b10 7
1#
#441543192
0#
#441561710
b11 7
1#
#441580228
0#
#441598746
b100 7
1#
#441617264
0#
#441635782
b101 7
1#
#441654300
0#
#441672818
b110 7
1#
#441691336
0#
#441709854
b111 7
1#
#441728372
0#
#441746890
b1000 7
1#
#441765408
0#
#441783926
b1001 7
1#
#441802444
0#
#441820962
b1010 7
1#
#441839480
0#
#441857998
b1011 7
1#
#441876516
0#
#441895034
b1100 7
1#
#441913552
0#
#441932070
b1101 7
1#
#441950588
0#
#441969106
b1110 7
1#
#441987624
0#
#442006142
b1111 7
1#
#442024660
0#
#442043178
b10000 7
1#
#442061696
0#
#442080214
b10001 7
1#
#442098732
0#
#442117250
b10010 7
1#
#442135768
0#
#442154286
b10011 7
1#
#442172804
0#
#442191322
b10100 7
1#
#442209840
0#
#442228358
b10101 7
1#
#442246876
0#
#442265394
b10110 7
1#
#442283912
0#
#442302430
b10111 7
1#
#442320948
0#
#442339466
b11000 7
1#
#442357984
0#
#442376502
b11001 7
1#
#442395020
0#
#442413538
b11010 7
1#
#442432056
0#
#442450574
b11011 7
1#
#442469092
0#
#442487610
b11100 7
1#
#442506128
0#
#442524646
b11101 7
1#
#442543164
0#
#442561682
b11110 7
1#
#442580200
0#
#442598718
b11111 7
1#
#442617236
0#
#442635754
b100000 7
1#
#442654272
0#
#442672790
b100001 7
1#
#442691308
0#
#442709826
b100010 7
1#
#442728344
0#
#442746862
b100011 7
1#
#442765380
0#
#442783898
b100100 7
1#
#442802416
0#
#442820934
b100101 7
1#
#442839452
0#
#442857970
b100110 7
1#
#442876488
0#
#442895006
b100111 7
1#
#442913524
0#
#442932042
b101000 7
1#
#442950560
0#
#442969078
b101001 7
1#
#442987596
0#
#443006114
b101010 7
1#
#443024632
0#
#443043150
b101011 7
1#
#443061668
0#
#443080186
b101100 7
1#
#443098704
0#
#443117222
b101101 7
1#
#443135740
0#
#443154258
b101110 7
1#
#443172776
0#
#443191294
b101111 7
1#
#443209812
0#
#443228330
b110000 7
1#
#443246848
0#
#443265366
b110001 7
1#
#443283884
0#
#443302402
b110010 7
1#
#443320920
0#
#443339438
b110011 7
1#
#443357956
0#
#443376474
b110100 7
1#
#443394992
0#
#443413510
b110101 7
1#
#443432028
0#
#443450546
b110110 7
1#
#443469064
0#
#443487582
b110111 7
1#
#443506100
0#
#443524618
b111000 7
1#
#443543136
0#
#443561654
b111001 7
1#
#443580172
0#
#443598690
b111010 7
1#
#443617208
0#
#443635726
b111011 7
1#
#443654244
0#
#443672762
b111100 7
1#
#443691280
0#
#443709798
b111101 7
1#
#443728316
0#
#443746834
b111110 7
1#
#443765352
0#
#443783870
b111111 7
1#
#443802388
0#
#443820906
b1000000 7
1#
#443839424
0#
#443857942
b1000001 7
1#
#443876460
0#
#443894978
b1000010 7
1#
#443913496
0#
#443932014
b1000011 7
1#
#443950532
0#
#443969050
b1000100 7
1#
#443987568
0#
#444006086
b1000101 7
1#
#444024604
0#
#444043122
b1000110 7
1#
#444061640
0#
#444080158
b1000111 7
1#
#444098676
0#
#444117194
b1001000 7
1#
#444135712
0#
#444154230
b1001001 7
1#
#444172748
0#
#444191266
b1001010 7
1#
#444209784
0#
#444228302
b1001011 7
1#
#444246820
0#
#444265338
b1001100 7
1#
#444283856
0#
#444302374
b1001101 7
1#
#444320892
0#
#444339410
b1001110 7
1#
#444357928
0#
#444376446
b1001111 7
1#
#444394964
0#
#444413482
b1010000 7
1#
#444432000
0#
#444450518
b1010001 7
1#
#444469036
0#
#444487554
b1010010 7
1#
#444506072
0#
#444524590
b1010011 7
1#
#444543108
0#
#444561626
b1010100 7
1#
#444580144
0#
#444598662
b1010101 7
1#
#444617180
0#
#444635698
b1010110 7
1#
#444654216
0#
#444672734
b1010111 7
1#
#444691252
0#
#444709770
b1011000 7
1#
#444728288
0#
#444746806
b1011001 7
1#
#444765324
0#
#444783842
b1011010 7
1#
#444802360
0#
#444820878
b1011011 7
1#
#444839396
0#
#444857914
b1011100 7
1#
#444876432
0#
#444894950
b1011101 7
1#
#444913468
0#
#444931986
b1011110 7
1#
#444950504
0#
#444969022
b1011111 7
1#
#444987540
0#
#445006058
b1100000 7
1#
#445024576
0#
#445043094
b1100001 7
1#
#445061612
0#
#445080130
b1100010 7
1#
#445098648
0#
#445117166
b1100011 7
1#
#445135684
0#
#445154202
b1100100 7
1#
#445172720
0#
#445191238
b1100101 7
1#
#445209756
0#
#445228274
b1100110 7
1#
#445246792
0#
#445265310
b1100111 7
1#
#445283828
0#
#445302346
b1101000 7
1#
#445320864
0#
#445339382
b1101001 7
1#
#445357900
0#
#445376418
b1101010 7
1#
#445394936
0#
#445413454
b1101011 7
1#
#445431972
0#
#445450490
b1101100 7
1#
#445469008
0#
#445487526
b1101101 7
1#
#445506044
0#
#445524562
b1101110 7
1#
#445543080
0#
#445561598
b1101111 7
1#
#445580116
0#
#445598634
b1110000 7
1#
#445617152
0#
#445635670
b1110001 7
1#
#445654188
0#
#445672706
b1110010 7
1#
#445691224
0#
#445709742
b1110011 7
1#
#445728260
0#
#445746778
b1110100 7
1#
#445765296
0#
#445783814
b1110101 7
1#
#445802332
0#
#445820850
b1110110 7
1#
#445839368
0#
#445857886
b1110111 7
1#
#445876404
0#
#445894922
b1111000 7
1#
#445913440
0#
#445931958
b1111001 7
1#
#445950476
0#
#445968994
b1111010 7
1#
#445987512
0#
#446006030
b1111011 7
1#
#446024548
0#
#446043066
b1111100 7
1#
#446061584
0#
#446080102
b1111101 7
1#
#446098620
0#
#446117138
b1111110 7
1#
#446135656
0#
#446154174
b1111111 7
1#
#446172692
0#
#446191210
b10000000 7
1#
#446209728
0#
#446228246
b10000001 7
1#
#446246764
0#
#446265282
b10000010 7
1#
#446283800
0#
#446302318
b10000011 7
1#
#446320836
0#
#446339354
b10000100 7
1#
#446357872
0#
#446376390
b10000101 7
1#
#446394908
0#
#446413426
b10000110 7
1#
#446431944
0#
#446450462
b10000111 7
1#
#446468980
0#
#446487498
b10001000 7
1#
#446506016
0#
#446524534
b10001001 7
1#
#446543052
0#
#446561570
b10001010 7
1#
#446580088
0#
#446598606
b10001011 7
1#
#446617124
0#
#446635642
b10001100 7
1#
#446654160
0#
#446672678
b10001101 7
1#
#446691196
0#
#446709714
b10001110 7
1#
#446728232
0#
#446746750
b10001111 7
1#
#446765268
0#
#446783786
b10010000 7
1#
#446802304
0#
#446820822
b10010001 7
1#
#446839340
0#
#446857858
b10010010 7
1#
#446876376
0#
#446894894
b10010011 7
1#
#446913412
0#
#446931930
b10010100 7
1#
#446950448
0#
#446968966
b10010101 7
1#
#446987484
0#
#447006002
b10010110 7
1#
#447024520
0#
#447043038
b10010111 7
1#
#447061556
0#
#447080074
b10011000 7
1#
#447098592
0#
#447117110
b10011001 7
1#
#447135628
0#
#447154146
b10011010 7
1#
#447172664
0#
#447191182
b10011011 7
1#
#447209700
0#
#447228218
b10011100 7
1#
#447246736
0#
#447265254
b10011101 7
1#
#447283772
0#
#447302290
b10011110 7
1#
#447320808
0#
#447339326
b10011111 7
1#
#447357844
0#
#447376362
b10100000 7
1#
#447394880
0#
#447413398
b10100001 7
1#
#447431916
0#
#447450434
b10100010 7
1#
#447468952
0#
#447487470
b10100011 7
1#
#447505988
0#
#447524506
b10100100 7
1#
#447543024
0#
#447561542
b10100101 7
1#
#447580060
0#
#447598578
b10100110 7
1#
#447617096
0#
#447635614
b10100111 7
1#
#447654132
0#
#447672650
b10101000 7
1#
#447691168
0#
#447709686
b10101001 7
1#
#447728204
0#
#447746722
b10101010 7
1#
#447765240
0#
#447783758
b10101011 7
1#
#447802276
0#
#447820794
b10101100 7
1#
#447839312
0#
#447857830
b10101101 7
1#
#447876348
0#
#447894866
b10101110 7
1#
#447913384
0#
#447931902
b10101111 7
1#
#447950420
0#
#447968938
b10110000 7
1#
#447987456
0#
#448005974
b10110001 7
1#
#448024492
0#
#448043010
b10110010 7
1#
#448061528
0#
#448080046
b10110011 7
1#
#448098564
0#
#448117082
b10110100 7
1#
#448135600
0#
#448154118
b10110101 7
1#
#448172636
0#
#448191154
b10110110 7
1#
#448209672
0#
#448228190
b10110111 7
1#
#448246708
0#
#448265226
b10111000 7
1#
#448283744
0#
#448302262
b10111001 7
1#
#448320780
0#
#448339298
b10111010 7
1#
#448357816
0#
#448376334
b10111011 7
1#
#448394852
0#
#448413370
b10111100 7
1#
#448431888
0#
#448450406
b10111101 7
1#
#448468924
0#
#448487442
b10111110 7
1#
#448505960
0#
#448524478
b10111111 7
1#
#448542996
0#
#448561514
b11000000 7
1#
#448580032
0#
#448598550
b11000001 7
1#
#448617068
0#
#448635586
b11000010 7
1#
#448654104
0#
#448672622
b11000011 7
1#
#448691140
0#
#448709658
b11000100 7
1#
#448728176
0#
#448746694
b11000101 7
1#
#448765212
0#
#448783730
b11000110 7
1#
#448802248
0#
#448820766
b11000111 7
1#
#448839284
0#
#448857802
b11001000 7
1#
#448876320
0#
#448894838
b11001001 7
1#
#448913356
0#
#448931874
b11001010 7
1#
#448950392
0#
#448968910
b11001011 7
1#
#448987428
0#
#449005946
b11001100 7
1#
#449024464
0#
#449042982
b11001101 7
1#
#449061500
0#
#449080018
b11001110 7
1#
#449098536
0#
#449117054
b11001111 7
1#
#449135572
0#
#449154090
b11010000 7
1#
#449172608
0#
#449191126
b11010001 7
1#
#449209644
0#
#449228162
b11010010 7
1#
#449246680
0#
#449265198
b11010011 7
1#
#449283716
0#
#449302234
b11010100 7
1#
#449320752
0#
#449339270
b11010101 7
1#
#449357788
0#
#449376306
b11010110 7
1#
#449394824
0#
#449413342
b11010111 7
1#
#449431860
0#
#449450378
b11011000 7
1#
#449468896
0#
#449487414
b11011001 7
1#
#449505932
0#
#449524450
b11011010 7
1#
#449542968
0#
#449561486
b11011011 7
1#
#449580004
0#
#449598522
b11011100 7
1#
#449617040
0#
#449635558
b11011101 7
1#
#449654076
0#
#449672594
b11011110 7
1#
#449691112
0#
#449709630
b11011111 7
1#
#449728148
0#
#449746666
b11100000 7
1#
#449765184
0#
#449783702
b11100001 7
1#
#449802220
0#
#449820738
b11100010 7
1#
#449839256
0#
#449857774
b11100011 7
1#
#449876292
0#
#449894810
b11100100 7
1#
#449913328
0#
#449931846
b11100101 7
1#
#449950364
0#
#449968882
b11100110 7
1#
#449987400
0#
#450005918
b11100111 7
1#
#450024436
0#
#450042954
b11101000 7
1#
#450061472
0#
#450079990
b11101001 7
1#
#450098508
0#
#450117026
18
b0 7
1#
#450135544
0#
#450154062
b110 9
b1 :
b1 7
08
1#
#450172580
0#
#450191098
1!
b10 7
1#
#450209616
0#
#450228134
b11 7
1#
#450246652
0#
#450265170
b100 7
1#
#450283688
0#
#450302206
b101 7
1#
#450320724
0#
#450339242
b110 7
1#
#450357760
0#
#450376278
b111 7
1#
#450394796
0#
#450413314
b1000 7
1#
#450431832
0#
#450450350
b1001 7
1#
#450468868
0#
#450487386
b1010 7
1#
#450505904
0#
#450524422
b1011 7
1#
#450542940
0#
#450561458
b1100 7
1#
#450579976
0#
#450598494
b1101 7
1#
#450617012
0#
#450635530
b1110 7
1#
#450654048
0#
#450672566
b1111 7
1#
#450691084
0#
#450709602
b10000 7
1#
#450728120
0#
#450746638
b10001 7
1#
#450765156
0#
#450783674
b10010 7
1#
#450802192
0#
#450820710
b10011 7
1#
#450839228
0#
#450857746
b10100 7
1#
#450876264
0#
#450894782
b10101 7
1#
#450913300
0#
#450931818
b10110 7
1#
#450950336
0#
#450968854
b10111 7
1#
#450987372
0#
#451005890
b11000 7
1#
#451024408
0#
#451042926
b11001 7
1#
#451061444
0#
#451079962
b11010 7
1#
#451098480
0#
#451116998
b11011 7
1#
#451135516
0#
#451154034
b11100 7
1#
#451172552
0#
#451191070
b11101 7
1#
#451209588
0#
#451228106
b11110 7
1#
#451246624
0#
#451265142
b11111 7
1#
#451283660
0#
#451302178
b100000 7
1#
#451320696
0#
#451339214
b100001 7
1#
#451357732
0#
#451376250
b100010 7
1#
#451394768
0#
#451413286
b100011 7
1#
#451431804
0#
#451450322
b100100 7
1#
#451468840
0#
#451487358
b100101 7
1#
#451505876
0#
#451524394
b100110 7
1#
#451542912
0#
#451561430
b100111 7
1#
#451579948
0#
#451598466
b101000 7
1#
#451616984
0#
#451635502
b101001 7
1#
#451654020
0#
#451672538
b101010 7
1#
#451691056
0#
#451709574
b101011 7
1#
#451728092
0#
#451746610
b101100 7
1#
#451765128
0#
#451783646
b101101 7
1#
#451802164
0#
#451820682
b101110 7
1#
#451839200
0#
#451857718
b101111 7
1#
#451876236
0#
#451894754
b110000 7
1#
#451913272
0#
#451931790
b110001 7
1#
#451950308
0#
#451968826
b110010 7
1#
#451987344
0#
#452005862
b110011 7
1#
#452024380
0#
#452042898
b110100 7
1#
#452061416
0#
#452079934
b110101 7
1#
#452098452
0#
#452116970
b110110 7
1#
#452135488
0#
#452154006
b110111 7
1#
#452172524
0#
#452191042
b111000 7
1#
#452209560
0#
#452228078
b111001 7
1#
#452246596
0#
#452265114
b111010 7
1#
#452283632
0#
#452302150
b111011 7
1#
#452320668
0#
#452339186
b111100 7
1#
#452357704
0#
#452376222
b111101 7
1#
#452394740
0#
#452413258
b111110 7
1#
#452431776
0#
#452450294
b111111 7
1#
#452468812
0#
#452487330
b1000000 7
1#
#452505848
0#
#452524366
b1000001 7
1#
#452542884
0#
#452561402
b1000010 7
1#
#452579920
0#
#452598438
b1000011 7
1#
#452616956
0#
#452635474
b1000100 7
1#
#452653992
0#
#452672510
b1000101 7
1#
#452691028
0#
#452709546
b1000110 7
1#
#452728064
0#
#452746582
b1000111 7
1#
#452765100
0#
#452783618
b1001000 7
1#
#452802136
0#
#452820654
b1001001 7
1#
#452839172
0#
#452857690
b1001010 7
1#
#452876208
0#
#452894726
b1001011 7
1#
#452913244
0#
#452931762
b1001100 7
1#
#452950280
0#
#452968798
b1001101 7
1#
#452987316
0#
#453005834
b1001110 7
1#
#453024352
0#
#453042870
b1001111 7
1#
#453061388
0#
#453079906
b1010000 7
1#
#453098424
0#
#453116942
b1010001 7
1#
#453135460
0#
#453153978
b1010010 7
1#
#453172496
0#
#453191014
b1010011 7
1#
#453209532
0#
#453228050
b1010100 7
1#
#453246568
0#
#453265086
b1010101 7
1#
#453283604
0#
#453302122
b1010110 7
1#
#453320640
0#
#453339158
b1010111 7
1#
#453357676
0#
#453376194
b1011000 7
1#
#453394712
0#
#453413230
b1011001 7
1#
#453431748
0#
#453450266
b1011010 7
1#
#453468784
0#
#453487302
b1011011 7
1#
#453505820
0#
#453524338
b1011100 7
1#
#453542856
0#
#453561374
b1011101 7
1#
#453579892
0#
#453598410
b1011110 7
1#
#453616928
0#
#453635446
b1011111 7
1#
#453653964
0#
#453672482
b1100000 7
1#
#453691000
0#
#453709518
b1100001 7
1#
#453728036
0#
#453746554
b1100010 7
1#
#453765072
0#
#453783590
b1100011 7
1#
#453802108
0#
#453820626
b1100100 7
1#
#453839144
0#
#453857662
b1100101 7
1#
#453876180
0#
#453894698
b1100110 7
1#
#453913216
0#
#453931734
b1100111 7
1#
#453950252
0#
#453968770
b1101000 7
1#
#453987288
0#
#454005806
b1101001 7
1#
#454024324
0#
#454042842
b1101010 7
1#
#454061360
0#
#454079878
b1101011 7
1#
#454098396
0#
#454116914
b1101100 7
1#
#454135432
0#
#454153950
b1101101 7
1#
#454172468
0#
#454190986
b1101110 7
1#
#454209504
0#
#454228022
b1101111 7
1#
#454246540
0#
#454265058
b1110000 7
1#
#454283576
0#
#454302094
b1110001 7
1#
#454320612
0#
#454339130
b1110010 7
1#
#454357648
0#
#454376166
b1110011 7
1#
#454394684
0#
#454413202
b1110100 7
1#
#454431720
0#
#454450238
b1110101 7
1#
#454468756
0#
#454487274
b1110110 7
1#
#454505792
0#
#454524310
b1110111 7
1#
#454542828
0#
#454561346
b1111000 7
1#
#454579864
0#
#454598382
b1111001 7
1#
#454616900
0#
#454635418
b1111010 7
1#
#454653936
0#
#454672454
b1111011 7
1#
#454690972
0#
#454709490
b1111100 7
1#
#454728008
0#
#454746526
b1111101 7
1#
#454765044
0#
#454783562
b1111110 7
1#
#454802080
0#
#454820598
b1111111 7
1#
#454839116
0#
#454857634
b10000000 7
1#
#454876152
0#
#454894670
b10000001 7
1#
#454913188
0#
#454931706
b10000010 7
1#
#454950224
0#
#454968742
b10000011 7
1#
#454987260
0#
#455005778
b10000100 7
1#
#455024296
0#
#455042814
b10000101 7
1#
#455061332
0#
#455079850
b10000110 7
1#
#455098368
0#
#455116886
b10000111 7
1#
#455135404
0#
#455153922
b10001000 7
1#
#455172440
0#
#455190958
b10001001 7
1#
#455209476
0#
#455227994
b10001010 7
1#
#455246512
0#
#455265030
b10001011 7
1#
#455283548
0#
#455302066
b10001100 7
1#
#455320584
0#
#455339102
b10001101 7
1#
#455357620
0#
#455376138
b10001110 7
1#
#455394656
0#
#455413174
b10001111 7
1#
#455431692
0#
#455450210
b10010000 7
1#
#455468728
0#
#455487246
b10010001 7
1#
#455505764
0#
#455524282
b10010010 7
1#
#455542800
0#
#455561318
b10010011 7
1#
#455579836
0#
#455598354
b10010100 7
1#
#455616872
0#
#455635390
b10010101 7
1#
#455653908
0#
#455672426
b10010110 7
1#
#455690944
0#
#455709462
b10010111 7
1#
#455727980
0#
#455746498
b10011000 7
1#
#455765016
0#
#455783534
b10011001 7
1#
#455802052
0#
#455820570
b10011010 7
1#
#455839088
0#
#455857606
b10011011 7
1#
#455876124
0#
#455894642
b10011100 7
1#
#455913160
0#
#455931678
b10011101 7
1#
#455950196
0#
#455968714
b10011110 7
1#
#455987232
0#
#456005750
b10011111 7
1#
#456024268
0#
#456042786
b10100000 7
1#
#456061304
0#
#456079822
b10100001 7
1#
#456098340
0#
#456116858
b10100010 7
1#
#456135376
0#
#456153894
b10100011 7
1#
#456172412
0#
#456190930
b10100100 7
1#
#456209448
0#
#456227966
b10100101 7
1#
#456246484
0#
#456265002
b10100110 7
1#
#456283520
0#
#456302038
b10100111 7
1#
#456320556
0#
#456339074
b10101000 7
1#
#456357592
0#
#456376110
b10101001 7
1#
#456394628
0#
#456413146
b10101010 7
1#
#456431664
0#
#456450182
b10101011 7
1#
#456468700
0#
#456487218
b10101100 7
1#
#456505736
0#
#456524254
b10101101 7
1#
#456542772
0#
#456561290
b10101110 7
1#
#456579808
0#
#456598326
b10101111 7
1#
#456616844
0#
#456635362
b10110000 7
1#
#456653880
0#
#456672398
b10110001 7
1#
#456690916
0#
#456709434
b10110010 7
1#
#456727952
0#
#456746470
b10110011 7
1#
#456764988
0#
#456783506
b10110100 7
1#
#456802024
0#
#456820542
b10110101 7
1#
#456839060
0#
#456857578
b10110110 7
1#
#456876096
0#
#456894614
b10110111 7
1#
#456913132
0#
#456931650
b10111000 7
1#
#456950168
0#
#456968686
b10111001 7
1#
#456987204
0#
#457005722
b10111010 7
1#
#457024240
0#
#457042758
b10111011 7
1#
#457061276
0#
#457079794
b10111100 7
1#
#457098312
0#
#457116830
b10111101 7
1#
#457135348
0#
#457153866
b10111110 7
1#
#457172384
0#
#457190902
b10111111 7
1#
#457209420
0#
#457227938
b11000000 7
1#
#457246456
0#
#457264974
b11000001 7
1#
#457283492
0#
#457302010
b11000010 7
1#
#457320528
0#
#457339046
b11000011 7
1#
#457357564
0#
#457376082
b11000100 7
1#
#457394600
0#
#457413118
b11000101 7
1#
#457431636
0#
#457450154
b11000110 7
1#
#457468672
0#
#457487190
b11000111 7
1#
#457505708
0#
#457524226
b11001000 7
1#
#457542744
0#
#457561262
b11001001 7
1#
#457579780
0#
#457598298
b11001010 7
1#
#457616816
0#
#457635334
b11001011 7
1#
#457653852
0#
#457672370
b11001100 7
1#
#457690888
0#
#457709406
b11001101 7
1#
#457727924
0#
#457746442
b11001110 7
1#
#457764960
0#
#457783478
b11001111 7
1#
#457801996
0#
#457820514
b11010000 7
1#
#457839032
0#
#457857550
b11010001 7
1#
#457876068
0#
#457894586
b11010010 7
1#
#457913104
0#
#457931622
b11010011 7
1#
#457950140
0#
#457968658
b11010100 7
1#
#457987176
0#
#458005694
b11010101 7
1#
#458024212
0#
#458042730
b11010110 7
1#
#458061248
0#
#458079766
b11010111 7
1#
#458098284
0#
#458116802
b11011000 7
1#
#458135320
0#
#458153838
b11011001 7
1#
#458172356
0#
#458190874
b11011010 7
1#
#458209392
0#
#458227910
b11011011 7
1#
#458246428
0#
#458264946
b11011100 7
1#
#458283464
0#
#458301982
b11011101 7
1#
#458320500
0#
#458339018
b11011110 7
1#
#458357536
0#
#458376054
b11011111 7
1#
#458394572
0#
#458413090
b11100000 7
1#
#458431608
0#
#458450126
b11100001 7
1#
#458468644
0#
#458487162
b11100010 7
1#
#458505680
0#
#458524198
b11100011 7
1#
#458542716
0#
#458561234
b11100100 7
1#
#458579752
0#
#458598270
b11100101 7
1#
#458616788
0#
#458635306
b11100110 7
1#
#458653824
0#
#458672342
b11100111 7
1#
#458690860
0#
#458709378
b11101000 7
1#
#458727896
0#
#458746414
b11101001 7
1#
#458764932
0#
#458783450
18
b0 7
1#
#458801968
0#
#458820486
b111 9
b0 :
b1 7
08
1#
#458839004
0#
#458857522
0!
b10 7
1#
#458876040
0#
#458894558
b11 7
1#
#458913076
0#
#458931594
b100 7
1#
#458950112
0#
#458968630
b101 7
1#
#458987148
0#
#459005666
b110 7
1#
#459024184
0#
#459042702
b111 7
1#
#459061220
0#
#459079738
b1000 7
1#
#459098256
0#
#459116774
b1001 7
1#
#459135292
0#
#459153810
b1010 7
1#
#459172328
0#
#459190846
b1011 7
1#
#459209364
0#
#459227882
b1100 7
1#
#459246400
0#
#459264918
b1101 7
1#
#459283436
0#
#459301954
b1110 7
1#
#459320472
0#
#459338990
b1111 7
1#
#459357508
0#
#459376026
b10000 7
1#
#459394544
0#
#459413062
b10001 7
1#
#459431580
0#
#459450098
b10010 7
1#
#459468616
0#
#459487134
b10011 7
1#
#459505652
0#
#459524170
b10100 7
1#
#459542688
0#
#459561206
b10101 7
1#
#459579724
0#
#459598242
b10110 7
1#
#459616760
0#
#459635278
b10111 7
1#
#459653796
0#
#459672314
b11000 7
1#
#459690832
0#
#459709350
b11001 7
1#
#459727868
0#
#459746386
b11010 7
1#
#459764904
0#
#459783422
b11011 7
1#
#459801940
0#
#459820458
b11100 7
1#
#459838976
0#
#459857494
b11101 7
1#
#459876012
0#
#459894530
b11110 7
1#
#459913048
0#
#459931566
b11111 7
1#
#459950084
0#
#459968602
b100000 7
1#
#459987120
0#
#460005638
b100001 7
1#
#460024156
0#
#460042674
b100010 7
1#
#460061192
0#
#460079710
b100011 7
1#
#460098228
0#
#460116746
b100100 7
1#
#460135264
0#
#460153782
b100101 7
1#
#460172300
0#
#460190818
b100110 7
1#
#460209336
0#
#460227854
b100111 7
1#
#460246372
0#
#460264890
b101000 7
1#
#460283408
0#
#460301926
b101001 7
1#
#460320444
0#
#460338962
b101010 7
1#
#460357480
0#
#460375998
b101011 7
1#
#460394516
0#
#460413034
b101100 7
1#
#460431552
0#
#460450070
b101101 7
1#
#460468588
0#
#460487106
b101110 7
1#
#460505624
0#
#460524142
b101111 7
1#
#460542660
0#
#460561178
b110000 7
1#
#460579696
0#
#460598214
b110001 7
1#
#460616732
0#
#460635250
b110010 7
1#
#460653768
0#
#460672286
b110011 7
1#
#460690804
0#
#460709322
b110100 7
1#
#460727840
0#
#460746358
b110101 7
1#
#460764876
0#
#460783394
b110110 7
1#
#460801912
0#
#460820430
b110111 7
1#
#460838948
0#
#460857466
b111000 7
1#
#460875984
0#
#460894502
b111001 7
1#
#460913020
0#
#460931538
b111010 7
1#
#460950056
0#
#460968574
b111011 7
1#
#460987092
0#
#461005610
b111100 7
1#
#461024128
0#
#461042646
b111101 7
1#
#461061164
0#
#461079682
b111110 7
1#
#461098200
0#
#461116718
b111111 7
1#
#461135236
0#
#461153754
b1000000 7
1#
#461172272
0#
#461190790
b1000001 7
1#
#461209308
0#
#461227826
b1000010 7
1#
#461246344
0#
#461264862
b1000011 7
1#
#461283380
0#
#461301898
b1000100 7
1#
#461320416
0#
#461338934
b1000101 7
1#
#461357452
0#
#461375970
b1000110 7
1#
#461394488
0#
#461413006
b1000111 7
1#
#461431524
0#
#461450042
b1001000 7
1#
#461468560
0#
#461487078
b1001001 7
1#
#461505596
0#
#461524114
b1001010 7
1#
#461542632
0#
#461561150
b1001011 7
1#
#461579668
0#
#461598186
b1001100 7
1#
#461616704
0#
#461635222
b1001101 7
1#
#461653740
0#
#461672258
b1001110 7
1#
#461690776
0#
#461709294
b1001111 7
1#
#461727812
0#
#461746330
b1010000 7
1#
#461764848
0#
#461783366
b1010001 7
1#
#461801884
0#
#461820402
b1010010 7
1#
#461838920
0#
#461857438
b1010011 7
1#
#461875956
0#
#461894474
b1010100 7
1#
#461912992
0#
#461931510
b1010101 7
1#
#461950028
0#
#461968546
b1010110 7
1#
#461987064
0#
#462005582
b1010111 7
1#
#462024100
0#
#462042618
b1011000 7
1#
#462061136
0#
#462079654
b1011001 7
1#
#462098172
0#
#462116690
b1011010 7
1#
#462135208
0#
#462153726
b1011011 7
1#
#462172244
0#
#462190762
b1011100 7
1#
#462209280
0#
#462227798
b1011101 7
1#
#462246316
0#
#462264834
b1011110 7
1#
#462283352
0#
#462301870
b1011111 7
1#
#462320388
0#
#462338906
b1100000 7
1#
#462357424
0#
#462375942
b1100001 7
1#
#462394460
0#
#462412978
b1100010 7
1#
#462431496
0#
#462450014
b1100011 7
1#
#462468532
0#
#462487050
b1100100 7
1#
#462505568
0#
#462524086
b1100101 7
1#
#462542604
0#
#462561122
b1100110 7
1#
#462579640
0#
#462598158
b1100111 7
1#
#462616676
0#
#462635194
b1101000 7
1#
#462653712
0#
#462672230
b1101001 7
1#
#462690748
0#
#462709266
b1101010 7
1#
#462727784
0#
#462746302
b1101011 7
1#
#462764820
0#
#462783338
b1101100 7
1#
#462801856
0#
#462820374
b1101101 7
1#
#462838892
0#
#462857410
b1101110 7
1#
#462875928
0#
#462894446
b1101111 7
1#
#462912964
0#
#462931482
b1110000 7
1#
#462950000
0#
#462968518
b1110001 7
1#
#462987036
0#
#463005554
b1110010 7
1#
#463024072
0#
#463042590
b1110011 7
1#
#463061108
0#
#463079626
b1110100 7
1#
#463098144
0#
#463116662
b1110101 7
1#
#463135180
0#
#463153698
b1110110 7
1#
#463172216
0#
#463190734
b1110111 7
1#
#463209252
0#
#463227770
b1111000 7
1#
#463246288
0#
#463264806
b1111001 7
1#
#463283324
0#
#463301842
b1111010 7
1#
#463320360
0#
#463338878
b1111011 7
1#
#463357396
0#
#463375914
b1111100 7
1#
#463394432
0#
#463412950
b1111101 7
1#
#463431468
0#
#463449986
b1111110 7
1#
#463468504
0#
#463487022
b1111111 7
1#
#463505540
0#
#463524058
b10000000 7
1#
#463542576
0#
#463561094
b10000001 7
1#
#463579612
0#
#463598130
b10000010 7
1#
#463616648
0#
#463635166
b10000011 7
1#
#463653684
0#
#463672202
b10000100 7
1#
#463690720
0#
#463709238
b10000101 7
1#
#463727756
0#
#463746274
b10000110 7
1#
#463764792
0#
#463783310
b10000111 7
1#
#463801828
0#
#463820346
b10001000 7
1#
#463838864
0#
#463857382
b10001001 7
1#
#463875900
0#
#463894418
b10001010 7
1#
#463912936
0#
#463931454
b10001011 7
1#
#463949972
0#
#463968490
b10001100 7
1#
#463987008
0#
#464005526
b10001101 7
1#
#464024044
0#
#464042562
b10001110 7
1#
#464061080
0#
#464079598
b10001111 7
1#
#464098116
0#
#464116634
b10010000 7
1#
#464135152
0#
#464153670
b10010001 7
1#
#464172188
0#
#464190706
b10010010 7
1#
#464209224
0#
#464227742
b10010011 7
1#
#464246260
0#
#464264778
b10010100 7
1#
#464283296
0#
#464301814
b10010101 7
1#
#464320332
0#
#464338850
b10010110 7
1#
#464357368
0#
#464375886
b10010111 7
1#
#464394404
0#
#464412922
b10011000 7
1#
#464431440
0#
#464449958
b10011001 7
1#
#464468476
0#
#464486994
b10011010 7
1#
#464505512
0#
#464524030
b10011011 7
1#
#464542548
0#
#464561066
b10011100 7
1#
#464579584
0#
#464598102
b10011101 7
1#
#464616620
0#
#464635138
b10011110 7
1#
#464653656
0#
#464672174
b10011111 7
1#
#464690692
0#
#464709210
b10100000 7
1#
#464727728
0#
#464746246
b10100001 7
1#
#464764764
0#
#464783282
b10100010 7
1#
#464801800
0#
#464820318
b10100011 7
1#
#464838836
0#
#464857354
b10100100 7
1#
#464875872
0#
#464894390
b10100101 7
1#
#464912908
0#
#464931426
b10100110 7
1#
#464949944
0#
#464968462
b10100111 7
1#
#464986980
0#
#465005498
b10101000 7
1#
#465024016
0#
#465042534
b10101001 7
1#
#465061052
0#
#465079570
b10101010 7
1#
#465098088
0#
#465116606
b10101011 7
1#
#465135124
0#
#465153642
b10101100 7
1#
#465172160
0#
#465190678
b10101101 7
1#
#465209196
0#
#465227714
b10101110 7
1#
#465246232
0#
#465264750
b10101111 7
1#
#465283268
0#
#465301786
b10110000 7
1#
#465320304
0#
#465338822
b10110001 7
1#
#465357340
0#
#465375858
b10110010 7
1#
#465394376
0#
#465412894
b10110011 7
1#
#465431412
0#
#465449930
b10110100 7
1#
#465468448
0#
#465486966
b10110101 7
1#
#465505484
0#
#465524002
b10110110 7
1#
#465542520
0#
#465561038
b10110111 7
1#
#465579556
0#
#465598074
b10111000 7
1#
#465616592
0#
#465635110
b10111001 7
1#
#465653628
0#
#465672146
b10111010 7
1#
#465690664
0#
#465709182
b10111011 7
1#
#465727700
0#
#465746218
b10111100 7
1#
#465764736
0#
#465783254
b10111101 7
1#
#465801772
0#
#465820290
b10111110 7
1#
#465838808
0#
#465857326
b10111111 7
1#
#465875844
0#
#465894362
b11000000 7
1#
#465912880
0#
#465931398
b11000001 7
1#
#465949916
0#
#465968434
b11000010 7
1#
#465986952
0#
#466005470
b11000011 7
1#
#466023988
0#
#466042506
b11000100 7
1#
#466061024
0#
#466079542
b11000101 7
1#
#466098060
0#
#466116578
b11000110 7
1#
#466135096
0#
#466153614
b11000111 7
1#
#466172132
0#
#466190650
b11001000 7
1#
#466209168
0#
#466227686
b11001001 7
1#
#466246204
0#
#466264722
b11001010 7
1#
#466283240
0#
#466301758
b11001011 7
1#
#466320276
0#
#466338794
b11001100 7
1#
#466357312
0#
#466375830
b11001101 7
1#
#466394348
0#
#466412866
b11001110 7
1#
#466431384
0#
#466449902
b11001111 7
1#
#466468420
0#
#466486938
b11010000 7
1#
#466505456
0#
#466523974
b11010001 7
1#
#466542492
0#
#466561010
b11010010 7
1#
#466579528
0#
#466598046
b11010011 7
1#
#466616564
0#
#466635082
b11010100 7
1#
#466653600
0#
#466672118
b11010101 7
1#
#466690636
0#
#466709154
b11010110 7
1#
#466727672
0#
#466746190
b11010111 7
1#
#466764708
0#
#466783226
b11011000 7
1#
#466801744
0#
#466820262
b11011001 7
1#
#466838780
0#
#466857298
b11011010 7
1#
#466875816
0#
#466894334
b11011011 7
1#
#466912852
0#
#466931370
b11011100 7
1#
#466949888
0#
#466968406
b11011101 7
1#
#466986924
0#
#467005442
b11011110 7
1#
#467023960
0#
#467042478
b11011111 7
1#
#467060996
0#
#467079514
b11100000 7
1#
#467098032
0#
#467116550
b11100001 7
1#
#467135068
0#
#467153586
b11100010 7
1#
#467172104
0#
#467190622
b11100011 7
1#
#467209140
0#
#467227658
b11100100 7
1#
#467246176
0#
#467264694
b11100101 7
1#
#467283212
0#
#467301730
b11100110 7
1#
#467320248
0#
#467338766
b11100111 7
1#
#467357284
0#
#467375802
b11101000 7
1#
#467394320
0#
#467412838
b11101001 7
1#
#467431356
0#
#467449874
18
b0 7
1#
#467468392
0#
#467486910
b11 ;
b1 7
08
1#
#467505428
0#
#467523946
1!
b10 7
1#
#467542464
0#
#467560982
b11 7
1#
#467579500
0#
#467598018
b100 7
1#
#467616536
0#
#467635054
b101 7
1#
#467653572
0#
#467672090
b110 7
1#
#467690608
0#
#467709126
b111 7
1#
#467727644
0#
#467746162
b1000 7
1#
#467764680
0#
#467783198
b1001 7
1#
#467801716
0#
#467820234
b1010 7
1#
#467838752
0#
#467857270
b1011 7
1#
#467875788
0#
#467894306
b1100 7
1#
#467912824
0#
#467931342
b1101 7
1#
#467949860
0#
#467968378
b1110 7
1#
#467986896
0#
#468005414
b1111 7
1#
#468023932
0#
#468042450
b10000 7
1#
#468060968
0#
#468079486
b10001 7
1#
#468098004
0#
#468116522
b10010 7
1#
#468135040
0#
#468153558
b10011 7
1#
#468172076
0#
#468190594
b10100 7
1#
#468209112
0#
#468227630
b10101 7
1#
#468246148
0#
#468264666
b10110 7
1#
#468283184
0#
#468301702
b10111 7
1#
#468320220
0#
#468338738
b11000 7
1#
#468357256
0#
#468375774
b11001 7
1#
#468394292
0#
#468412810
b11010 7
1#
#468431328
0#
#468449846
b11011 7
1#
#468468364
0#
#468486882
b11100 7
1#
#468505400
0#
#468523918
b11101 7
1#
#468542436
0#
#468560954
b11110 7
1#
#468579472
0#
#468597990
b11111 7
1#
#468616508
0#
#468635026
b100000 7
1#
#468653544
0#
#468672062
b100001 7
1#
#468690580
0#
#468709098
b100010 7
1#
#468727616
0#
#468746134
b100011 7
1#
#468764652
0#
#468783170
b100100 7
1#
#468801688
0#
#468820206
b100101 7
1#
#468838724
0#
#468857242
b100110 7
1#
#468875760
0#
#468894278
b100111 7
1#
#468912796
0#
#468931314
b101000 7
1#
#468949832
0#
#468968350
b101001 7
1#
#468986868
0#
#469005386
b101010 7
1#
#469023904
0#
#469042422
b101011 7
1#
#469060940
0#
#469079458
b101100 7
1#
#469097976
0#
#469116494
b101101 7
1#
#469135012
0#
#469153530
b101110 7
1#
#469172048
0#
#469190566
b101111 7
1#
#469209084
0#
#469227602
b110000 7
1#
#469246120
0#
#469264638
b110001 7
1#
#469283156
0#
#469301674
b110010 7
1#
#469320192
0#
#469338710
b110011 7
1#
#469357228
0#
#469375746
b110100 7
1#
#469394264
0#
#469412782
b110101 7
1#
#469431300
0#
#469449818
b110110 7
1#
#469468336
0#
#469486854
b110111 7
1#
#469505372
0#
#469523890
b111000 7
1#
#469542408
0#
#469560926
b111001 7
1#
#469579444
0#
#469597962
b111010 7
1#
#469616480
0#
#469634998
b111011 7
1#
#469653516
0#
#469672034
b111100 7
1#
#469690552
0#
#469709070
b111101 7
1#
#469727588
0#
#469746106
b111110 7
1#
#469764624
0#
#469783142
b111111 7
1#
#469801660
0#
#469820178
b1000000 7
1#
#469838696
0#
#469857214
b1000001 7
1#
#469875732
0#
#469894250
b1000010 7
1#
#469912768
0#
#469931286
b1000011 7
1#
#469949804
0#
#469968322
b1000100 7
1#
#469986840
0#
#470005358
b1000101 7
1#
#470023876
0#
#470042394
b1000110 7
1#
#470060912
0#
#470079430
b1000111 7
1#
#470097948
0#
#470116466
b1001000 7
1#
#470134984
0#
#470153502
b1001001 7
1#
#470172020
0#
#470190538
b1001010 7
1#
#470209056
0#
#470227574
b1001011 7
1#
#470246092
0#
#470264610
b1001100 7
1#
#470283128
0#
#470301646
b1001101 7
1#
#470320164
0#
#470338682
b1001110 7
1#
#470357200
0#
#470375718
b1001111 7
1#
#470394236
0#
#470412754
b1010000 7
1#
#470431272
0#
#470449790
b1010001 7
1#
#470468308
0#
#470486826
b1010010 7
1#
#470505344
0#
#470523862
b1010011 7
1#
#470542380
0#
#470560898
b1010100 7
1#
#470579416
0#
#470597934
b1010101 7
1#
#470616452
0#
#470634970
b1010110 7
1#
#470653488
0#
#470672006
b1010111 7
1#
#470690524
0#
#470709042
b1011000 7
1#
#470727560
0#
#470746078
b1011001 7
1#
#470764596
0#
#470783114
b1011010 7
1#
#470801632
0#
#470820150
b1011011 7
1#
#470838668
0#
#470857186
b1011100 7
1#
#470875704
0#
#470894222
b1011101 7
1#
#470912740
0#
#470931258
b1011110 7
1#
#470949776
0#
#470968294
b1011111 7
1#
#470986812
0#
#471005330
b1100000 7
1#
#471023848
0#
#471042366
b1100001 7
1#
#471060884
0#
#471079402
b1100010 7
1#
#471097920
0#
#471116438
b1100011 7
1#
#471134956
0#
#471153474
b1100100 7
1#
#471171992
0#
#471190510
b1100101 7
1#
#471209028
0#
#471227546
b1100110 7
1#
#471246064
0#
#471264582
b1100111 7
1#
#471283100
0#
#471301618
b1101000 7
1#
#471320136
0#
#471338654
b1101001 7
1#
#471357172
0#
#471375690
b1101010 7
1#
#471394208
0#
#471412726
b1101011 7
1#
#471431244
0#
#471449762
b1101100 7
1#
#471468280
0#
#471486798
b1101101 7
1#
#471505316
0#
#471523834
b1101110 7
1#
#471542352
0#
#471560870
b1101111 7
1#
#471579388
0#
#471597906
b1110000 7
1#
#471616424
0#
#471634942
b1110001 7
1#
#471653460
0#
#471671978
b1110010 7
1#
#471690496
0#
#471709014
b1110011 7
1#
#471727532
0#
#471746050
b1110100 7
1#
#471764568
0#
#471783086
b1110101 7
1#
#471801604
0#
#471820122
b1110110 7
1#
#471838640
0#
#471857158
b1110111 7
1#
#471875676
0#
#471894194
b1111000 7
1#
#471912712
0#
#471931230
b1111001 7
1#
#471949748
0#
#471968266
b1111010 7
1#
#471986784
0#
#472005302
b1111011 7
1#
#472023820
0#
#472042338
b1111100 7
1#
#472060856
0#
#472079374
b1111101 7
1#
#472097892
0#
#472116410
b1111110 7
1#
#472134928
0#
#472153446
b1111111 7
1#
#472171964
0#
#472190482
b10000000 7
1#
#472209000
0#
#472227518
b10000001 7
1#
#472246036
0#
#472264554
b10000010 7
1#
#472283072
0#
#472301590
b10000011 7
1#
#472320108
0#
#472338626
b10000100 7
1#
#472357144
0#
#472375662
b10000101 7
1#
#472394180
0#
#472412698
b10000110 7
1#
#472431216
0#
#472449734
b10000111 7
1#
#472468252
0#
#472486770
b10001000 7
1#
#472505288
0#
#472523806
b10001001 7
1#
#472542324
0#
#472560842
b10001010 7
1#
#472579360
0#
#472597878
b10001011 7
1#
#472616396
0#
#472634914
b10001100 7
1#
#472653432
0#
#472671950
b10001101 7
1#
#472690468
0#
#472708986
b10001110 7
1#
#472727504
0#
#472746022
b10001111 7
1#
#472764540
0#
#472783058
b10010000 7
1#
#472801576
0#
#472820094
b10010001 7
1#
#472838612
0#
#472857130
b10010010 7
1#
#472875648
0#
#472894166
b10010011 7
1#
#472912684
0#
#472931202
b10010100 7
1#
#472949720
0#
#472968238
b10010101 7
1#
#472986756
0#
#473005274
b10010110 7
1#
#473023792
0#
#473042310
b10010111 7
1#
#473060828
0#
#473079346
b10011000 7
1#
#473097864
0#
#473116382
b10011001 7
1#
#473134900
0#
#473153418
b10011010 7
1#
#473171936
0#
#473190454
b10011011 7
1#
#473208972
0#
#473227490
b10011100 7
1#
#473246008
0#
#473264526
b10011101 7
1#
#473283044
0#
#473301562
b10011110 7
1#
#473320080
0#
#473338598
b10011111 7
1#
#473357116
0#
#473375634
b10100000 7
1#
#473394152
0#
#473412670
b10100001 7
1#
#473431188
0#
#473449706
b10100010 7
1#
#473468224
0#
#473486742
b10100011 7
1#
#473505260
0#
#473523778
b10100100 7
1#
#473542296
0#
#473560814
b10100101 7
1#
#473579332
0#
#473597850
b10100110 7
1#
#473616368
0#
#473634886
b10100111 7
1#
#473653404
0#
#473671922
b10101000 7
1#
#473690440
0#
#473708958
b10101001 7
1#
#473727476
0#
#473745994
b10101010 7
1#
#473764512
0#
#473783030
b10101011 7
1#
#473801548
0#
#473820066
b10101100 7
1#
#473838584
0#
#473857102
b10101101 7
1#
#473875620
0#
#473894138
b10101110 7
1#
#473912656
0#
#473931174
b10101111 7
1#
#473949692
0#
#473968210
b10110000 7
1#
#473986728
0#
#474005246
b10110001 7
1#
#474023764
0#
#474042282
b10110010 7
1#
#474060800
0#
#474079318
b10110011 7
1#
#474097836
0#
#474116354
b10110100 7
1#
#474134872
0#
#474153390
b10110101 7
1#
#474171908
0#
#474190426
b10110110 7
1#
#474208944
0#
#474227462
b10110111 7
1#
#474245980
0#
#474264498
b10111000 7
1#
#474283016
0#
#474301534
b10111001 7
1#
#474320052
0#
#474338570
b10111010 7
1#
#474357088
0#
#474375606
b10111011 7
1#
#474394124
0#
#474412642
b10111100 7
1#
#474431160
0#
#474449678
b10111101 7
1#
#474468196
0#
#474486714
b10111110 7
1#
#474505232
0#
#474523750
b10111111 7
1#
#474542268
0#
#474560786
b11000000 7
1#
#474579304
0#
#474597822
b11000001 7
1#
#474616340
0#
#474634858
b11000010 7
1#
#474653376
0#
#474671894
b11000011 7
1#
#474690412
0#
#474708930
b11000100 7
1#
#474727448
0#
#474745966
b11000101 7
1#
#474764484
0#
#474783002
b11000110 7
1#
#474801520
0#
#474820038
b11000111 7
1#
#474838556
0#
#474857074
b11001000 7
1#
#474875592
0#
#474894110
b11001001 7
1#
#474912628
0#
#474931146
b11001010 7
1#
#474949664
0#
#474968182
b11001011 7
1#
#474986700
0#
#475005218
b11001100 7
1#
#475023736
0#
#475042254
b11001101 7
1#
#475060772
0#
#475079290
b11001110 7
1#
#475097808
0#
#475116326
b11001111 7
1#
#475134844
0#
#475153362
b11010000 7
1#
#475171880
0#
#475190398
b11010001 7
1#
#475208916
0#
#475227434
b11010010 7
1#
#475245952
0#
#475264470
b11010011 7
1#
#475282988
0#
#475301506
b11010100 7
1#
#475320024
0#
#475338542
b11010101 7
1#
#475357060
0#
#475375578
b11010110 7
1#
#475394096
0#
#475412614
b11010111 7
1#
#475431132
0#
#475449650
b11011000 7
1#
#475468168
0#
#475486686
b11011001 7
1#
#475505204
0#
#475523722
b11011010 7
1#
#475542240
0#
#475560758
b11011011 7
1#
#475579276
0#
#475597794
b11011100 7
1#
#475616312
0#
#475634830
b11011101 7
1#
#475653348
0#
#475671866
b11011110 7
1#
#475690384
0#
#475708902
b11011111 7
1#
#475727420
0#
#475745938
b11100000 7
1#
#475764456
0#
#475782974
b11100001 7
1#
#475801492
0#
#475820010
b11100010 7
1#
#475838528
0#
#475857046
b11100011 7
1#
#475875564
0#
#475894082
b11100100 7
1#
#475912600
0#
#475931118
b11100101 7
1#
#475949636
0#
#475968154
b11100110 7
1#
#475986672
0#
#476005190
b11100111 7
1#
#476023708
0#
#476042226
b11101000 7
1#
#476060744
0#
#476079262
b11101001 7
1#
#476097780
0#
#476116298
18
b0 7
1#
#476134816
0#
#476153334
b0 ;
0'
b1 7
08
1#
#476171852
0#
#476190370
b0 7
1#
#476208888
0#
#476227406
1#
#476245924
0#
#476264442
1#
#476282960
0#
#476301478
1#
#476319996
0#
#476338514
1#
#476357032
0#
#476375550
1#
#476394068
0#
#476412586
1#
#476431104
0#
#476449622
1#
#476468140
0#
#476486658
1#
#476505176
0#
#476523694
1#
#476542212
0#
#476560730
1#
#476579248
0#
#476597766
1#
#476616284
0#
#476634802
1#
#476653320
0#
#476671838
1#
#476690356
0#
#476708874
1#
#476727392
0#
#476745910
1#
#476764428
0#
#476782946
1#
#476801464
0#
#476819982
1#
#476838500
0#
#476857018
1#
#476875536
0#
#476894054
1#
#476912572
0#
#476931090
1#
#476949608
0#
#476968126
1#
#476986644
0#
#477005162
1#
#477023680
0#
#477042198
1#
#477060716
0#
#477079234
1#
#477097752
0#
#477116270
1#
#477134788
0#
#477153306
1#
#477171824
0#
#477190342
1#
#477208860
0#
#477227378
1#
#477245896
0#
#477264414
1#
#477282932
0#
#477301450
1#
#477319968
0#
#477338486
1#
#477357004
0#
#477375522
1#
#477394040
0#
#477412558
1#
#477431076
0#
#477449594
1#
#477468112
0#
#477486630
1#
#477505148
0#
#477523666
1#
#477542184
0#
#477560702
1#
#477579220
0#
#477597738
1#
#477616256
0#
#477634774
1#
#477653292
0#
#477671810
1#
#477690328
0#
#477708846
1#
#477727364
0#
#477745882
1#
#477764400
0#
#477782918
1#
#477801436
0#
#477819954
1#
#477838472
0#
#477856990
1#
#477875508
0#
#477894026
1#
#477912544
0#
#477931062
1#
#477949580
0#
#477968098
1#
#477986616
0#
#478005134
1#
#478023652
0#
#478042170
1#
#478060688
0#
#478079206
1#
#478097724
0#
#478116242
1#
#478134760
0#
#478153278
1#
#478171796
0#
#478190314
1#
#478208832
0#
#478227350
1#
#478245868
0#
#478264386
1#
#478282904
0#
#478301422
1#
#478319940
0#
#478338458
1#
#478356976
0#
#478375494
1#
#478394012
0#
#478412530
1#
#478431048
0#
#478449566
1#
#478468084
0#
#478486602
1#
#478505120
0#
#478523638
1#
#478542156
0#
#478560674
1#
#478579192
0#
#478597710
1#
#478616228
0#
#478634746
1#
#478653264
0#
#478671782
1#
#478690300
0#
#478708818
1#
#478727336
0#
#478745854
1#
#478764372
0#
#478782890
1#
#478801408
0#
#478819926
1#
#478838444
0#
#478856962
1#
#478875480
0#
#478893998
1#
#478912516
0#
#478931034
1#
#478949552
0#
#478968070
1#
#478986588
0#
#479005106
1#
#479023624
0#
#479042142
1#
#479060660
0#
#479079178
1#
#479097696
0#
#479116214
1#
#479134732
0#
#479153250
1#
#479171768
0#
#479190286
1#
#479208804
0#
#479227322
1#
#479245840
0#
#479264358
1#
#479282876
0#
#479301394
1#
#479319912
0#
#479338430
1#
#479356948
0#
#479375466
1#
#479393984
0#
#479412502
1#
#479431020
0#
#479449538
1#
#479468056
0#
#479486574
1#
#479505092
0#
#479523610
1#
#479542128
0#
#479560646
1#
#479579164
0#
#479597682
1#
#479616200
0#
#479634718
1#
#479653236
0#
#479671754
1#
#479690272
0#
#479708790
1#
#479727308
0#
#479745826
1#
#479764344
0#
#479782862
1#
#479801380
0#
#479819898
1#
#479838416
0#
#479856934
1#
#479875452
0#
#479893970
1#
#479912488
0#
#479931006
1#
#479949524
0#
#479968042
1#
#479986560
0#
#480005078
1#
#480023596
0#
#480042114
1#
#480060632
0#
#480079150
1#
#480097668
0#
#480116186
1#
#480134704
0#
#480153222
1#
#480171740
0#
#480190258
1#
#480208776
0#
#480227294
1#
#480245812
0#
#480264330
1#
#480282848
0#
#480301366
1#
#480319884
0#
#480338402
1#
#480356920
0#
#480375438
1#
#480393956
0#
#480412474
1#
#480430992
0#
#480449510
1#
#480468028
0#
#480486546
1#
#480505064
0#
#480523582
1#
#480542100
0#
#480560618
1#
#480579136
0#
#480597654
1#
#480616172
0#
#480634690
1#
#480653208
0#
#480671726
1#
#480690244
0#
#480708762
1#
#480727280
0#
#480745798
1#
#480764316
0#
#480782834
1#
#480801352
0#
#480819870
1#
#480838388
0#
#480856906
1#
#480875424
0#
#480893942
1#
#480912460
0#
#480930978
1#
#480949496
0#
#480968014
1#
#480986532
0#
#481005050
1#
#481023568
0#
#481042086
1#
#481060604
0#
#481079122
1#
#481097640
0#
#481116158
1#
#481134676
0#
#481153194
1#
#481171712
0#
#481190230
1#
#481208748
0#
#481227266
1#
#481245784
0#
#481264302
1#
#481282820
0#
#481301338
1#
#481319856
0#
#481338374
1#
#481356892
0#
#481375410
1#
#481393928
0#
#481412446
1#
#481430964
0#
#481449482
1#
#481468000
0#
#481486518
1#
#481505036
0#
#481523554
1#
#481542072
0#
#481560590
1#
#481579108
0#
#481597626
1#
#481616144
0#
#481634662
1#
#481653180
0#
#481671698
1#
#481690216
0#
#481708734
1#
#481727252
0#
#481745770
1#
#481764288
0#
#481782806
1#
#481801324
0#
#481819842
1#
#481838360
0#
#481856878
1#
#481875396
0#
#481893914
1#
#481912432
0#
#481930950
1#
#481949468
0#
#481967986
1#
#481986504
0#
#482005022
1#
#482023540
0#
#482042058
1#
#482060576
0#
#482079094
1#
#482097612
0#
#482116130
1#
#482134648
0#
#482153166
1#
#482171684
0#
#482190202
1#
#482208720
0#
#482227238
1#
#482245756
0#
#482264274
1#
#482282792
0#
#482301310
1#
#482319828
0#
#482338346
1#
#482356864
0#
#482375382
1#
#482393900
0#
#482412418
1#
#482430936
0#
#482449454
1#
#482467972
0#
#482486490
1#
#482505008
0#
#482523526
1#
#482542044
0#
#482560562
1#
#482579080
0#
#482597598
1#
#482616116
0#
#482634634
1#
#482653152
0#
#482671670
1#
#482690188
0#
#482708706
1#
#482727224
0#
#482745742
1#
#482764260
0#
#482782778
1#
#482801296
0#
#482819814
1#
#482838332
0#
#482856850
1#
#482875368
0#
#482893886
1#
#482912404
0#
#482930922
1#
#482949440
0#
#482967958
1#
#482986476
0#
#483004994
1#
#483023512
0#
#483042030
1#
#483060548
0#
#483079066
1#
#483097584
0#
#483116102
1#
#483134620
0#
#483153138
1#
#483171656
0#
#483190174
1#
#483208692
0#
#483227210
1#
#483245728
0#
#483264246
1#
#483282764
0#
#483301282
1#
#483319800
0#
#483338318
1#
#483356836
0#
#483375354
1#
#483393872
0#
#483412390
1#
#483430908
0#
#483449426
1#
#483467944
0#
#483486462
1#
#483504980
0#
#483523498
1#
#483542016
0#
#483560534
1#
#483579052
0#
#483597570
1#
#483616088
0#
#483634606
1#
#483653124
0#
#483671642
1#
#483690160
0#
#483708678
1#
#483727196
0#
#483745714
1#
#483764232
0#
#483782750
1#
#483801268
0#
#483819786
1#
#483838304
0#
#483856822
1#
#483875340
0#
#483893858
1#
#483912376
0#
#483930894
1#
#483949412
0#
#483967930
1#
#483986448
0#
#484004966
1#
#484023484
0#
#484042002
1#
#484060520
0#
#484079038
1#
#484097556
0#
#484116074
1#
#484134592
0#
#484153110
1#
#484171628
0#
#484190146
1#
#484208664
0#
#484227182
1#
#484245700
0#
#484264218
1#
#484282736
0#
#484301254
1#
#484319772
0#
#484338290
1#
#484356808
0#
#484375326
1#
#484393844
0#
#484412362
1#
#484430880
0#
#484449398
1#
#484467916
0#
#484486434
1#
#484504952
0#
#484523470
1#
#484541988
0#
#484560506
1#
#484579024
0#
#484597542
1#
#484616060
0#
#484634578
1#
#484653096
0#
#484671614
1#
#484690132
0#
#484708650
1#
#484727168
0#
#484745686
1#
#484764204
0#
#484782722
1#
#484801240
0#
#484819758
1#
#484838276
0#
#484856794
1#
#484875312
0#
#484893830
1#
#484912348
0#
#484930866
1#
#484949384
0#
#484967902
1#
#484986420
0#
#485004938
1#
#485023456
0#
#485041974
1#
#485060492
0#
#485079010
1#
#485097528
0#
#485116046
1#
#485134564
0#
#485153082
1#
#485171600
0#
#485190118
1#
#485208636
0#
#485227154
1#
#485245672
0#
#485264190
1#
#485282708
0#
#485301226
1#
#485319744
0#
#485338262
1#
#485356780
0#
#485375298
1#
#485393816
0#
#485412334
1#
#485430852
0#
#485449370
1#
#485467888
0#
#485486406
1#
#485504924
0#
#485523442
1#
#485541960
0#
#485560478
1#
#485578996
0#
#485597514
1#
#485616032
0#
#485634550
1#
#485653068
0#
#485671586
1#
#485690104
0#
#485708622
1#
#485727140
0#
#485745658
1#
#485764176
0#
#485782694
1#
#485801212
0#
#485819730
1#
#485838248
0#
#485856766
1#
#485875284
0#
#485893802
1#
#485912320
0#
#485930838
1#
#485949356
0#
#485967874
1#
#485986392
0#
#486004910
1#
#486023428
0#
#486041946
1#
#486060464
0#
#486078982
1#
#486097500
0#
#486116018
1#
#486134536
0#
#486153054
1#
#486171572
0#
#486190090
1#
#486208608
0#
#486227126
1#
#486245644
0#
#486264162
1#
#486282680
0#
#486301198
1#
#486319716
0#
#486338234
1#
#486356752
0#
#486375270
1#
#486393788
0#
#486412306
1#
#486430824
0#
#486449342
1#
#486467860
0#
#486486378
1#
#486504896
0#
#486523414
1#
#486541932
0#
#486560450
1#
#486578968
0#
#486597486
1#
#486616004
0#
#486634522
1#
#486653040
0#
#486671558
1#
#486690076
0#
#486708594
1#
#486727112
0#
#486745630
1#
#486764148
0#
#486782666
1#
#486801184
0#
#486819702
1#
#486838220
0#
#486856738
1#
#486875256
0#
#486893774
1#
#486912292
0#
#486930810
1#
#486949328
0#
#486967846
1#
#486986364
0#
#487004882
1#
#487023400
0#
#487041918
1#
#487060436
0#
#487078954
1#
#487097472
0#
#487115990
1#
#487134508
0#
#487153026
1#
#487171544
0#
#487190062
1#
#487208580
0#
#487227098
1#
#487245616
0#
#487264134
1#
#487282652
0#
#487301170
1#
#487319688
0#
#487338206
1#
#487356724
0#
#487375242
1#
#487393760
0#
#487412278
1#
#487430796
0#
#487449314
1#
#487467832
0#
#487486350
1#
#487504868
0#
#487523386
1#
#487541904
0#
#487560422
1#
#487578940
0#
#487597458
1#
#487615976
0#
#487634494
1#
#487653012
0#
#487671530
1#
#487690048
0#
#487708566
1#
#487727084
0#
#487745602
1#
#487764120
0#
#487782638
1#
#487801156
0#
#487819674
1#
#487838192
0#
#487856710
1#
#487875228
0#
#487893746
1#
#487912264
0#
#487930782
1#
#487949300
0#
#487967818
1#
#487986336
0#
#488004854
1#
#488023372
0#
#488041890
1#
#488060408
0#
#488078926
1#
#488097444
0#
#488115962
1#
#488134480
0#
#488152998
1#
#488171516
0#
#488190034
1#
#488208552
0#
#488227070
1#
#488245588
0#
#488264106
1#
#488282624
0#
#488301142
1#
#488319660
0#
#488338178
1#
#488356696
0#
#488375214
1#
#488393732
0#
#488412250
1#
#488430768
0#
#488449286
1#
#488467804
0#
#488486322
1#
#488504840
0#
#488523358
1#
#488541876
0#
#488560394
1#
#488578912
0#
#488597430
1#
#488615948
0#
#488634466
1#
#488652984
0#
#488671502
1#
#488690020
0#
#488708538
1#
#488727056
0#
#488745574
1#
#488764092
0#
#488782610
1#
#488801128
0#
#488819646
1#
#488838164
0#
#488856682
1#
#488875200
0#
#488893718
1#
#488912236
0#
#488930754
1#
#488949272
0#
#488967790
1#
#488986308
0#
#489004826
1#
#489023344
0#
#489041862
1#
#489060380
0#
#489078898
1#
#489097416
0#
#489115934
1#
#489134452
0#
#489152970
1#
#489171488
0#
#489190006
1#
#489208524
0#
#489227042
1#
#489245560
0#
#489264078
1#
#489282596
0#
#489301114
1#
#489319632
0#
#489338150
1#
#489356668
0#
#489375186
1#
#489393704
0#
#489412222
1#
#489430740
0#
#489449258
1#
#489467776
0#
#489486294
1#
#489504812
0#
#489523330
1#
#489541848
0#
#489560366
1#
#489578884
0#
#489597402
1#
#489615920
0#
#489634438
1#
#489652956
0#
#489671474
1#
#489689992
0#
#489708510
1#
#489727028
0#
#489745546
1#
#489764064
0#
#489782582
1#
#489801100
0#
#489819618
1#
#489838136
0#
#489856654
1#
#489875172
0#
#489893690
1#
#489912208
0#
#489930726
1#
#489949244
0#
#489967762
1#
#489986280
0#
#490004798
1#
#490023316
0#
#490041834
1#
#490060352
0#
#490078870
1#
#490097388
0#
#490115906
1#
#490134424
0#
#490152942
1#
#490171460
0#
#490189978
1#
#490208496
0#
#490227014
1#
#490245532
0#
#490264050
1#
#490282568
0#
#490301086
1#
#490319604
0#
#490338122
1#
#490356640
0#
#490375158
1#
#490393676
0#
#490412194
1#
#490430712
0#
#490449230
1#
#490467748
0#
#490486266
1#
#490504784
0#
#490523302
1#
#490541820
0#
#490560338
1#
#490578856
0#
#490597374
1#
#490615892
0#
#490634410
1#
#490652928
0#
#490671446
1#
#490689964
0#
#490708482
1#
#490727000
0#
#490745518
1#
#490764036
0#
#490782554
1#
#490801072
0#
#490819590
1#
#490838108
0#
#490856626
1#
#490875144
0#
#490893662
1#
#490912180
0#
#490930698
1#
#490949216
0#
#490967734
1#
#490986252
0#
#491004770
1#
#491023288
0#
#491041806
1#
#491060324
0#
#491078842
1#
#491097360
0#
#491115878
1#
#491134396
0#
#491152914
1#
#491171432
0#
#491189950
1#
#491208468
0#
#491226986
1#
#491245504
0#
#491264022
1#
#491282540
0#
#491301058
1#
#491319576
0#
#491338094
1#
#491356612
0#
#491375130
1#
#491393648
0#
#491412166
1#
#491430684
0#
#491449202
1#
#491467720
0#
#491486238
1#
#491504756
0#
#491523274
1#
#491541792
0#
#491560310
1#
#491578828
0#
#491597346
1#
#491615864
0#
#491634382
1#
#491652900
0#
#491671418
1#
#491689936
0#
#491708454
1#
#491726972
0#
#491745490
1#
#491764008
0#
#491782526
1#
#491801044
0#
#491819562
1#
#491838080
0#
#491856598
1#
#491875116
0#
#491893634
1#
#491912152
0#
#491930670
1#
#491949188
0#
#491967706
1#
#491986224
0#
#492004742
1#
#492023260
0#
#492041778
1#
#492060296
0#
#492078814
1#
#492097332
0#
#492115850
1#
#492134368
0#
#492152886
1#
#492171404
0#
#492189922
1#
#492208440
0#
#492226958
1#
#492245476
0#
#492263994
1#
#492282512
0#
#492301030
1#
#492319548
0#
#492338066
1#
#492356584
0#
#492375102
1#
#492393620
0#
#492412138
1#
#492430656
0#
#492449174
1#
#492467692
0#
#492486210
1#
#492504728
0#
#492523246
1#
#492541764
0#
#492560282
1#
#492578800
0#
#492597318
1#
#492615836
0#
#492634354
1#
#492652872
0#
#492671390
1#
#492689908
0#
#492708426
1#
#492726944
0#
#492745462
1#
#492763980
0#
#492782498
1#
#492801016
0#
#492819534
1#
#492838052
0#
#492856570
1#
#492875088
0#
#492893606
1#
#492912124
0#
#492930642
1#
#492949160
0#
#492967678
1#
#492986196
0#
#493004714
1#
#493023232
0#
#493041750
1#
#493060268
0#
#493078786
1#
#493097304
0#
#493115822
1#
#493134340
0#
#493152858
1#
#493171376
0#
#493189894
1#
#493208412
0#
#493226930
1#
#493245448
0#
#493263966
1#
#493282484
0#
#493301002
1#
#493319520
0#
#493338038
1#
#493356556
0#
#493375074
1#
#493393592
0#
#493412110
1#
#493430628
0#
#493449146
1#
#493467664
0#
#493486182
1#
#493504700
0#
#493523218
1#
#493541736
0#
#493560254
1#
#493578772
0#
#493597290
1#
#493615808
0#
#493634326
1#
#493652844
0#
#493671362
1#
#493689880
0#
#493708398
1#
#493726916
0#
#493745434
1#
#493763952
0#
#493782470
1#
#493800988
0#
#493819506
1#
#493838024
0#
#493856542
1#
#493875060
0#
#493893578
1#
#493912096
0#
#493930614
1#
#493949132
0#
#493967650
1#
#493986168
0#
#494004686
1#
#494023204
0#
#494041722
1#
#494060240
0#
#494078758
1#
#494097276
0#
#494115794
1#
#494134312
0#
#494152830
1#
#494171348
0#
#494189866
1#
#494208384
0#
#494226902
1#
#494245420
0#
#494263938
1#
#494282456
0#
#494300974
1#
#494319492
0#
#494338010
1#
#494356528
0#
#494375046
1#
#494393564
0#
#494412082
1#
#494430600
0#
#494449118
1#
#494467636
0#
#494486154
1#
#494504672
0#
#494523190
1#
#494541708
0#
#494560226
1#
#494578744
0#
#494597262
1#
#494615780
0#
#494634298
1#
#494652816
0#
#494671334
1#
#494689852
0#
#494708370
1#
#494726888
0#
#494745406
1#
#494763924
0#
#494782442
1#
#494800960
0#
#494819478
1#
#494837996
0#
#494856514
1#
#494875032
0#
#494893550
1#
#494912068
0#
#494930586
1#
#494949104
0#
#494967622
1#
#494986140
0#
#495004658
1#
#495023176
0#
#495041694
1#
#495060212
0#
#495078730
1#
#495097248
0#
#495115766
1#
#495134284
0#
#495152802
1#
#495171320
0#
#495189838
1#
#495208356
0#
#495226874
1#
#495245392
0#
#495263910
1#
#495282428
0#
#495300946
1#
#495319464
0#
#495337982
1#
#495356500
0#
#495375018
1#
#495393536
0#
#495412054
1#
#495430572
0#
#495449090
1#
#495467608
0#
#495486126
1#
#495504644
0#
#495523162
1#
#495541680
0#
#495560198
1#
#495578716
0#
#495597234
1#
#495615752
0#
#495634270
1#
#495652788
0#
#495671306
1#
#495689824
0#
#495708342
1#
#495726860
0#
#495745378
1#
#495763896
0#
#495782414
1#
#495800932
0#
#495819450
1#
#495837968
0#
#495856486
1#
#495875004
0#
#495893522
1#
#495912040
0#
#495930558
1#
#495949076
0#
#495967594
1#
#495986112
0#
#496004630
1#
#496023148
0#
#496041666
1#
#496060184
0#
#496078702
1#
#496097220
0#
#496115738
1#
#496134256
0#
#496152774
1#
#496171292
0#
#496189810
1#
#496208328
0#
#496226846
1#
#496245364
0#
#496263882
1#
#496282400
0#
#496300918
1#
#496319436
0#
#496337954
1#
#496356472
0#
#496374990
1#
#496393508
0#
#496412026
1#
#496430544
0#
#496449062
1#
#496467580
0#
#496486098
1#
#496504616
0#
#496523134
1#
#496541652
0#
#496560170
1#
#496578688
0#
#496597206
1#
#496615724
0#
#496634242
1#
#496652760
0#
#496671278
1#
#496689796
0#
#496708314
1#
#496726832
0#
#496745350
1#
#496763868
0#
#496782386
1#
#496800904
0#
#496819422
1#
#496837940
0#
#496856458
1#
#496874976
0#
#496893494
1#
#496912012
0#
#496930530
1#
#496949048
0#
#496967566
1#
#496986084
0#
#497004602
1#
#497023120
0#
#497041638
1#
#497060156
0#
#497078674
1#
#497097192
0#
#497115710
1#
#497134228
0#
#497152746
1#
#497171264
0#
#497189782
1#
#497208300
0#
#497226818
1#
#497245336
0#
#497263854
1#
#497282372
0#
#497300890
1#
#497319408
0#
#497337926
1#
#497356444
0#
#497374962
1#
#497393480
0#
#497411998
1#
#497430516
0#
#497449034
1#
#497467552
0#
#497486070
1#
#497504588
0#
#497523106
1#
#497541624
0#
#497560142
1#
#497578660
0#
#497597178
1#
#497615696
0#
#497634214
1#
#497652732
0#
#497671250
1#
#497689768
0#
#497708286
1#
#497726804
0#
#497745322
1#
#497763840
0#
#497782358
1#
#497800876
0#
#497819394
1#
#497837912
0#
#497856430
1#
#497874948
0#
#497893466
1#
#497911984
0#
#497930502
1#
#497949020
0#
#497967538
1#
#497986056
0#
#498004574
1#
#498023092
0#
#498041610
1#
#498060128
0#
#498078646
1#
#498097164
0#
#498115682
1#
#498134200
0#
#498152718
1#
#498171236
0#
#498189754
1#
#498208272
0#
#498226790
1#
#498245308
0#
#498263826
1#
#498282344
0#
#498300862
1#
#498319380
0#
#498337898
1#
#498356416
0#
#498374934
1#
#498393452
0#
#498411970
1#
#498430488
0#
#498449006
1#
#498467524
0#
#498486042
1#
#498504560
0#
#498523078
1#
#498541596
0#
#498560114
1#
#498578632
0#
#498597150
1#
#498615668
0#
#498634186
1#
#498652704
0#
#498671222
1#
#498689740
0#
#498708258
1#
#498726776
0#
#498745294
1#
#498763812
0#
#498782330
1#
#498800848
0#
#498819366
1#
#498837884
0#
#498856402
1#
#498874920
0#
#498893438
1#
#498911956
0#
#498930474
1#
#498948992
0#
#498967510
1#
#498986028
0#
#499004546
1#
#499023064
0#
#499041582
1#
#499060100
0#
#499078618
1#
#499097136
0#
#499115654
1#
#499134172
0#
#499152690
1#
#499171208
0#
#499189726
1#
#499208244
0#
#499226762
1#
#499245280
0#
#499263798
1#
#499282316
0#
#499300834
1#
#499319352
0#
#499337870
1#
#499356388
0#
#499374906
1#
#499393424
0#
#499411942
1#
#499430460
0#
#499448978
1#
#499467496
0#
#499486014
1#
#499504532
0#
#499523050
1#
#499541568
0#
#499560086
1#
#499578604
0#
#499597122
1#
#499615640
0#
#499634158
1#
#499652676
0#
#499671194
1#
#499689712
0#
#499708230
1#
#499726748
0#
#499745266
1#
#499763784
0#
#499782302
1#
#499800820
0#
#499819338
1#
#499837856
0#
#499856374
1#
#499874892
0#
#499893410
1#
#499911928
0#
#499930446
1#
#499948964
0#
#499967482
1#
#499986000
0#
#500004518
1#
#500023036
0#
#500041554
1#
#500060072
0#
#500078590
1#
#500097108
0#
#500115626
1#
#500134144
0#
#500152662
1#
#500171180
0#
#500189698
1#
#500208216
0#
#500226734
1#
#500245252
0#
#500263770
1#
#500282288
0#
#500300806
1#
#500319324
0#
#500337842
1#
#500356360
0#
#500374878
1#
#500393396
0#
#500411914
1#
#500430432
0#
#500448950
1#
#500467468
0#
#500485986
1#
#500504504
0#
#500523022
1#
#500541540
0#
#500560058
1#
#500578576
0#
#500597094
1#
#500615612
0#
#500634130
1#
#500652648
0#
#500671166
1#
#500689684
0#
#500708202
1#
#500726720
0#
#500745238
1#
#500763756
0#
#500782274
1#
#500800792
0#
#500819310
1#
#500837828
0#
#500856346
1#
#500874864
0#
#500893382
1#
#500911900
0#
#500930418
1#
#500948936
0#
#500967454
1#
#500985972
0#
#501004490
1#
#501023008
0#
#501041526
1#
#501060044
0#
#501078562
1#
#501097080
0#
#501115598
1#
#501134116
0#
#501152634
1#
#501171152
0#
#501189670
1#
#501208188
0#
#501226706
1#
#501245224
0#
#501263742
1#
#501282260
0#
#501300778
1#
#501319296
0#
#501337814
1#
#501356332
0#
#501374850
1#
#501393368
0#
#501411886
1#
#501430404
0#
#501448922
1#
#501467440
0#
#501485958
1#
#501504476
0#
#501522994
1#
#501541512
0#
#501560030
1#
#501578548
0#
#501597066
1#
#501615584
0#
#501634102
1#
#501652620
0#
#501671138
1#
#501689656
0#
#501708174
1#
#501726692
0#
#501745210
1#
#501763728
0#
#501782246
1#
#501800764
0#
#501819282
1#
#501837800
0#
#501856318
1#
#501874836
0#
#501893354
1#
#501911872
0#
#501930390
1#
#501948908
0#
#501967426
1#
#501985944
0#
#502004462
1#
#502022980
0#
#502041498
1#
#502060016
0#
#502078534
1#
#502097052
0#
#502115570
1#
#502134088
0#
#502152606
1#
#502171124
0#
#502189642
1#
#502208160
0#
#502226678
1#
#502245196
0#
#502263714
1#
#502282232
0#
#502300750
1#
#502319268
0#
#502337786
1#
#502356304
0#
#502374822
1#
#502393340
0#
#502411858
1#
#502430376
0#
#502448894
1#
#502467412
0#
#502485930
1#
#502504448
0#
#502522966
1#
#502541484
0#
#502560002
1#
#502578520
0#
#502597038
1#
#502615556
0#
#502634074
1#
#502652592
0#
#502671110
1#
#502689628
0#
#502708146
1#
#502726664
0#
#502745182
1#
#502763700
0#
#502782218
1#
#502800736
0#
#502819254
1#
#502837772
0#
#502856290
1#
#502874808
0#
#502893326
1#
#502911844
0#
#502930362
1#
#502948880
0#
#502967398
1#
#502985916
0#
#503004434
1#
#503022952
0#
#503041470
1#
#503059988
0#
#503078506
1#
#503097024
0#
#503115542
1#
#503134060
0#
#503152578
1#
#503171096
0#
#503189614
1#
#503208132
0#
#503226650
1#
#503245168
0#
#503263686
1#
#503282204
0#
#503300722
1#
#503319240
0#
#503337758
1#
#503356276
0#
#503374794
1#
#503393312
0#
#503411830
1#
#503430348
0#
#503448866
1#
#503467384
0#
#503485902
1#
#503504420
0#
#503522938
1#
#503541456
0#
#503559974
1#
#503578492
0#
#503597010
1#
#503615528
0#
#503634046
1#
#503652564
0#
#503671082
1#
#503689600
0#
#503708118
1#
#503726636
0#
#503745154
1#
#503763672
0#
#503782190
1#
#503800708
0#
#503819226
1#
#503837744
0#
#503856262
1#
#503874780
0#
#503893298
1#
#503911816
0#
#503930334
1#
#503948852
0#
#503967370
1#
#503985888
0#
#504004406
1#
#504022924
0#
#504041442
1#
#504059960
0#
#504078478
1#
#504096996
0#
#504115514
1#
#504134032
0#
#504152550
1#
#504171068
0#
#504189586
1#
#504208104
0#
#504226622
1#
#504245140
0#
#504263658
1#
#504282176
0#
#504300694
1#
#504319212
0#
#504337730
1#
#504356248
0#
#504374766
1#
#504393284
0#
#504411802
1#
#504430320
0#
#504448838
1#
#504467356
0#
#504485874
1#
#504504392
0#
#504522910
1#
#504541428
0#
#504559946
1#
#504578464
0#
#504596982
1#
#504615500
0#
#504634018
1#
#504652536
0#
#504671054
1#
#504689572
0#
#504708090
1#
#504726608
0#
#504745126
1#
#504763644
0#
#504782162
1#
#504800680
0#
#504819198
1#
#504837716
0#
#504856234
1#
#504874752
0#
#504893270
1#
#504911788
0#
#504930306
1#
#504948824
0#
#504967342
1#
#504985860
0#
#505004378
1#
#505022896
0#
#505041414
1#
#505059932
0#
#505078450
1#
#505096968
0#
#505115486
1#
#505134004
0#
#505152522
1#
#505171040
0#
#505189558
1#
#505208076
0#
#505226594
1#
#505245112
0#
#505263630
1#
#505282148
0#
#505300666
1#
#505319184
0#
#505337702
1#
#505356220
0#
#505374738
1#
#505393256
0#
#505411774
1#
#505430292
0#
#505448810
1#
#505467328
0#
#505485846
1#
#505504364
0#
#505522882
1#
#505541400
0#
#505559918
1#
#505578436
0#
#505596954
1#
#505615472
0#
#505633990
1#
#505652508
0#
#505671026
1#
#505689544
0#
#505708062
1#
#505726580
0#
#505745098
1#
#505763616
0#
#505782134
1#
#505800652
0#
#505819170
1#
#505837688
0#
#505856206
1#
#505874724
0#
#505893242
1#
#505911760
0#
#505930278
1#
#505948796
0#
#505967314
1#
#505985832
0#
#506004350
1#
#506022868
0#
#506041386
1#
#506059904
0#
#506078422
1#
#506096940
0#
#506115458
1#
#506133976
0#
#506152494
1#
#506171012
0#
#506189530
1#
#506208048
0#
#506226566
1#
#506245084
0#
#506263602
1#
#506282120
0#
#506300638
1#
#506319156
0#
#506337674
1#
#506356192
0#
#506374710
1#
#506393228
0#
#506411746
1#
#506430264
0#
#506448782
1#
#506467300
0#
#506485818
1#
#506504336
0#
#506522854
1#
#506541372
0#
#506559890
1#
#506578408
0#
#506596926
1#
#506615444
0#
#506633962
1#
#506652480
0#
#506670998
1#
#506689516
0#
#506708034
1#
#506726552
0#
#506745070
1#
#506763588
0#
#506782106
1#
#506800624
0#
#506819142
1#
#506837660
0#
#506856178
1#
#506874696
0#
#506893214
1#
#506911732
0#
#506930250
1#
#506948768
0#
#506967286
1#
#506985804
0#
#507004322
1#
#507022840
0#
#507041358
1#
#507059876
0#
#507078394
1#
#507096912
0#
#507115430
1#
#507133948
0#
#507152466
1#
#507170984
0#
#507189502
1#
#507208020
0#
#507226538
1#
#507245056
0#
#507263574
1#
#507282092
0#
#507300610
1#
#507319128
0#
#507337646
1#
#507356164
0#
#507374682
1#
#507393200
0#
#507411718
1#
#507430236
0#
#507448754
1#
#507467272
0#
#507485790
1#
#507504308
0#
#507522826
1#
#507541344
0#
#507559862
1#
#507578380
0#
#507596898
1#
#507615416
0#
#507633934
1#
#507652452
0#
#507670970
1#
#507689488
0#
#507708006
1#
#507726524
0#
#507745042
1#
#507763560
0#
#507782078
1#
#507800596
0#
#507819114
1#
#507837632
0#
#507856150
1#
#507874668
0#
#507893186
1#
#507911704
0#
#507930222
1#
#507948740
0#
#507967258
1#
#507985776
0#
#508004294
1#
#508022812
0#
#508041330
1#
#508059848
0#
#508078366
1#
#508096884
0#
#508115402
1#
#508133920
0#
#508152438
1#
#508170956
0#
#508189474
1#
#508207992
0#
#508226510
1#
#508245028
0#
#508263546
1#
#508282064
0#
#508300582
1#
#508319100
0#
#508337618
1#
#508356136
0#
#508374654
1#
#508393172
0#
#508411690
1#
#508430208
0#
#508448726
1#
#508467244
0#
#508485762
1#
#508504280
0#
#508522798
1#
#508541316
0#
#508559834
1#
#508578352
0#
#508596870
1#
#508615388
0#
#508633906
1#
#508652424
0#
#508670942
1#
#508689460
0#
#508707978
1#
#508726496
0#
#508745014
1#
#508763532
0#
#508782050
1#
#508800568
0#
#508819086
1#
#508837604
0#
#508856122
1#
#508874640
0#
#508893158
1#
#508911676
0#
#508930194
1#
#508948712
0#
#508967230
1#
#508985748
0#
#509004266
1#
#509022784
0#
#509041302
1#
#509059820
0#
#509078338
1#
#509096856
0#
#509115374
1#
#509133892
0#
#509152410
1#
#509170928
0#
#509189446
1#
#509207964
0#
#509226482
1#
#509245000
0#
#509263518
1#
#509282036
0#
#509300554
1#
#509319072
0#
#509337590
1#
#509356108
0#
#509374626
1#
#509393144
0#
#509411662
1#
#509430180
0#
#509448698
1#
#509467216
0#
#509485734
1#
#509504252
0#
#509522770
1#
#509541288
0#
#509559806
1#
#509578324
0#
#509596842
1#
#509615360
0#
#509633878
1#
#509652396
0#
#509670914
1#
#509689432
0#
#509707950
1#
#509726468
0#
#509744986
1#
#509763504
0#
#509782022
1#
#509800540
0#
#509819058
1#
#509837576
0#
#509856094
1#
#509874612
0#
#509893130
1#
#509911648
0#
#509930166
1#
#509948684
0#
#509967202
1#
#509985720
0#
#510004238
1#
#510022756
0#
#510041274
1#
#510059792
0#
#510078310
1#
#510096828
0#
#510115346
1#
#510133864
0#
#510152382
1#
#510170900
0#
#510189418
1#
#510207936
0#
#510226454
1#
#510244972
0#
#510263490
1#
#510282008
0#
#510300526
1#
#510319044
0#
#510337562
1#
#510356080
0#
#510374598
1#
#510393116
0#
#510411634
1#
#510430152
0#
#510448670
1#
#510467188
0#
#510485706
1#
#510504224
0#
#510522742
1#
#510541260
0#
#510559778
1#
#510578296
0#
#510596814
1#
#510615332
0#
#510633850
1#
#510652368
0#
#510670886
1#
#510689404
0#
#510707922
1#
#510726440
0#
#510744958
1#
#510763476
0#
#510781994
1#
#510800512
0#
#510819030
1#
#510837548
0#
#510856066
1#
#510874584
0#
#510893102
1#
#510911620
0#
#510930138
1#
#510948656
0#
#510967174
1#
#510985692
0#
#511004210
1#
#511022728
0#
#511041246
1#
#511059764
0#
#511078282
1#
#511096800
0#
#511115318
1#
#511133836
0#
#511152354
1#
#511170872
0#
#511189390
1#
#511207908
0#
#511226426
1#
#511244944
0#
#511263462
1#
#511281980
0#
#511300498
1#
#511319016
0#
#511337534
1#
#511356052
0#
#511374570
1#
#511393088
0#
#511411606
1#
#511430124
0#
#511448642
1#
#511467160
0#
#511485678
1#
#511504196
0#
#511522714
1#
#511541232
0#
#511559750
1#
#511578268
0#
#511596786
1#
#511615304
0#
#511633822
1#
#511652340
0#
#511670858
1#
#511689376
0#
#511707894
1#
#511726412
0#
#511744930
1#
#511763448
0#
#511781966
1#
#511800484
0#
#511819002
1#
#511837520
0#
#511856038
1#
#511874556
0#
#511893074
1#
#511911592
0#
#511930110
1#
#511948628
0#
#511967146
1#
#511985664
0#
#512004182
1#
#512022700
0#
#512041218
1#
#512059736
0#
#512078254
1#
#512096772
0#
#512115290
1#
#512133808
0#
#512152326
1#
#512170844
0#
#512189362
1#
#512207880
0#
#512226398
1#
#512244916
0#
#512263434
1#
#512281952
0#
#512300470
1#
#512318988
0#
#512337506
1#
#512356024
0#
#512374542
1#
#512393060
0#
#512411578
1#
#512430096
0#
#512448614
1#
#512467132
0#
#512485650
1#
#512504168
0#
#512522686
1#
#512541204
0#
#512559722
1#
#512578240
0#
#512596758
1#
#512615276
0#
#512633794
1#
#512652312
0#
#512670830
1#
#512689348
0#
#512707866
1#
#512726384
0#
#512744902
1#
#512763420
0#
#512781938
1#
#512800456
0#
#512818974
1#
#512837492
0#
#512856010
1#
#512874528
0#
#512893046
1#
#512911564
0#
#512930082
1#
#512948600
0#
#512967118
1#
#512985636
0#
#513004154
1#
#513022672
0#
#513041190
1#
#513059708
0#
#513078226
1#
#513096744
0#
#513115262
1#
#513133780
0#
#513152298
1#
#513170816
0#
#513189334
1#
#513207852
0#
#513226370
1#
#513244888
0#
#513263406
1#
#513281924
0#
#513300442
1#
#513318960
0#
#513337478
1#
#513355996
0#
#513374514
1#
#513393032
0#
#513411550
1#
#513430068
0#
#513448586
1#
#513467104
0#
#513485622
1#
#513504140
0#
#513522658
1#
#513541176
0#
#513559694
1#
#513578212
0#
#513596730
1#
#513615248
0#
#513633766
1#
#513652284
0#
#513670802
1#
#513689320
0#
#513707838
1#
#513726356
0#
#513744874
1#
#513763392
0#
#513781910
1#
#513800428
0#
#513818946
1#
#513837464
0#
#513855982
1#
#513874500
0#
#513893018
1#
#513911536
0#
#513930054
1#
#513948572
0#
#513967090
1#
#513985608
0#
#514004126
1#
#514022644
0#
#514041162
1#
#514059680
0#
#514078198
1#
#514096716
0#
#514115234
1#
#514133752
0#
#514152270
1#
#514170788
0#
#514189306
1#
#514207824
0#
#514226342
1#
#514244860
0#
#514263378
1#
#514281896
0#
#514300414
1#
#514318932
0#
#514337450
1#
#514355968
0#
#514374486
1#
#514393004
0#
#514411522
1#
#514430040
0#
#514448558
1#
#514467076
0#
#514485594
1#
#514504112
0#
#514522630
1#
#514541148
0#
#514559666
1#
#514578184
0#
#514596702
1#
#514615220
0#
#514633738
1#
#514652256
0#
#514670774
1#
#514689292
0#
#514707810
1#
#514726328
0#
#514744846
1#
#514763364
0#
#514781882
1#
#514800400
0#
#514818918
1#
#514837436
0#
#514855954
1#
#514874472
0#
#514892990
1#
#514911508
0#
#514930026
1#
#514948544
0#
#514967062
1#
#514985580
0#
#515004098
1#
#515022616
0#
#515041134
1#
#515059652
0#
#515078170
1#
#515096688
0#
#515115206
1#
#515133724
0#
#515152242
1#
#515170760
0#
#515189278
1#
#515207796
0#
#515226314
1#
#515244832
0#
#515263350
1#
#515281868
0#
#515300386
1#
#515318904
0#
#515337422
1#
#515355940
0#
#515374458
1#
#515392976
0#
#515411494
1#
#515430012
0#
#515448530
1#
#515467048
0#
#515485566
1#
#515504084
0#
#515522602
1#
#515541120
0#
#515559638
1#
#515578156
0#
#515596674
1#
#515615192
0#
#515633710
1#
#515652228
0#
#515670746
1#
#515689264
0#
#515707782
1#
#515726300
0#
#515744818
1#
#515763336
0#
#515781854
1#
#515800372
0#
#515818890
1#
#515837408
0#
#515855926
1#
#515874444
0#
#515892962
1#
#515911480
0#
#515929998
1#
#515948516
0#
#515967034
1#
#515985552
0#
#516004070
1#
#516022588
0#
#516041106
1#
#516059624
0#
#516078142
1#
#516096660
0#
#516115178
1#
#516133696
0#
#516152214
1#
#516170732
0#
#516189250
1#
#516207768
0#
#516226286
1#
#516244804
0#
#516263322
1#
#516281840
0#
#516300358
1#
#516318876
0#
#516337394
1#
#516355912
0#
#516374430
1#
#516392948
0#
#516411466
1#
#516429984
0#
#516448502
1#
#516467020
0#
#516485538
1#
#516504056
0#
#516522574
1#
#516541092
0#
#516559610
1#
#516578128
0#
#516596646
1#
#516615164
0#
#516633682
1#
#516652200
0#
#516670718
1#
#516689236
0#
#516707754
1#
#516726272
0#
#516744790
1#
#516763308
0#
#516781826
1#
#516800344
0#
#516818862
1#
#516837380
0#
#516855898
1#
#516874416
0#
#516892934
1#
#516911452
0#
#516929970
1#
#516948488
0#
#516967006
1#
#516985524
0#
#517004042
1#
#517022560
0#
#517041078
1#
#517059596
0#
#517078114
1#
#517096632
0#
#517115150
1#
#517133668
0#
#517152186
1#
#517170704
0#
#517189222
1#
#517207740
0#
#517226258
1#
#517244776
0#
#517263294
1#
#517281812
0#
#517300330
1#
#517318848
0#
#517337366
1#
#517355884
0#
#517374402
1#
#517392920
0#
#517411438
1#
#517429956
0#
#517448474
1#
#517466992
0#
#517485510
1#
#517504028
0#
#517522546
1#
#517541064
0#
#517559582
1#
#517578100
0#
#517596618
1#
#517615136
0#
#517633654
1#
#517652172
0#
#517670690
1#
#517689208
0#
#517707726
1#
#517726244
0#
#517744762
1#
#517763280
0#
#517781798
1#
#517800316
0#
#517818834
1#
#517837352
0#
#517855870
1#
#517874388
0#
#517892906
1#
#517911424
0#
#517929942
1#
#517948460
0#
#517966978
1#
#517985496
0#
#518004014
1#
#518022532
0#
#518041050
1#
#518059568
0#
#518078086
1#
#518096604
0#
#518115122
1#
#518133640
0#
#518152158
1#
#518170676
0#
#518189194
1#
#518207712
0#
#518226230
1#
#518244748
0#
#518263266
1#
#518281784
0#
#518300302
1#
#518318820
0#
#518337338
1#
#518355856
0#
#518374374
1#
#518392892
0#
#518411410
1#
#518429928
0#
#518448446
1#
#518466964
0#
#518485482
1#
#518504000
0#
#518522518
1#
#518541036
0#
#518559554
1#
#518578072
0#
#518596590
1#
#518615108
0#
#518633626
1#
#518652144
0#
#518670662
1#
#518689180
0#
#518707698
1#
#518726216
0#
#518744734
1#
#518763252
0#
#518781770
1#
#518800288
0#
#518818806
1#
#518837324
0#
#518855842
1#
#518874360
0#
#518892878
1#
#518911396
0#
#518929914
1#
#518948432
0#
#518966950
1#
#518985468
0#
#519003986
1#
#519022504
0#
#519041022
1#
#519059540
0#
#519078058
1#
#519096576
0#
#519115094
1#
#519133612
0#
#519152130
1#
#519170648
0#
#519189166
1#
#519207684
0#
#519226202
1#
#519244720
0#
#519263238
1#
#519281756
0#
#519300274
1#
#519318792
0#
#519337310
1#
#519355828
0#
#519374346
1#
#519392864
0#
#519411382
1#
#519429900
0#
#519448418
1#
#519466936
0#
#519485454
1#
#519503972
0#
#519522490
1#
#519541008
0#
#519559526
1#
#519578044
0#
#519596562
1#
#519615080
0#
#519633598
1#
#519652116
0#
#519670634
1#
#519689152
0#
#519707670
1#
#519726188
0#
#519744706
1#
#519763224
0#
#519781742
1#
#519800260
0#
#519818778
1#
#519837296
0#
#519855814
1#
#519874332
0#
#519892850
1#
#519911368
0#
#519929886
1#
#519948404
0#
#519966922
1#
#519985440
0#
#520003958
1#
#520022476
0#
#520040994
1#
#520059512
0#
#520078030
1#
#520096548
0#
#520115066
1#
#520133584
0#
#520152102
1#
#520170620
0#
#520189138
1#
#520207656
0#
#520226174
1#
#520244692
0#
#520263210
1#
#520281728
0#
#520300246
1#
#520318764
0#
#520337282
1#
#520355800
0#
#520374318
1#
#520392836
0#
#520411354
1#
#520429872
0#
#520448390
1#
#520466908
0#
#520485426
1#
#520503944
0#
#520522462
1#
#520540980
0#
#520559498
1#
#520578016
0#
#520596534
1#
#520615052
0#
#520633570
1#
#520652088
0#
#520670606
1#
#520689124
0#
#520707642
1#
#520726160
0#
#520744678
1#
#520763196
0#
#520781714
1#
#520800232
0#
#520818750
1#
#520837268
0#
#520855786
1#
#520874304
0#
#520892822
1#
#520911340
0#
#520929858
1#
#520948376
0#
#520966894
1#
#520985412
0#
#521003930
1#
#521022448
0#
#521040966
1#
#521059484
0#
#521078002
1#
#521096520
0#
#521115038
1#
#521133556
0#
#521152074
1#
#521170592
0#
#521189110
1#
#521207628
0#
#521226146
1#
#521244664
0#
#521263182
1#
#521281700
0#
#521300218
1#
#521318736
0#
#521337254
1#
#521355772
0#
#521374290
1#
#521392808
0#
#521411326
1#
#521429844
0#
#521448362
1#
#521466880
0#
#521485398
1#
#521503916
0#
#521522434
1#
#521540952
0#
#521559470
1#
#521577988
0#
#521596506
1#
#521615024
0#
#521633542
1#
#521652060
0#
#521670578
1#
#521689096
0#
#521707614
1#
#521726132
0#
#521744650
1#
#521763168
0#
#521781686
1#
#521800204
0#
#521818722
1#
#521837240
0#
#521855758
1#
#521874276
0#
#521892794
1#
#521911312
0#
#521929830
1#
#521948348
0#
#521966866
1#
#521985384
0#
#522003902
1#
#522022420
0#
#522040938
1#
#522059456
0#
#522077974
1#
#522096492
0#
#522115010
1#
#522133528
0#
#522152046
1#
#522170564
0#
#522189082
1#
#522207600
0#
#522226118
1#
#522244636
0#
#522263154
1#
#522281672
0#
#522300190
1#
#522318708
0#
#522337226
1#
#522355744
0#
#522374262
1#
#522392780
0#
#522411298
1#
#522429816
0#
#522448334
1#
#522466852
0#
#522485370
1#
#522503888
0#
#522522406
1#
#522540924
0#
#522559442
1#
#522577960
0#
#522596478
1#
#522614996
0#
#522633514
1#
#522652032
0#
#522670550
1#
#522689068
0#
#522707586
1#
#522726104
0#
#522744622
1#
#522763140
0#
#522781658
1#
#522800176
0#
#522818694
1#
#522837212
0#
#522855730
1#
#522874248
0#
#522892766
1#
#522911284
0#
#522929802
1#
#522948320
0#
#522966838
1#
#522985356
0#
#523003874
1#
#523022392
0#
#523040910
1#
#523059428
0#
#523077946
1#
#523096464
0#
#523114982
1#
#523133500
0#
#523152018
1#
#523170536
0#
#523189054
1#
#523207572
0#
#523226090
1#
#523244608
0#
#523263126
1#
#523281644
0#
#523300162
1#
#523318680
0#
#523337198
1#
#523355716
0#
#523374234
1#
#523392752
0#
#523411270
1#
#523429788
0#
#523448306
1#
#523466824
0#
#523485342
1#
#523503860
0#
#523522378
1#
#523540896
0#
#523559414
1#
#523577932
0#
#523596450
1#
#523614968
0#
#523633486
1#
#523652004
0#
#523670522
1#
#523689040
0#
#523707558
1#
#523726076
0#
#523744594
1#
#523763112
0#
#523781630
1#
#523800148
0#
#523818666
1#
#523837184
0#
#523855702
1#
#523874220
0#
#523892738
1#
#523911256
0#
#523929774
1#
#523948292
0#
#523966810
1#
#523985328
0#
#524003846
1#
#524022364
0#
#524040882
1#
#524059400
0#
#524077918
1#
#524096436
0#
#524114954
1#
#524133472
0#
#524151990
1#
#524170508
0#
#524189026
1#
#524207544
0#
#524226062
1#
#524244580
0#
#524263098
1#
#524281616
0#
#524300134
1#
#524318652
0#
#524337170
1#
#524355688
0#
#524374206
1#
#524392724
0#
#524411242
1#
#524429760
0#
#524448278
1#
#524466796
0#
#524485314
1#
#524503832
0#
#524522350
1#
#524540868
0#
#524559386
1#
#524577904
0#
#524596422
1#
#524614940
0#
#524633458
1#
#524651976
0#
#524670494
1#
#524689012
0#
#524707530
1#
#524726048
0#
#524744566
1#
#524763084
0#
#524781602
1#
#524800120
0#
#524818638
1#
#524837156
0#
#524855674
1#
#524874192
0#
#524892710
1#
#524911228
0#
#524929746
1#
#524948264
0#
#524966782
1#
#524985300
0#
#525003818
1#
#525022336
0#
#525040854
1#
#525059372
0#
#525077890
1#
#525096408
0#
#525114926
1#
#525133444
0#
#525151962
1#
#525170480
0#
#525188998
1#
#525207516
0#
#525226034
1#
#525244552
0#
#525263070
1#
#525281588
0#
#525300106
1#
#525318624
0#
#525337142
1#
#525355660
0#
#525374178
1#
#525392696
0#
#525411214
1#
#525429732
0#
#525448250
1#
#525466768
0#
#525485286
1#
#525503804
0#
#525522322
1#
#525540840
0#
#525559358
1#
#525577876
0#
#525596394
1#
#525614912
0#
#525633430
1#
#525651948
0#
#525670466
1#
#525688984
0#
#525707502
1#
#525726020
0#
#525744538
1#
#525763056
0#
#525781574
1#
#525800092
0#
#525818610
1#
#525837128
0#
#525855646
1#
#525874164
0#
#525892682
1#
#525911200
0#
#525929718
1#
#525948236
0#
#525966754
1#
#525985272
0#
#526003790
1#
#526022308
0#
#526040826
1#
#526059344
0#
#526077862
1#
#526096380
0#
#526114898
1#
#526133416
0#
#526151934
1#
#526170452
0#
#526188970
1#
#526207488
0#
#526226006
1#
#526244524
0#
#526263042
1#
#526281560
0#
#526300078
1#
#526318596
0#
#526337114
1#
#526355632
0#
#526374150
1#
#526392668
0#
#526411186
1#
#526429704
0#
#526448222
1#
#526466740
0#
#526485258
1#
#526503776
0#
#526522294
1#
#526540812
0#
#526559330
1#
#526577848
0#
#526596366
1#
#526614884
0#
#526633402
1#
#526651920
0#
#526670438
1#
#526688956
0#
#526707474
1#
#526725992
0#
#526744510
1#
#526763028
0#
#526781546
1#
#526800064
0#
#526818582
1#
#526837100
0#
#526855618
1#
#526874136
0#
#526892654
1#
#526911172
0#
#526929690
1#
#526948208
0#
#526966726
1#
#526985244
0#
#527003762
1#
#527022280
0#
#527040798
1#
#527059316
0#
#527077834
1#
#527096352
0#
#527114870
1#
#527133388
0#
#527151906
1#
#527170424
0#
#527188942
1#
#527207460
0#
#527225978
1#
#527244496
0#
#527263014
1#
#527281532
0#
#527300050
1#
#527318568
0#
#527337086
1#
#527355604
0#
#527374122
1#
#527392640
0#
#527411158
1#
#527429676
0#
#527448194
1#
#527466712
0#
#527485230
1#
#527503748
0#
#527522266
1#
#527540784
0#
#527559302
1#
#527577820
0#
#527596338
1#
#527614856
0#
#527633374
1#
#527651892
0#
#527670410
1#
#527688928
0#
#527707446
1#
#527725964
0#
#527744482
1#
#527763000
0#
#527781518
1#
#527800036
0#
#527818554
1#
#527837072
0#
#527855590
1#
#527874108
0#
#527892626
1#
#527911144
0#
#527929662
1#
#527948180
0#
#527966698
1#
#527985216
0#
#528003734
1#
#528022252
0#
#528040770
1#
#528059288
0#
#528077806
1#
#528096324
0#
#528114842
1#
#528133360
0#
#528151878
1#
#528170396
0#
#528188914
1#
#528207432
0#
#528225950
1#
#528244468
0#
#528262986
1#
#528281504
0#
#528300022
1#
#528318540
0#
#528337058
1#
#528355576
0#
#528374094
1#
#528392612
0#
#528411130
1#
#528429648
0#
#528448166
1#
#528466684
0#
#528485202
1#
#528503720
0#
#528522238
1#
#528540756
0#
#528559274
1#
#528577792
0#
#528596310
1#
#528614828
0#
#528633346
1#
#528651864
0#
#528670382
1#
#528688900
0#
#528707418
1#
#528725936
0#
#528744454
1#
#528762972
0#
#528781490
1#
#528800008
0#
#528818526
1#
#528837044
0#
#528855562
1#
#528874080
0#
#528892598
1#
#528911116
0#
#528929634
1#
#528948152
0#
#528966670
1#
#528985188
0#
#529003706
1#
#529022224
0#
#529040742
1#
#529059260
0#
#529077778
1#
#529096296
0#
#529114814
1#
#529133332
0#
#529151850
1#
#529170368
0#
#529188886
1#
#529207404
0#
#529225922
1#
#529244440
0#
#529262958
1#
#529281476
0#
#529299994
1#
#529318512
0#
#529337030
1#
#529355548
0#
#529374066
1#
#529392584
0#
#529411102
1#
#529429620
0#
#529448138
1#
#529466656
0#
#529485174
1#
#529503692
0#
#529522210
1#
#529540728
0#
#529559246
1#
#529577764
0#
#529596282
1#
#529614800
0#
#529633318
1#
#529651836
0#
#529670354
1#
#529688872
0#
#529707390
1#
#529725908
0#
#529744426
1#
#529762944
0#
#529781462
1#
#529799980
0#
#529818498
1#
#529837016
0#
#529855534
1#
#529874052
0#
#529892570
1#
#529911088
0#
#529929606
1#
#529948124
0#
#529966642
1#
#529985160
0#
#530003678
1#
#530022196
0#
#530040714
1#
#530059232
0#
#530077750
1#
#530096268
0#
#530114786
1#
#530133304
0#
#530151822
1#
#530170340
0#
#530188858
1#
#530207376
0#
#530225894
1#
#530244412
0#
#530262930
1#
#530281448
0#
#530299966
1#
#530318484
0#
#530337002
1#
#530355520
0#
#530374038
1#
#530392556
0#
#530411074
1#
#530429592
0#
#530448110
1#
#530466628
0#
#530485146
1#
#530503664
0#
#530522182
1#
#530540700
0#
#530559218
1#
#530577736
0#
#530596254
1#
#530614772
0#
#530633290
1#
#530651808
0#
#530670326
1#
#530688844
0#
#530707362
1#
#530725880
0#
#530744398
1#
#530762916
0#
#530781434
1#
#530799952
0#
#530818470
1#
#530836988
0#
#530855506
1#
#530874024
0#
#530892542
1#
#530911060
0#
#530929578
1#
#530948096
0#
#530966614
1#
#530985132
0#
#531003650
1#
#531022168
0#
#531040686
1#
#531059204
0#
#531077722
1#
#531096240
0#
#531114758
1#
#531133276
0#
#531151794
1#
#531170312
0#
#531188830
1#
#531207348
0#
#531225866
1#
#531244384
0#
#531262902
1#
#531281420
0#
#531299938
1#
#531318456
0#
#531336974
1#
#531355492
0#
#531374010
1#
#531392528
0#
#531411046
1#
#531429564
0#
#531448082
1#
#531466600
0#
#531485118
1#
#531503636
0#
#531522154
1#
#531540672
0#
#531559190
1#
#531577708
0#
#531596226
1#
#531614744
0#
#531633262
1#
#531651780
0#
#531670298
1#
#531688816
0#
#531707334
1#
#531725852
0#
#531744370
1#
#531762888
0#
#531781406
1#
#531799924
0#
#531818442
1#
#531836960
0#
#531855478
1#
#531873996
0#
#531892514
1#
#531911032
0#
#531929550
1#
#531948068
0#
#531966586
1#
#531985104
0#
#532003622
1#
#532022140
0#
#532040658
1#
#532059176
0#
#532077694
1#
#532096212
0#
#532114730
1#
#532133248
0#
#532151766
1#
#532170284
0#
#532188802
1#
#532207320
0#
#532225838
1#
#532244356
0#
#532262874
1#
#532281392
0#
#532299910
1#
#532318428
0#
#532336946
1#
#532355464
0#
#532373982
1#
#532392500
0#
#532411018
1#
#532429536
0#
#532448054
1#
#532466572
0#
#532485090
1#
#532503608
0#
#532522126
1#
#532540644
0#
#532559162
1#
#532577680
0#
#532596198
1#
#532614716
0#
#532633234
1#
#532651752
0#
#532670270
1#
#532688788
0#
#532707306
1#
#532725824
0#
#532744342
1#
#532762860
0#
#532781378
1#
#532799896
0#
#532818414
1#
#532836932
0#
#532855450
1#
#532873968
0#
#532892486
1#
#532911004
0#
#532929522
1#
#532948040
0#
#532966558
1#
#532985076
0#
#533003594
1#
#533022112
0#
#533040630
1#
#533059148
0#
#533077666
1#
#533096184
0#
#533114702
1#
#533133220
0#
#533151738
1#
#533170256
0#
#533188774
1#
#533207292
0#
#533225810
1#
#533244328
0#
#533262846
1#
#533281364
0#
#533299882
1#
#533318400
0#
#533336918
1#
#533355436
0#
#533373954
1#
#533392472
0#
#533410990
1#
#533429508
0#
#533448026
1#
#533466544
0#
#533485062
1#
#533503580
0#
#533522098
1#
#533540616
0#
#533559134
1#
#533577652
0#
#533596170
1#
#533614688
0#
#533633206
1#
#533651724
0#
#533670242
1#
#533688760
0#
#533707278
1#
#533725796
0#
#533744314
1#
#533762832
0#
#533781350
1#
#533799868
0#
#533818386
1#
#533836904
0#
#533855422
1#
#533873940
0#
#533892458
1#
#533910976
0#
#533929494
1#
#533948012
0#
#533966530
1#
#533985048
0#
#534003566
1#
#534022084
0#
#534040602
1#
#534059120
0#
#534077638
1#
#534096156
0#
#534114674
1#
#534133192
0#
#534151710
1#
#534170228
0#
#534188746
1#
#534207264
0#
#534225782
1#
#534244300
0#
#534262818
1#
#534281336
0#
#534299854
1#
#534318372
0#
#534336890
1#
#534355408
0#
#534373926
1#
#534392444
0#
#534410962
1#
#534429480
0#
#534447998
1#
#534466516
0#
#534485034
1#
#534503552
0#
#534522070
1#
#534540588
0#
#534559106
1#
#534577624
0#
#534596142
1#
#534614660
0#
#534633178
1#
#534651696
0#
#534670214
1#
#534688732
0#
#534707250
1#
#534725768
0#
#534744286
1#
#534762804
0#
#534781322
1#
#534799840
0#
#534818358
1#
#534836876
0#
#534855394
1#
#534873912
0#
#534892430
1#
#534910948
0#
#534929466
1#
#534947984
0#
#534966502
1#
#534985020
0#
#535003538
1#
#535022056
0#
#535040574
1#
#535059092
0#
#535077610
1#
#535096128
0#
#535114646
1#
#535133164
0#
#535151682
1#
#535170200
0#
#535188718
1#
#535207236
0#
#535225754
1#
#535244272
0#
#535262790
1#
#535281308
0#
#535299826
1#
#535318344
0#
#535336862
1#
#535355380
0#
#535373898
1#
#535392416
0#
#535410934
1#
#535429452
0#
#535447970
1#
#535466488
0#
#535485006
1#
#535503524
0#
#535522042
1#
#535540560
0#
#535559078
1#
#535577596
0#
#535596114
1#
#535614632
0#
#535633150
1#
#535651668
0#
#535670186
1#
#535688704
0#
#535707222
1#
#535725740
0#
#535744258
1#
#535762776
0#
#535781294
1#
#535799812
0#
#535818330
1#
#535836848
0#
#535855366
1#
#535873884
0#
#535892402
1#
#535910920
0#
#535929438
1#
#535947956
0#
#535966474
1#
#535984992
0#
#536003510
1#
#536022028
0#
#536040546
1#
#536059064
0#
#536077582
1#
#536096100
0#
#536114618
1#
#536133136
0#
#536151654
1#
#536170172
0#
#536188690
1#
#536207208
0#
#536225726
1#
#536244244
0#
#536262762
1#
#536281280
0#
#536299798
1#
#536318316
0#
#536336834
1#
#536355352
0#
#536373870
1#
#536392388
0#
#536410906
1#
#536429424
0#
#536447942
1#
#536466460
0#
#536484978
1#
#536503496
0#
#536522014
1#
#536540532
0#
#536559050
1#
#536577568
0#
#536596086
1#
#536614604
0#
#536633122
1#
#536651640
0#
#536670158
1#
#536688676
0#
#536707194
1#
#536725712
0#
#536744230
1#
#536762748
0#
#536781266
1#
#536799784
0#
#536818302
1#
#536836820
0#
#536855338
1#
#536873856
0#
#536892374
1#
#536910892
0#
#536929410
1#
#536947928
0#
#536966446
1#
#536984964
0#
#537003482
1#
#537022000
0#
#537040518
1#
#537059036
0#
#537077554
1#
#537096072
0#
#537114590
1#
#537133108
0#
#537151626
1#
#537170144
0#
#537188662
1#
#537207180
0#
#537225698
1#
#537244216
0#
#537262734
1#
#537281252
0#
#537299770
1#
#537318288
0#
#537336806
1#
#537355324
0#
#537373842
1#
#537392360
0#
#537410878
1#
#537429396
0#
#537447914
1#
#537466432
0#
#537484950
1#
#537503468
0#
#537521986
1#
#537540504
0#
#537559022
1#
#537577540
0#
#537596058
1#
#537614576
0#
#537633094
1#
#537651612
0#
#537670130
1#
#537688648
0#
#537707166
1#
#537725684
0#
#537744202
1#
#537762720
0#
#537781238
1#
#537799756
0#
#537818274
1#
#537836792
0#
#537855310
1#
#537873828
0#
#537892346
1#
#537910864
0#
#537929382
1#
#537947900
0#
#537966418
1#
#537984936
0#
#538003454
1#
#538021972
0#
#538040490
1#
#538059008
0#
#538077526
1#
#538096044
0#
#538114562
1#
#538133080
0#
#538151598
1#
#538170116
0#
#538188634
1#
#538207152
0#
#538225670
1#
#538244188
0#
#538262706
1#
#538281224
0#
#538299742
1#
#538318260
0#
#538336778
1#
#538355296
0#
#538373814
1#
#538392332
0#
#538410850
1#
#538429368
0#
#538447886
1#
#538466404
0#
#538484922
1#
#538503440
0#
#538521958
1#
#538540476
0#
#538558994
1#
#538577512
0#
#538596030
1#
#538614548
0#
#538633066
1#
#538651584
0#
#538670102
1#
#538688620
0#
#538707138
1#
#538725656
0#
#538744174
1#
#538762692
0#
#538781210
1#
#538799728
0#
#538818246
1#
#538836764
0#
#538855282
1#
#538873800
0#
#538892318
1#
#538910836
0#
#538929354
1#
#538947872
0#
#538966390
1#
#538984908
0#
#539003426
1#
#539021944
0#
#539040462
1#
#539058980
0#
#539077498
1#
#539096016
0#
#539114534
1#
#539133052
0#
#539151570
1#
#539170088
0#
#539188606
1#
#539207124
0#
#539225642
1#
#539244160
0#
#539262678
1#
#539281196
0#
#539299714
1#
#539318232
0#
#539336750
1#
#539355268
0#
#539373786
1#
#539392304
0#
#539410822
1#
#539429340
0#
#539447858
1#
#539466376
0#
#539484894
1#
#539503412
0#
#539521930
1#
#539540448
0#
#539558966
1#
#539577484
0#
#539596002
1#
#539614520
0#
#539633038
1#
#539651556
0#
#539670074
1#
#539688592
0#
#539707110
1#
#539725628
0#
#539744146
1#
#539762664
0#
#539781182
1#
#539799700
0#
#539818218
1#
#539836736
0#
#539855254
1#
#539873772
0#
#539892290
1#
#539910808
0#
#539929326
1#
#539947844
0#
#539966362
1#
#539984880
0#
#540003398
1#
#540021916
0#
#540040434
1#
#540058952
0#
#540077470
1#
#540095988
0#
#540114506
1#
#540133024
0#
#540151542
1#
#540170060
0#
#540188578
1#
#540207096
0#
#540225614
1#
#540244132
0#
#540262650
1#
#540281168
0#
#540299686
1#
#540318204
0#
#540336722
1#
#540355240
0#
#540373758
1#
#540392276
0#
#540410794
1#
#540429312
0#
#540447830
1#
#540466348
0#
#540484866
1#
#540503384
0#
#540521902
1#
#540540420
0#
#540558938
1#
#540577456
0#
#540595974
1#
#540614492
0#
#540633010
1#
#540651528
0#
#540670046
1#
#540688564
0#
#540707082
1#
#540725600
0#
#540744118
1#
#540762636
0#
#540781154
1#
#540799672
0#
#540818190
1#
#540836708
0#
#540855226
1#
#540873744
0#
#540892262
1#
#540910780
0#
#540929298
1#
#540947816
0#
#540966334
1#
#540984852
0#
#541003370
1#
#541021888
0#
#541040406
1#
#541058924
0#
#541077442
1#
#541095960
0#
#541114478
1#
#541132996
0#
#541151514
1#
#541170032
0#
#541188550
1#
#541207068
0#
#541225586
1#
#541244104
0#
#541262622
1#
#541281140
0#
#541299658
1#
#541318176
0#
#541336694
1#
#541355212
0#
#541373730
1#
#541392248
0#
#541410766
1#
#541429284
0#
#541447802
1#
#541466320
0#
#541484838
1#
#541503356
0#
#541521874
1#
#541540392
0#
#541558910
1#
#541577428
0#
#541595946
1#
#541614464
0#
#541632982
1#
#541651500
0#
#541670018
1#
#541688536
0#
#541707054
1#
#541725572
0#
#541744090
1#
#541762608
0#
#541781126
1#
#541799644
0#
#541818162
1#
#541836680
0#
#541855198
1#
#541873716
0#
#541892234
1#
#541910752
0#
#541929270
1#
#541947788
0#
#541966306
1#
#541984824
0#
#542003342
1#
#542021860
0#
#542040378
1#
#542058896
0#
#542077414
1#
#542095932
0#
#542114450
1#
#542132968
0#
#542151486
1#
#542170004
0#
#542188522
1#
#542207040
0#
#542225558
1#
#542244076
0#
#542262594
1#
#542281112
0#
#542299630
1#
#542318148
0#
#542336666
1#
#542355184
0#
#542373702
1#
#542392220
0#
#542410738
1#
#542429256
0#
#542447774
1#
#542466292
0#
#542484810
1#
#542503328
0#
#542521846
1#
#542540364
0#
#542558882
1#
#542577400
0#
#542595918
1#
#542614436
0#
#542632954
1#
#542651472
0#
#542669990
1#
#542688508
0#
#542707026
1#
#542725544
0#
#542744062
1#
#542762580
0#
#542781098
1#
#542799616
0#
#542818134
1#
#542836652
0#
#542855170
1#
#542873688
0#
#542892206
1#
#542910724
0#
#542929242
1#
#542947760
0#
#542966278
1#
#542984796
0#
#543003314
1#
#543021832
0#
#543040350
1#
#543058868
0#
#543077386
1#
#543095904
0#
#543114422
1#
#543132940
0#
#543151458
1#
#543169976
0#
#543188494
1#
#543207012
0#
#543225530
1#
#543244048
0#
#543262566
1#
#543281084
0#
#543299602
1#
#543318120
0#
#543336638
1#
#543355156
0#
#543373674
1#
#543392192
0#
#543410710
1#
#543429228
0#
#543447746
1#
#543466264
0#
#543484782
1#
#543503300
0#
#543521818
1#
#543540336
0#
#543558854
1#
#543577372
0#
#543595890
1#
#543614408
0#
#543632926
1#
#543651444
0#
#543669962
1#
#543688480
0#
#543706998
1#
#543725516
0#
#543744034
1#
#543762552
0#
#543781070
1#
#543799588
0#
#543818106
1#
#543836624
0#
#543855142
1#
#543873660
0#
#543892178
1#
#543910696
0#
#543929214
1#
#543947732
0#
#543966250
1#
#543984768
0#
#544003286
1#
#544021804
0#
#544040322
1#
#544058840
0#
#544077358
1#
#544095876
0#
#544114394
1#
#544132912
0#
#544151430
1#
#544169948
0#
#544188466
1#
#544206984
0#
#544225502
1#
#544244020
0#
#544262538
1#
#544281056
0#
#544299574
1#
#544318092
0#
#544336610
1#
#544355128
0#
#544373646
1#
#544392164
0#
#544410682
1#
#544429200
0#
#544447718
1#
#544466236
0#
#544484754
1#
#544503272
0#
#544521790
1#
#544540308
0#
#544558826
1#
#544577344
0#
#544595862
1#
#544614380
0#
#544632898
1#
#544651416
0#
#544669934
1#
#544688452
0#
#544706970
1#
#544725488
0#
#544744006
1#
#544762524
0#
#544781042
1#
#544799560
0#
#544818078
1#
#544836596
0#
#544855114
1#
#544873632
0#
#544892150
1#
#544910668
0#
#544929186
1#
#544947704
0#
#544966222
1#
#544984740
0#
#545003258
1#
#545021776
0#
#545040294
1#
#545058812
0#
#545077330
1#
#545095848
0#
#545114366
1#
#545132884
0#
#545151402
1#
#545169920
0#
#545188438
1#
#545206956
0#
#545225474
1#
#545243992
0#
#545262510
1#
#545281028
0#
#545299546
1#
#545318064
0#
#545336582
1#
#545355100
0#
#545373618
1#
#545392136
0#
#545410654
1#
#545429172
0#
#545447690
1#
#545466208
0#
#545484726
1#
#545503244
0#
#545521762
1#
#545540280
0#
#545558798
1#
#545577316
0#
#545595834
1#
#545614352
0#
#545632870
1#
#545651388
0#
#545669906
1#
#545688424
0#
#545706942
1#
#545725460
0#
#545743978
1#
#545762496
0#
#545781014
1#
#545799532
0#
#545818050
1#
#545836568
0#
#545855086
1#
#545873604
0#
#545892122
1#
#545910640
0#
#545929158
1#
#545947676
0#
#545966194
1#
#545984712
0#
#546003230
1#
#546021748
0#
#546040266
1#
#546058784
0#
#546077302
1#
#546095820
0#
#546114338
1#
#546132856
0#
#546151374
1#
#546169892
0#
#546188410
1#
#546206928
0#
#546225446
1#
#546243964
0#
#546262482
1#
#546281000
0#
#546299518
1#
#546318036
0#
#546336554
1#
#546355072
0#
#546373590
1#
#546392108
0#
#546410626
1#
#546429144
0#
#546447662
1#
#546466180
0#
#546484698
1#
#546503216
0#
#546521734
1#
#546540252
0#
#546558770
1#
#546577288
0#
#546595806
1#
#546614324
0#
#546632842
1#
#546651360
0#
#546669878
1#
#546688396
0#
#546706914
1#
#546725432
0#
#546743950
1#
#546762468
0#
#546780986
1#
#546799504
0#
#546818022
1#
#546836540
0#
#546855058
1#
#546873576
0#
#546892094
1#
#546910612
0#
#546929130
1#
#546947648
0#
#546966166
1#
#546984684
0#
#547003202
1#
#547021720
0#
#547040238
1#
#547058756
0#
#547077274
1#
#547095792
0#
#547114310
1#
#547132828
0#
#547151346
1#
#547169864
0#
#547188382
1#
#547206900
0#
#547225418
1#
#547243936
0#
#547262454
1#
#547280972
0#
#547299490
1#
#547318008
0#
#547336526
1#
#547355044
0#
#547373562
1#
#547392080
0#
#547410598
1#
#547429116
0#
#547447634
1#
#547466152
0#
#547484670
1#
#547503188
0#
#547521706
1#
#547540224
0#
#547558742
1#
#547577260
0#
#547595778
1#
#547614296
0#
#547632814
1#
#547651332
0#
#547669850
1#
#547688368
0#
#547706886
1#
#547725404
0#
#547743922
1#
#547762440
0#
#547780958
1#
#547799476
0#
#547817994
1#
#547836512
0#
#547855030
1#
#547873548
0#
#547892066
1#
#547910584
0#
#547929102
1#
#547947620
0#
#547966138
1#
#547984656
0#
#548003174
1#
#548021692
0#
#548040210
1#
#548058728
0#
#548077246
1#
#548095764
0#
#548114282
1#
#548132800
0#
#548151318
1#
#548169836
0#
#548188354
1#
#548206872
0#
#548225390
1#
#548243908
0#
#548262426
1#
#548280944
0#
#548299462
1#
#548317980
0#
#548336498
1#
#548355016
0#
#548373534
1#
#548392052
0#
#548410570
1#
#548429088
0#
#548447606
1#
#548466124
0#
#548484642
1#
#548503160
0#
#548521678
1#
#548540196
0#
#548558714
1#
#548577232
0#
#548595750
1#
#548614268
0#
#548632786
1#
#548651304
0#
#548669822
1#
#548688340
0#
#548706858
1#
#548725376
0#
#548743894
1#
#548762412
0#
#548780930
1#
#548799448
0#
#548817966
1#
#548836484
0#
#548855002
1#
#548873520
0#
#548892038
1#
#548910556
0#
#548929074
1#
#548947592
0#
#548966110
1#
#548984628
0#
#549003146
1#
#549021664
0#
#549040182
1#
#549058700
0#
#549077218
1#
#549095736
0#
#549114254
1#
#549132772
0#
#549151290
1#
#549169808
0#
#549188326
1#
#549206844
0#
#549225362
1#
#549243880
0#
#549262398
1#
#549280916
0#
#549299434
1#
#549317952
0#
#549336470
1#
#549354988
0#
#549373506
1#
#549392024
0#
#549410542
1#
#549429060
0#
#549447578
1#
#549466096
0#
#549484614
1#
#549503132
0#
#549521650
1#
#549540168
0#
#549558686
1#
#549577204
0#
#549595722
1#
#549614240
0#
#549632758
1#
#549651276
0#
#549669794
1#
#549688312
0#
#549706830
1#
#549725348
0#
#549743866
1#
#549762384
0#
#549780902
1#
#549799420
0#
#549817938
1#
#549836456
0#
#549854974
1#
#549873492
0#
#549892010
1#
#549910528
0#
#549929046
1#
#549947564
0#
#549966082
1#
#549984600
0#
#550003118
1#
#550021636
0#
#550040154
1#
#550058672
0#
#550077190
1#
#550095708
0#
#550114226
1#
#550132744
0#
#550151262
1#
#550169780
0#
#550188298
1#
#550206816
0#
#550225334
1#
#550243852
0#
#550262370
1#
#550280888
0#
#550299406
1#
#550317924
0#
#550336442
1#
#550354960
0#
#550373478
1#
#550391996
0#
#550410514
1#
#550429032
0#
#550447550
1#
#550466068
0#
#550484586
1#
#550503104
0#
#550521622
1#
#550540140
0#
#550558658
1#
#550577176
0#
#550595694
1#
#550614212
0#
#550632730
1#
#550651248
0#
#550669766
1#
#550688284
0#
#550706802
1#
#550725320
0#
#550743838
1#
#550762356
0#
#550780874
1#
#550799392
0#
#550817910
1#
#550836428
0#
#550854946
1#
#550873464
0#
#550891982
1#
#550910500
0#
#550929018
1#
#550947536
0#
#550966054
1#
#550984572
0#
#551003090
1#
#551021608
0#
#551040126
1#
#551058644
0#
#551077162
1#
#551095680
0#
#551114198
1#
#551132716
0#
#551151234
1#
#551169752
0#
#551188270
1#
#551206788
0#
#551225306
1#
#551243824
0#
#551262342
1#
#551280860
0#
#551299378
1#
#551317896
0#
#551336414
1#
#551354932
0#
#551373450
1#
#551391968
0#
#551410486
1#
#551429004
0#
#551447522
1#
#551466040
0#
#551484558
1#
#551503076
0#
#551521594
1#
#551540112
0#
#551558630
1#
#551577148
0#
#551595666
1#
#551614184
0#
#551632702
1#
#551651220
0#
#551669738
1#
#551688256
0#
#551706774
1#
#551725292
0#
#551743810
1#
#551762328
0#
#551780846
1#
#551799364
0#
#551817882
1#
#551836400
0#
#551854918
1#
#551873436
0#
#551891954
1#
#551910472
0#
#551928990
1#
#551947508
0#
#551966026
1#
#551984544
0#
#552003062
1#
#552021580
0#
#552040098
1#
#552058616
0#
#552077134
1#
#552095652
0#
#552114170
1#
#552132688
0#
#552151206
1#
#552169724
0#
#552188242
1#
#552206760
0#
#552225278
1#
#552243796
0#
#552262314
1#
#552280832
0#
#552299350
1#
#552317868
0#
#552336386
1#
#552354904
0#
#552373422
1#
#552391940
0#
#552410458
1#
#552428976
0#
#552447494
1#
#552466012
0#
#552484530
1#
#552503048
0#
#552521566
1#
#552540084
0#
#552558602
1#
#552577120
0#
#552595638
1#
#552614156
0#
#552632674
1#
#552651192
0#
#552669710
1#
#552688228
0#
#552706746
1#
#552725264
0#
#552743782
1#
#552762300
0#
#552780818
1#
#552799336
0#
#552817854
1#
#552836372
0#
#552854890
1#
#552873408
0#
#552891926
1#
#552910444
0#
#552928962
1#
#552947480
0#
#552965998
1#
#552984516
0#
#553003034
1#
#553021552
0#
#553040070
1#
#553058588
0#
#553077106
1#
#553095624
0#
#553114142
1#
#553132660
0#
#553151178
1#
#553169696
0#
#553188214
1#
#553206732
0#
#553225250
1#
#553243768
0#
#553262286
1#
#553280804
0#
#553299322
1#
#553317840
0#
#553336358
1#
#553354876
0#
#553373394
1#
#553391912
0#
#553410430
1#
#553428948
0#
#553447466
1#
#553465984
0#
#553484502
1#
#553503020
0#
#553521538
1#
#553540056
0#
#553558574
1#
#553577092
0#
#553595610
1#
#553614128
0#
#553632646
1#
#553651164
0#
#553669682
1#
#553688200
0#
#553706718
1#
#553725236
0#
#553743754
1#
#553762272
0#
#553780790
1#
#553799308
0#
#553817826
1#
#553836344
0#
#553854862
1#
#553873380
0#
#553891898
1#
#553910416
0#
#553928934
1#
#553947452
0#
#553965970
1#
#553984488
0#
#554003006
1#
#554021524
0#
#554040042
1#
#554058560
0#
#554077078
1#
#554095596
0#
#554114114
1#
#554132632
0#
#554151150
1#
#554169668
0#
#554188186
1#
#554206704
0#
#554225222
1#
#554243740
0#
#554262258
1#
#554280776
0#
#554299294
1#
#554317812
0#
#554336330
1#
#554354848
0#
#554373366
1#
#554391884
0#
#554410402
1#
#554428920
0#
#554447438
1#
#554465956
0#
#554484474
1#
#554502992
0#
#554521510
1#
#554540028
0#
#554558546
1#
#554577064
0#
#554595582
1#
#554614100
0#
#554632618
1#
#554651136
0#
#554669654
1#
#554688172
0#
#554706690
1#
#554725208
0#
#554743726
1#
#554762244
0#
#554780762
1#
#554799280
0#
#554817798
1#
#554836316
0#
#554854834
1#
#554873352
0#
#554891870
1#
#554910388
0#
#554928906
1#
#554947424
0#
#554965942
1#
#554984460
0#
#555002978
1#
#555021496
0#
#555040014
1#
#555058532
0#
#555077050
1#
#555095568
0#
#555114086
1#
#555132604
0#
#555151122
1#
#555169640
0#
#555188158
1#
#555206676
0#
#555225194
1#
#555243712
0#
#555262230
1#
#555280748
0#
#555299266
1#
#555317784
0#
#555336302
1#
#555354820
0#
#555373338
1#
#555391856
0#
#555410374
1#
#555428892
0#
#555447410
1#
#555465928
0#
#555484446
1#
#555502964
0#
#555521482
1#
#555540000
0#
#555558518
1#
#555577036
0#
#555595554
1#
#555614072
0#
#555632590
1#
#555651108
0#
#555669626
1#
#555688144
0#
#555706662
1#
#555725180
0#
#555743698
1#
#555762216
0#
#555780734
1#
#555799252
0#
#555817770
1#
#555836288
0#
#555854806
1#
#555873324
0#
#555891842
1#
#555910360
0#
#555928878
1#
#555947396
0#
#555965914
1#
#555984432
0#
#556002950
1#
#556021468
0#
#556039986
1#
#556058504
0#
#556077022
1#
#556095540
0#
#556114058
1#
#556132576
0#
#556151094
1#
#556169612
0#
#556188130
1#
#556206648
0#
#556225166
1#
#556243684
0#
#556262202
1#
#556280720
0#
#556299238
1#
#556317756
0#
#556336274
1#
#556354792
0#
#556373310
1#
#556391828
0#
#556410346
1#
#556428864
0#
#556447382
1#
#556465900
0#
#556484418
1#
#556502936
0#
#556521454
1#
#556539972
0#
#556558490
1#
#556577008
0#
#556595526
1#
#556614044
0#
#556632562
1#
#556651080
0#
#556669598
1#
#556688116
0#
#556706634
1#
#556725152
0#
#556743670
1#
#556762188
0#
#556780706
1#
#556799224
0#
#556817742
1#
#556836260
0#
#556854778
1#
#556873296
0#
#556891814
1#
#556910332
0#
#556928850
1#
#556947368
0#
#556965886
1#
#556984404
0#
#557002922
1#
#557021440
0#
#557039958
1#
#557058476
0#
#557076994
1#
#557095512
0#
#557114030
1#
#557132548
0#
#557151066
1#
#557169584
0#
#557188102
1#
#557206620
0#
#557225138
1#
#557243656
0#
#557262174
1#
#557280692
0#
#557299210
1#
#557317728
0#
#557336246
1#
#557354764
0#
#557373282
1#
#557391800
0#
#557410318
1#
#557428836
0#
#557447354
1#
#557465872
0#
#557484390
1#
#557502908
0#
#557521426
1#
#557539944
0#
#557558462
1#
#557576980
0#
#557595498
1#
#557614016
0#
#557632534
1#
#557651052
0#
#557669570
1#
#557688088
0#
#557706606
1#
#557725124
0#
#557743642
1#
#557762160
0#
#557780678
1#
#557799196
0#
#557817714
1#
#557836232
0#
#557854750
1#
#557873268
0#
#557891786
1#
#557910304
0#
#557928822
1#
#557947340
0#
#557965858
1#
#557984376
0#
#558002894
1#
#558021412
0#
#558039930
1#
#558058448
0#
#558076966
1#
#558095484
0#
#558114002
1#
#558132520
0#
#558151038
1#
#558169556
0#
#558188074
1#
#558206592
0#
#558225110
1#
#558243628
0#
#558262146
1#
#558280664
0#
#558299182
1#
#558317700
0#
#558336218
1#
#558354736
0#
#558373254
1#
#558391772
0#
#558410290
1#
#558428808
0#
#558447326
1#
#558465844
0#
#558484362
1#
#558502880
0#
#558521398
1#
#558539916
0#
#558558434
1#
#558576952
0#
#558595470
1#
#558613988
0#
#558632506
1#
#558651024
0#
#558669542
1#
#558688060
0#
#558706578
1#
#558725096
0#
#558743614
1#
#558762132
0#
#558780650
1#
#558799168
0#
#558817686
1#
#558836204
0#
#558854722
1#
#558873240
0#
#558891758
1#
#558910276
0#
#558928794
1#
#558947312
0#
#558965830
1#
#558984348
0#
#559002866
1#
#559021384
0#
#559039902
1#
#559058420
0#
#559076938
1#
#559095456
0#
#559113974
1#
#559132492
0#
#559151010
1#
#559169528
0#
#559188046
1#
#559206564
0#
#559225082
1#
#559243600
0#
#559262118
1#
#559280636
0#
#559299154
1#
#559317672
0#
#559336190
1#
#559354708
0#
#559373226
1#
#559391744
0#
#559410262
1#
#559428780
0#
#559447298
1#
#559465816
0#
#559484334
1#
#559502852
0#
#559521370
1#
#559539888
0#
#559558406
1#
#559576924
0#
#559595442
1#
#559613960
0#
#559632478
1#
#559650996
0#
#559669514
1#
#559688032
0#
#559706550
1#
#559725068
0#
#559743586
1#
#559762104
0#
#559780622
1#
#559799140
0#
#559817658
1#
#559836176
0#
#559854694
1#
#559873212
0#
#559891730
1#
#559910248
0#
#559928766
1#
#559947284
0#
#559965802
1#
#559984320
0#
#560002838
1#
#560021356
0#
#560039874
1#
#560058392
0#
#560076910
1#
#560095428
0#
#560113946
1#
#560132464
0#
#560150982
1#
#560169500
0#
#560188018
1#
#560206536
0#
#560225054
1#
#560243572
0#
#560262090
1#
#560280608
0#
#560299126
1#
#560317644
0#
#560336162
1#
#560354680
0#
#560373198
1#
#560391716
0#
#560410234
1#
#560428752
0#
#560447270
1#
#560465788
0#
#560484306
1#
#560502824
0#
#560521342
1#
#560539860
0#
#560558378
1#
#560576896
0#
#560595414
1#
#560613932
0#
#560632450
1#
#560650968
0#
#560669486
1#
#560688004
0#
#560706522
1#
#560725040
0#
#560743558
1#
#560762076
0#
#560780594
1#
#560799112
0#
#560817630
1#
#560836148
0#
#560854666
1#
#560873184
0#
#560891702
1#
#560910220
0#
#560928738
1#
#560947256
0#
#560965774
1#
#560984292
0#
#561002810
1#
#561021328
0#
#561039846
1#
#561058364
0#
#561076882
1#
#561095400
0#
#561113918
1#
#561132436
0#
#561150954
1#
#561169472
0#
#561187990
1#
#561206508
0#
#561225026
1#
#561243544
0#
#561262062
1#
#561280580
0#
#561299098
1#
#561317616
0#
#561336134
1#
#561354652
0#
#561373170
1#
#561391688
0#
#561410206
1#
#561428724
0#
#561447242
1#
#561465760
0#
#561484278
1#
#561502796
0#
#561521314
1#
#561539832
0#
#561558350
1#
#561576868
0#
#561595386
1#
#561613904
0#
#561632422
1#
#561650940
0#
#561669458
1#
#561687976
0#
#561706494
1#
#561725012
0#
#561743530
1#
#561762048
0#
#561780566
1#
#561799084
0#
#561817602
1#
#561836120
0#
#561854638
1#
#561873156
0#
#561891674
1#
#561910192
0#
#561928710
1#
#561947228
0#
#561965746
1#
#561984264
0#
#562002782
1#
#562021300
0#
#562039818
1#
#562058336
0#
#562076854
1#
#562095372
0#
#562113890
1#
#562132408
0#
#562150926
1#
#562169444
0#
#562187962
1#
#562206480
0#
#562224998
1#
#562243516
0#
#562262034
1#
#562280552
0#
#562299070
1#
#562317588
0#
#562336106
1#
#562354624
0#
#562373142
1#
#562391660
0#
#562410178
1#
#562428696
0#
#562447214
1#
#562465732
0#
#562484250
1#
#562502768
0#
#562521286
1#
#562539804
0#
#562558322
1#
#562576840
0#
#562595358
1#
#562613876
0#
#562632394
1#
#562650912
0#
#562669430
1#
#562687948
0#
#562706466
1#
#562724984
0#
#562743502
1#
#562762020
0#
#562780538
1#
#562799056
0#
#562817574
1#
#562836092
0#
#562854610
1#
#562873128
0#
#562891646
1#
#562910164
0#
#562928682
1#
#562947200
0#
#562965718
1#
#562984236
0#
#563002754
1#
#563021272
0#
#563039790
1#
#563058308
0#
#563076826
1#
#563095344
0#
#563113862
1#
#563132380
0#
#563150898
1#
#563169416
0#
#563187934
1#
#563206452
0#
#563224970
1#
#563243488
0#
#563262006
1#
#563280524
0#
#563299042
1#
#563317560
0#
#563336078
1#
#563354596
0#
#563373114
1#
#563391632
0#
#563410150
1#
#563428668
0#
#563447186
1#
#563465704
0#
#563484222
1#
#563502740
0#
#563521258
1#
#563539776
0#
#563558294
1#
#563576812
0#
#563595330
1#
#563613848
0#
#563632366
1#
#563650884
0#
#563669402
1#
#563687920
0#
#563706438
1#
#563724956
0#
#563743474
1#
#563761992
0#
#563780510
1#
#563799028
0#
#563817546
1#
#563836064
0#
#563854582
1#
#563873100
0#
#563891618
1#
#563910136
0#
#563928654
1#
#563947172
0#
#563965690
1#
#563984208
0#
#564002726
1#
#564021244
0#
#564039762
1#
#564058280
0#
#564076798
1#
#564095316
0#
#564113834
1#
#564132352
0#
#564150870
1#
#564169388
0#
#564187906
1#
#564206424
0#
#564224942
1#
#564243460
0#
#564261978
1#
#564280496
0#
#564299014
1#
#564317532
0#
#564336050
1#
#564354568
0#
#564373086
1#
#564391604
0#
#564410122
1#
#564428640
0#
#564447158
1#
#564465676
0#
#564484194
1#
#564502712
0#
#564521230
1#
#564539748
0#
#564558266
1#
#564576784
0#
#564595302
1#
#564613820
0#
#564632338
1#
#564650856
0#
#564669374
1#
#564687892
0#
#564706410
1#
#564724928
0#
#564743446
1#
#564761964
0#
#564780482
1#
#564799000
0#
#564817518
1#
#564836036
0#
#564854554
1#
#564873072
0#
#564891590
1#
#564910108
0#
#564928626
1#
#564947144
0#
#564965662
1#
#564984180
0#
#565002698
1#
#565021216
0#
#565039734
1#
#565058252
0#
#565076770
1#
#565095288
0#
#565113806
1#
#565132324
0#
#565150842
1#
#565169360
0#
#565187878
1#
#565206396
0#
#565224914
1#
#565243432
0#
#565261950
1#
#565280468
0#
#565298986
1#
#565317504
0#
#565336022
1#
#565354540
0#
#565373058
1#
#565391576
0#
#565410094
1#
#565428612
0#
#565447130
1#
#565465648
0#
#565484166
1#
#565502684
0#
#565521202
1#
#565539720
0#
#565558238
1#
#565576756
0#
#565595274
1#
#565613792
0#
#565632310
1#
#565650828
0#
#565669346
1#
#565687864
0#
#565706382
1#
#565724900
0#
#565743418
1#
#565761936
0#
#565780454
1#
#565798972
0#
#565817490
1#
#565836008
0#
#565854526
1#
#565873044
0#
#565891562
1#
#565910080
0#
#565928598
1#
#565947116
0#
#565965634
1#
#565984152
0#
#566002670
1#
#566021188
0#
#566039706
1#
#566058224
0#
#566076742
1#
#566095260
0#
#566113778
1#
#566132296
0#
#566150814
1#
#566169332
0#
#566187850
1#
#566206368
0#
#566224886
1#
#566243404
0#
#566261922
1#
#566280440
0#
#566298958
1#
#566317476
0#
#566335994
1#
#566354512
0#
#566373030
1#
#566391548
0#
#566410066
1#
#566428584
0#
#566447102
1#
#566465620
0#
#566484138
1#
#566502656
0#
#566521174
1#
#566539692
0#
#566558210
1#
#566576728
0#
#566595246
1#
#566613764
0#
#566632282
1#
#566650800
0#
#566669318
1#
#566687836
0#
#566706354
1#
#566724872
0#
#566743390
1#
#566761908
0#
#566780426
1#
#566798944
0#
#566817462
1#
#566835980
0#
#566854498
1#
#566873016
0#
#566891534
1#
#566910052
0#
#566928570
1#
#566947088
0#
#566965606
1#
#566984124
0#
#567002642
1#
#567021160
0#
#567039678
1#
#567058196
0#
#567076714
1#
#567095232
0#
#567113750
1#
#567132268
0#
#567150786
1#
#567169304
0#
#567187822
1#
#567206340
0#
#567224858
1#
#567243376
0#
#567261894
1#
#567280412
0#
#567298930
1#
#567317448
0#
#567335966
1#
#567354484
0#
#567373002
1#
#567391520
0#
#567410038
1#
#567428556
0#
#567447074
1#
#567465592
0#
#567484110
1#
#567502628
0#
#567521146
1#
#567539664
0#
#567558182
1#
#567576700
0#
#567595218
1#
#567613736
0#
#567632254
1#
#567650772
0#
#567669290
1#
#567687808
0#
#567706326
1#
#567724844
0#
#567743362
1#
#567761880
0#
#567780398
1#
#567798916
0#
#567817434
1#
#567835952
0#
#567854470
1#
#567872988
0#
#567891506
1#
#567910024
0#
#567928542
1#
#567947060
0#
#567965578
1#
#567984096
0#
#568002614
1#
#568021132
0#
#568039650
1#
#568058168
0#
#568076686
1#
#568095204
0#
#568113722
1#
#568132240
0#
#568150758
1#
#568169276
0#
#568187794
1#
#568206312
0#
#568224830
1#
#568243348
0#
#568261866
1#
#568280384
0#
#568298902
1#
#568317420
0#
#568335938
1#
#568354456
0#
#568372974
1#
#568391492
0#
#568410010
1#
#568428528
0#
#568447046
1#
#568465564
0#
#568484082
1#
#568502600
0#
#568521118
1#
#568539636
0#
#568558154
1#
#568576672
0#
#568595190
1#
#568613708
0#
#568632226
1#
#568650744
0#
#568669262
1#
#568687780
0#
#568706298
1#
#568724816
0#
#568743334
1#
#568761852
0#
#568780370
1#
#568798888
0#
#568817406
1#
#568835924
0#
#568854442
1#
#568872960
0#
#568891478
1#
#568909996
0#
#568928514
1#
#568947032
0#
#568965550
1#
#568984068
0#
#569002586
1#
#569021104
0#
#569039622
1#
#569058140
0#
#569076658
1#
#569095176
0#
#569113694
1#
#569132212
0#
#569150730
1#
#569169248
0#
#569187766
1#
#569206284
0#
#569224802
1#
#569243320
0#
#569261838
1#
#569280356
0#
#569298874
1#
#569317392
0#
#569335910
1#
#569354428
0#
#569372946
1#
#569391464
0#
#569409982
1#
#569428500
0#
#569447018
1#
#569465536
0#
#569484054
1#
#569502572
0#
#569521090
1#
#569539608
0#
#569558126
1#
#569576644
0#
#569595162
1#
#569613680
0#
#569632198
1#
#569650716
0#
#569669234
1#
#569687752
0#
#569706270
1#
#569724788
0#
#569743306
1#
#569761824
0#
#569780342
1#
#569798860
0#
#569817378
1#
#569835896
0#
#569854414
1#
#569872932
0#
#569891450
1#
#569909968
0#
#569928486
1#
#569947004
0#
#569965522
1#
#569984040
0#
#570002558
1#
#570021076
0#
#570039594
1#
#570058112
0#
#570076630
1#
#570095148
0#
#570113666
1#
#570132184
0#
#570150702
1#
#570169220
0#
#570187738
1#
#570206256
0#
#570224774
1#
#570243292
0#
#570261810
1#
#570280328
0#
#570298846
1#
#570317364
0#
#570335882
1#
#570354400
0#
#570372918
1#
#570391436
0#
#570409954
1#
#570428472
0#
#570446990
1#
#570465508
0#
#570484026
1#
#570502544
0#
#570521062
1#
#570539580
0#
#570558098
1#
#570576616
0#
#570595134
1#
#570613652
0#
#570632170
1#
#570650688
0#
#570669206
1#
#570687724
0#
#570706242
1#
#570724760
0#
#570743278
1#
#570761796
0#
#570780314
1#
#570798832
0#
#570817350
1#
#570835868
0#
#570854386
1#
#570872904
0#
#570891422
1#
#570909940
0#
#570928458
1#
#570946976
0#
#570965494
1#
#570984012
0#
#571002530
1#
#571021048
0#
#571039566
1#
#571058084
0#
#571076602
1#
#571095120
0#
#571113638
1#
#571132156
0#
#571150674
1#
#571169192
0#
#571187710
1#
#571206228
0#
#571224746
1#
#571243264
0#
#571261782
1#
#571280300
0#
#571298818
1#
#571317336
0#
#571335854
1#
#571354372
0#
#571372890
1#
#571391408
0#
#571409926
1#
#571428444
0#
#571446962
1#
#571465480
0#
#571483998
1#
#571502516
0#
#571521034
1#
#571539552
0#
#571558070
1#
#571576588
0#
#571595106
1#
#571613624
0#
#571632142
1#
#571650660
0#
#571669178
1#
#571687696
0#
#571706214
1#
#571724732
0#
#571743250
1#
#571761768
0#
#571780286
1#
#571798804
0#
#571817322
1#
#571835840
0#
#571854358
1#
#571872876
0#
#571891394
1#
#571909912
0#
#571928430
1#
#571946948
0#
#571965466
1#
#571983984
0#
#572002502
1#
#572021020
0#
#572039538
1#
#572058056
0#
#572076574
1#
#572095092
0#
#572113610
1#
#572132128
0#
#572150646
1#
#572169164
0#
#572187682
1#
#572206200
0#
#572224718
1#
#572243236
0#
#572261754
1#
#572280272
0#
#572298790
1#
#572317308
0#
#572335826
1#
#572354344
0#
#572372862
1#
#572391380
0#
#572409898
1#
#572428416
0#
#572446934
1#
#572465452
0#
#572483970
1#
#572502488
0#
#572521006
1#
#572539524
0#
#572558042
1#
#572576560
0#
#572595078
1#
#572613596
0#
#572632114
1#
#572650632
0#
#572669150
1#
#572687668
0#
#572706186
1#
#572724704
0#
#572743222
1#
#572761740
0#
#572780258
1#
#572798776
0#
#572817294
1#
#572835812
0#
#572854330
1#
#572872848
0#
#572891366
1#
#572909884
0#
#572928402
1#
#572946920
0#
#572965438
1#
#572983956
0#
#573002474
1#
#573020992
0#
#573039510
1#
#573058028
0#
#573076546
1#
#573095064
0#
#573113582
1#
#573132100
0#
#573150618
1#
#573169136
0#
#573187654
1#
#573206172
0#
#573224690
1#
#573243208
0#
#573261726
1#
#573280244
0#
#573298762
1#
#573317280
0#
#573335798
1#
#573354316
0#
#573372834
1#
#573391352
0#
#573409870
1#
#573428388
0#
#573446906
1#
#573465424
0#
#573483942
1#
#573502460
0#
#573520978
1#
#573539496
0#
#573558014
1#
#573576532
0#
#573595050
1#
#573613568
0#
#573632086
1#
#573650604
0#
#573669122
1#
#573687640
0#
#573706158
1#
#573724676
0#
#573743194
1#
#573761712
0#
#573780230
1#
#573798748
0#
#573817266
1#
#573835784
0#
#573854302
1#
#573872820
0#
#573891338
1#
#573909856
0#
#573928374
1#
#573946892
0#
#573965410
1#
#573983928
0#
#574002446
1#
#574020964
0#
#574039482
1#
#574058000
0#
#574076518
1#
#574095036
0#
#574113554
1#
#574132072
0#
#574150590
1#
#574169108
0#
#574187626
1#
#574206144
0#
#574224662
1#
#574243180
0#
#574261698
1#
#574280216
0#
#574298734
1#
#574317252
0#
#574335770
1#
#574354288
0#
#574372806
1#
#574391324
0#
#574409842
1#
#574428360
0#
#574446878
1#
#574465396
0#
#574483914
1#
#574502432
0#
#574520950
1#
#574539468
0#
#574557986
1#
#574576504
0#
#574595022
1#
#574613540
0#
#574632058
1#
#574650576
0#
#574669094
1#
#574687612
0#
#574706130
1#
#574724648
0#
#574743166
1#
#574761684
0#
#574780202
1#
#574798720
0#
#574817238
1#
#574835756
0#
#574854274
1#
#574872792
0#
#574891310
1#
#574909828
0#
#574928346
1#
#574946864
0#
#574965382
1#
#574983900
0#
#575002418
1#
#575020936
0#
#575039454
1#
#575057972
0#
#575076490
1#
#575095008
0#
#575113526
1#
#575132044
0#
#575150562
1#
#575169080
0#
#575187598
1#
#575206116
0#
#575224634
1#
#575243152
0#
#575261670
1#
#575280188
0#
#575298706
1#
#575317224
0#
#575335742
1#
#575354260
0#
#575372778
1#
#575391296
0#
#575409814
1#
#575428332
0#
#575446850
1#
#575465368
0#
#575483886
1#
#575502404
0#
#575520922
1#
#575539440
0#
#575557958
1#
#575576476
0#
#575594994
1#
#575613512
0#
#575632030
1#
#575650548
0#
#575669066
1#
#575687584
0#
#575706102
1#
#575724620
0#
#575743138
1#
#575761656
0#
#575780174
1#
#575798692
0#
#575817210
1#
#575835728
0#
#575854246
1#
#575872764
0#
#575891282
1#
#575909800
0#
#575928318
1#
#575946836
0#
#575965354
1#
#575983872
0#
#576002390
1#
#576020908
0#
#576039426
1#
#576057944
0#
#576076462
1#
#576094980
0#
#576113498
1#
#576132016
0#
#576150534
1#
#576169052
0#
#576187570
1#
#576206088
0#
#576224606
1#
#576243124
0#
#576261642
1#
#576280160
0#
#576298678
1#
#576317196
0#
#576335714
1#
#576354232
0#
#576372750
1#
#576391268
0#
#576409786
1#
#576428304
0#
#576446822
1#
#576465340
0#
#576483858
1#
#576502376
0#
#576520894
1#
#576539412
0#
#576557930
1#
#576576448
0#
#576594966
1#
#576613484
0#
#576632002
1#
#576650520
0#
#576669038
1#
#576687556
0#
#576706074
1#
#576724592
0#
#576743110
1#
#576761628
0#
#576780146
1#
#576798664
0#
#576817182
1#
#576835700
0#
#576854218
1#
#576872736
0#
#576891254
1#
#576909772
0#
#576928290
1#
#576946808
0#
#576965326
1#
#576983844
0#
#577002362
1#
#577020880
0#
#577039398
1#
#577057916
0#
#577076434
1#
#577094952
0#
#577113470
1#
#577131988
0#
#577150506
1#
#577169024
0#
#577187542
1#
#577206060
0#
#577224578
1#
#577243096
0#
#577261614
1#
#577280132
0#
#577298650
1#
#577317168
0#
#577335686
1#
#577354204
0#
#577372722
1#
#577391240
0#
#577409758
1#
#577428276
0#
#577446794
1#
#577465312
0#
#577483830
1#
#577502348
0#
#577520866
1#
#577539384
0#
#577557902
1#
#577576420
0#
#577594938
1#
#577613456
0#
#577631974
1#
#577650492
0#
#577669010
1#
#577687528
0#
#577706046
1#
#577724564
0#
#577743082
1#
#577761600
0#
#577780118
1#
#577798636
0#
#577817154
1#
#577835672
0#
#577854190
1#
#577872708
0#
#577891226
1#
#577909744
0#
#577928262
1#
#577946780
0#
#577965298
1#
#577983816
0#
#578002334
1#
#578020852
0#
#578039370
1#
#578057888
0#
#578076406
1#
#578094924
0#
#578113442
1#
#578131960
0#
#578150478
1#
#578168996
0#
#578187514
1#
#578206032
0#
#578224550
1#
#578243068
0#
#578261586
1#
#578280104
0#
#578298622
1#
#578317140
0#
#578335658
1#
#578354176
0#
#578372694
1#
#578391212
0#
#578409730
1#
#578428248
0#
#578446766
1#
#578465284
0#
#578483802
1#
#578502320
0#
#578520838
1#
#578539356
0#
#578557874
1#
#578576392
0#
#578594910
1#
#578613428
0#
#578631946
1#
#578650464
0#
#578668982
1#
#578687500
0#
#578706018
1#
#578724536
0#
#578743054
1#
#578761572
0#
#578780090
1#
#578798608
0#
#578817126
1#
#578835644
0#
#578854162
1#
#578872680
0#
#578891198
1#
#578909716
0#
#578928234
1#
#578946752
0#
#578965270
1#
#578983788
0#
#579002306
1#
#579020824
0#
#579039342
1#
#579057860
0#
#579076378
1#
#579094896
0#
#579113414
1#
#579131932
0#
#579150450
1#
#579168968
0#
#579187486
1#
#579206004
0#
#579224522
1#
#579243040
0#
#579261558
1#
#579280076
0#
#579298594
1#
#579317112
0#
#579335630
1#
#579354148
0#
#579372666
1#
#579391184
0#
#579409702
1#
#579428220
0#
#579446738
1#
#579465256
0#
#579483774
1#
#579502292
0#
#579520810
1#
#579539328
0#
#579557846
1#
#579576364
0#
#579594882
1#
#579613400
0#
#579631918
1#
#579650436
0#
#579668954
1#
#579687472
0#
#579705990
1#
#579724508
0#
#579743026
1#
#579761544
0#
#579780062
1#
#579798580
0#
#579817098
1#
#579835616
0#
#579854134
1#
#579872652
0#
#579891170
1#
#579909688
0#
#579928206
1#
#579946724
0#
#579965242
1#
#579983760
0#
#580002278
1#
#580020796
0#
#580039314
1#
#580057832
0#
#580076350
1#
#580094868
0#
#580113386
1#
#580131904
0#
#580150422
1#
#580168940
0#
#580187458
1#
#580205976
0#
#580224494
1#
#580243012
0#
#580261530
1#
#580280048
0#
#580298566
1#
#580317084
0#
#580335602
1#
#580354120
0#
#580372638
1#
#580391156
0#
#580409674
1#
#580428192
0#
#580446710
1#
#580465228
0#
#580483746
1#
#580502264
0#
#580520782
1#
#580539300
0#
#580557818
1#
#580576336
0#
#580594854
1#
#580613372
0#
#580631890
1#
#580650408
0#
#580668926
1#
#580687444
0#
#580705962
1#
#580724480
0#
#580742998
1#
#580761516
0#
#580780034
1#
#580798552
0#
#580817070
1#
#580835588
0#
#580854106
1#
#580872624
0#
#580891142
1#
#580909660
0#
#580928178
1#
#580946696
0#
#580965214
1#
#580983732
0#
#581002250
1#
#581020768
0#
#581039286
1#
#581057804
0#
#581076322
1#
#581094840
0#
#581113358
1#
#581131876
0#
#581150394
1#
#581168912
0#
#581187430
1#
#581205948
0#
#581224466
1#
#581242984
0#
#581261502
1#
#581280020
0#
#581298538
1#
#581317056
0#
#581335574
1#
#581354092
0#
#581372610
1#
#581391128
0#
#581409646
1#
#581428164
0#
#581446682
1#
#581465200
0#
#581483718
1#
#581502236
0#
#581520754
1#
#581539272
0#
#581557790
1#
#581576308
0#
#581594826
1#
#581613344
0#
#581631862
1#
#581650380
0#
#581668898
1#
#581687416
0#
#581705934
1#
#581724452
0#
#581742970
1#
#581761488
0#
#581780006
1#
#581798524
0#
#581817042
1#
#581835560
0#
#581854078
1#
#581872596
0#
#581891114
1#
#581909632
0#
#581928150
1#
#581946668
0#
#581965186
1#
#581983704
0#
#582002222
1#
#582020740
0#
#582039258
1#
#582057776
0#
#582076294
1#
#582094812
0#
#582113330
1#
#582131848
0#
#582150366
1#
#582168884
0#
#582187402
1#
#582205920
0#
#582224438
1#
#582242956
0#
#582261474
1#
#582279992
0#
#582298510
1#
#582317028
0#
#582335546
1#
#582354064
0#
#582372582
1#
#582391100
0#
#582409618
1#
#582428136
0#
#582446654
1#
#582465172
0#
#582483690
1#
#582502208
0#
#582520726
1#
#582539244
0#
#582557762
1#
#582576280
0#
#582594798
1#
#582613316
0#
#582631834
1#
#582650352
0#
#582668870
1#
#582687388
0#
#582705906
1#
#582724424
0#
#582742942
1#
#582761460
0#
#582779978
1#
#582798496
0#
#582817014
1#
#582835532
0#
#582854050
1#
#582872568
0#
#582891086
1#
#582909604
0#
#582928122
1#
#582946640
0#
#582965158
1#
#582983676
0#
#583002194
1#
#583020712
0#
#583039230
1#
#583057748
0#
#583076266
1#
#583094784
0#
#583113302
1#
#583131820
0#
#583150338
1#
#583168856
0#
#583187374
1#
#583205892
0#
#583224410
1#
#583242928
0#
#583261446
1#
#583279964
0#
#583298482
1#
#583317000
0#
#583335518
1#
#583354036
0#
#583372554
1#
#583391072
0#
#583409590
1#
#583428108
0#
#583446626
1#
#583465144
0#
#583483662
1#
#583502180
0#
#583520698
1#
#583539216
0#
#583557734
1#
#583576252
0#
#583594770
1#
#583613288
0#
#583631806
1#
#583650324
0#
#583668842
1#
#583687360
0#
#583705878
1#
#583724396
0#
#583742914
1#
#583761432
0#
#583779950
1#
#583798468
0#
#583816986
1#
#583835504
0#
#583854022
1#
#583872540
0#
#583891058
1#
#583909576
0#
#583928094
1#
#583946612
0#
#583965130
1#
#583983648
0#
#584002166
1#
#584020684
0#
#584039202
1#
#584057720
0#
#584076238
1#
#584094756
0#
#584113274
1#
#584131792
0#
#584150310
1#
#584168828
0#
#584187346
1#
#584205864
0#
#584224382
1#
#584242900
0#
#584261418
1#
#584279936
0#
#584298454
1#
#584316972
0#
#584335490
1#
#584354008
0#
#584372526
1#
#584391044
0#
#584409562
1#
#584428080
0#
#584446598
1#
#584465116
0#
#584483634
1#
#584502152
0#
#584520670
1#
#584539188
0#
#584557706
1#
#584576224
0#
#584594742
1#
#584613260
0#
#584631778
1#
#584650296
0#
#584668814
1#
#584687332
0#
#584705850
1#
#584724368
0#
#584742886
1#
#584761404
0#
#584779922
1#
#584798440
0#
#584816958
1#
#584835476
0#
#584853994
1#
#584872512
0#
#584891030
1#
#584909548
0#
#584928066
1#
#584946584
0#
#584965102
1#
#584983620
0#
#585002138
1#
#585020656
0#
#585039174
1#
#585057692
0#
#585076210
1#
#585094728
0#
#585113246
1#
#585131764
0#
#585150282
1#
#585168800
0#
#585187318
1#
#585205836
0#
#585224354
1#
#585242872
0#
#585261390
1#
#585279908
0#
#585298426
1#
#585316944
0#
#585335462
1#
#585353980
0#
#585372498
1#
#585391016
0#
#585409534
1#
#585428052
0#
#585446570
1#
#585465088
0#
#585483606
1#
#585502124
0#
#585520642
1#
#585539160
0#
#585557678
1#
#585576196
0#
#585594714
1#
#585613232
0#
#585631750
1#
#585650268
0#
#585668786
1#
#585687304
0#
#585705822
1#
#585724340
0#
#585742858
1#
#585761376
0#
#585779894
1#
#585798412
0#
#585816930
1#
#585835448
0#
#585853966
1#
#585872484
0#
#585891002
1#
#585909520
0#
#585928038
1#
#585946556
0#
#585965074
1#
#585983592
0#
#586002110
1#
#586020628
0#
#586039146
1#
#586057664
0#
#586076182
1#
#586094700
0#
#586113218
1#
#586131736
0#
#586150254
1#
#586168772
0#
#586187290
1#
#586205808
0#
#586224326
1#
#586242844
0#
#586261362
1#
#586279880
0#
#586298398
1#
#586316916
0#
#586335434
1#
#586353952
0#
#586372470
1#
#586390988
0#
#586409506
1#
#586428024
0#
#586446542
1#
#586465060
0#
#586483578
1#
#586502096
0#
#586520614
1#
#586539132
0#
#586557650
1#
#586576168
0#
#586594686
1#
#586613204
0#
#586631722
1#
#586650240
0#
#586668758
1#
#586687276
0#
#586705794
1#
#586724312
0#
#586742830
1#
#586761348
0#
#586779866
1#
#586798384
0#
#586816902
1#
#586835420
0#
#586853938
1#
#586872456
0#
#586890974
1#
#586909492
0#
#586928010
1#
#586946528
0#
#586965046
1#
#586983564
0#
#587002082
1#
#587020600
0#
#587039118
1#
#587057636
0#
#587076154
1#
#587094672
0#
#587113190
1#
#587131708
0#
#587150226
1#
#587168744
0#
#587187262
1#
#587205780
0#
#587224298
1#
#587242816
0#
#587261334
1#
#587279852
0#
#587298370
1#
#587316888
0#
#587335406
1#
#587353924
0#
#587372442
1#
#587390960
0#
#587409478
1#
#587427996
0#
#587446514
1#
#587465032
0#
#587483550
1#
#587502068
0#
#587520586
1#
#587539104
0#
#587557622
1#
#587576140
0#
#587594658
1#
#587613176
0#
#587631694
1#
#587650212
0#
#587668730
1#
#587687248
0#
#587705766
1#
#587724284
0#
#587742802
1#
#587761320
0#
#587779838
1#
#587798356
0#
#587816874
1#
#587835392
0#
#587853910
1#
#587872428
0#
#587890946
1#
#587909464
0#
#587927982
1#
#587946500
0#
#587965018
1#
#587983536
0#
#588002054
1#
#588020572
0#
#588039090
1#
#588057608
0#
#588076126
1#
#588094644
0#
#588113162
1#
#588131680
0#
#588150198
1#
#588168716
0#
#588187234
1#
#588205752
0#
#588224270
1#
#588242788
0#
#588261306
1#
#588279824
0#
#588298342
1#
#588316860
0#
#588335378
1#
#588353896
0#
#588372414
1#
#588390932
0#
#588409450
1#
#588427968
0#
#588446486
1#
#588465004
0#
#588483522
1#
#588502040
0#
#588520558
1#
#588539076
0#
#588557594
1#
#588576112
0#
#588594630
1#
#588613148
0#
#588631666
1#
#588650184
0#
#588668702
1#
#588687220
0#
#588705738
1#
#588724256
0#
#588742774
1#
#588761292
0#
#588779810
1#
#588798328
0#
#588816846
1#
#588835364
0#
#588853882
1#
#588872400
0#
#588890918
1#
#588909436
0#
#588927954
1#
#588946472
0#
#588964990
1#
#588983508
0#
#589002026
1#
#589020544
0#
#589039062
1#
#589057580
0#
#589076098
1#
#589094616
0#
#589113134
1#
#589131652
0#
#589150170
1#
#589168688
0#
#589187206
1#
#589205724
0#
#589224242
1#
#589242760
0#
#589261278
1#
#589279796
0#
#589298314
1#
#589316832
0#
#589335350
1#
#589353868
0#
#589372386
1#
#589390904
0#
#589409422
1#
#589427940
0#
#589446458
1#
#589464976
0#
#589483494
1#
#589502012
0#
#589520530
1#
#589539048
0#
#589557566
1#
#589576084
0#
#589594602
1#
#589613120
0#
#589631638
1#
#589650156
0#
#589668674
1#
#589687192
0#
#589705710
1#
#589724228
0#
#589742746
1#
#589761264
0#
#589779782
1#
#589798300
0#
#589816818
1#
#589835336
0#
#589853854
1#
#589872372
0#
#589890890
1#
#589909408
0#
#589927926
1#
#589946444
0#
#589964962
1#
#589983480
0#
#590001998
1#
#590020516
0#
#590039034
1#
#590057552
0#
#590076070
1#
#590094588
0#
#590113106
1#
#590131624
0#
#590150142
1#
#590168660
0#
#590187178
1#
#590205696
0#
#590224214
1#
#590242732
0#
#590261250
1#
#590279768
0#
#590298286
1#
#590316804
0#
#590335322
1#
#590353840
0#
#590372358
1#
#590390876
0#
#590409394
1#
#590427912
0#
#590446430
1#
#590464948
0#
#590483466
1#
#590501984
0#
#590520502
1#
#590539020
0#
#590557538
1#
#590576056
0#
#590594574
1#
#590613092
0#
#590631610
1#
#590650128
0#
#590668646
1#
#590687164
0#
#590705682
1#
#590724200
0#
#590742718
1#
#590761236
0#
#590779754
1#
#590798272
0#
#590816790
1#
#590835308
0#
#590853826
1#
#590872344
0#
#590890862
1#
#590909380
0#
#590927898
1#
#590946416
0#
#590964934
1#
#590983452
0#
#591001970
1#
#591020488
0#
#591039006
1#
#591057524
0#
#591076042
1#
#591094560
0#
#591113078
1#
#591131596
0#
#591150114
1#
#591168632
0#
#591187150
1#
#591205668
0#
#591224186
1#
#591242704
0#
#591261222
1#
#591279740
0#
#591298258
1#
#591316776
0#
#591335294
1#
#591353812
0#
#591372330
1#
#591390848
0#
#591409366
1#
#591427884
0#
#591446402
1#
#591464920
0#
#591483438
1#
#591501956
0#
#591520474
1#
#591538992
0#
#591557510
1#
#591576028
0#
#591594546
1#
#591613064
0#
#591631582
1#
#591650100
0#
#591668618
1#
#591687136
0#
#591705654
1#
#591724172
0#
#591742690
1#
#591761208
0#
#591779726
1#
#591798244
0#
#591816762
1#
#591835280
0#
#591853798
1#
#591872316
0#
#591890834
1#
#591909352
0#
#591927870
1#
#591946388
0#
#591964906
1#
#591983424
0#
#592001942
1#
#592020460
0#
#592038978
1#
#592057496
0#
#592076014
1#
#592094532
0#
#592113050
1#
#592131568
0#
#592150086
1#
#592168604
0#
#592187122
1#
#592205640
0#
#592224158
1#
#592242676
0#
#592261194
1#
#592279712
0#
#592298230
1#
#592316748
0#
#592335266
1#
#592353784
0#
#592372302
1#
#592390820
0#
#592409338
1#
#592427856
0#
#592446374
1#
#592464892
0#
#592483410
1#
#592501928
0#
#592520446
1#
#592538964
0#
#592557482
1#
#592576000
0#
#592594518
1#
#592613036
0#
#592631554
1#
#592650072
0#
#592668590
1#
#592687108
0#
#592705626
1#
#592724144
0#
#592742662
1#
#592761180
0#
#592779698
1#
#592798216
0#
#592816734
1#
#592835252
0#
#592853770
1#
#592872288
0#
#592890806
1#
#592909324
0#
#592927842
1#
#592946360
0#
#592964878
1#
#592983396
0#
#593001914
1#
#593020432
0#
#593038950
1#
#593057468
0#
#593075986
1#
#593094504
0#
#593113022
1#
#593131540
0#
#593150058
1#
#593168576
0#
#593187094
1#
#593205612
0#
#593224130
1#
#593242648
0#
#593261166
1#
#593279684
0#
#593298202
1#
#593316720
0#
#593335238
1#
#593353756
0#
#593372274
1#
#593390792
0#
#593409310
1#
#593427828
0#
#593446346
1#
#593464864
0#
#593483382
1#
#593501900
0#
#593520418
1#
#593538936
0#
#593557454
1#
#593575972
0#
#593594490
1#
#593600000
